10090.ENSMUSP00000143811,2.0
10090.ENSMUSP00000113971,1.0
10090.ENSMUSP00000102037,1.0
10090.ENSMUSP00000152100,1.0
10090.ENSMUSP00000020341,1.0
10090.ENSMUSP00000052908,1.0
10090.ENSMUSP00000099522,3.0
10090.ENSMUSP00000120110,3.0
10090.ENSMUSP00000153588,1.0
10090.ENSMUSP00000145762,1.0
10090.ENSMUSP00000066840,1.0
10090.ENSMUSP00000104685,1.0
10090.ENSMUSP00000139411,3.0
10090.ENSMUSP00000122388,1.0
10090.ENSMUSP00000113538,1.0
10090.ENSMUSP00000143193,1.0
10090.ENSMUSP00000056099,1.0
10090.ENSMUSP00000088957,2.0
10090.ENSMUSP00000061893,1.0
10090.ENSMUSP00000020002,3.0
10090.ENSMUSP00000120334,1.0
10090.ENSMUSP00000022722,1.0
10090.ENSMUSP00000072717,1.0
10090.ENSMUSP00000108524,2.0
10090.ENSMUSP00000046585,1.0
10090.ENSMUSP00000132135,54.0
10090.ENSMUSP00000134070,17.0
10090.ENSMUSP00000141354,1.0
10090.ENSMUSP00000000137,1.0
10090.ENSMUSP00000137503,7.0
10090.ENSMUSP00000026546,3.0
10090.ENSMUSP00000117162,3.0
10090.ENSMUSP00000103072,5.0
10090.ENSMUSP00000067953,2.0
10090.ENSMUSP00000130731,1.0
10090.ENSMUSP00000158149,2.0
10090.ENSMUSP00000120422,1.0
10090.ENSMUSP00000156743,3.0
10090.ENSMUSP00000128220,1.0
10090.ENSMUSP00000027727,1.0
10090.ENSMUSP00000127593,1.0
10090.ENSMUSP00000136572,2.0
10090.ENSMUSP00000032359,2.0
10090.ENSMUSP00000115250,1.0
10090.ENSMUSP00000059744,2.0
10090.ENSMUSP00000051479,1.0
10090.ENSMUSP00000025408,1.0
10090.ENSMUSP00000022189,1.0
10090.ENSMUSP00000042207,4.0
10090.ENSMUSP00000127477,4.0
10090.ENSMUSP00000033847,1.0
10090.ENSMUSP00000090632,13.0
10090.ENSMUSP00000112137,3.0
10090.ENSMUSP00000156365,1.0
10090.ENSMUSP00000125651,1.0
10090.ENSMUSP00000104795,3.0
10090.ENSMUSP00000134214,2.0
10090.ENSMUSP00000029663,1.0
10090.ENSMUSP00000041614,1.0
10090.ENSMUSP00000030455,7.0
10090.ENSMUSP00000031411,1.0
10090.ENSMUSP00000056276,2.0
10090.ENSMUSP00000146060,1.5
10090.ENSMUSP00000097770,1.0
10090.ENSMUSP00000119260,1.0
10090.ENSMUSP00000123711,1.0
10090.ENSMUSP00000144472,13.0
10090.ENSMUSP00000029662,1.0
10090.ENSMUSP00000026125,1.0
10090.ENSMUSP00000048898,1.0
10090.ENSMUSP00000052258,1.0
10090.ENSMUSP00000143745,1.0
10090.ENSMUSP00000031422,1.0
10090.ENSMUSP00000027947,1.0
10090.ENSMUSP00000116994,2.0
10090.ENSMUSP00000115293,1.0
10090.ENSMUSP00000099990,1.0
10090.ENSMUSP00000129931,1.0
10090.ENSMUSP00000142605,1.0
10090.ENSMUSP00000117855,20.0
10090.ENSMUSP00000109305,1.0
10090.ENSMUSP00000029266,11.0
10090.ENSMUSP00000104511,3.0
10090.ENSMUSP00000066035,4.0
10090.ENSMUSP00000107983,2.0
10090.ENSMUSP00000033734,1.0
10090.ENSMUSP00000003038,2.0
10090.ENSMUSP00000007216,12.0
10090.ENSMUSP00000146195,4.0
10090.ENSMUSP00000025357,1.0
10090.ENSMUSP00000075082,1.0
10090.ENSMUSP00000143355,1.0
10090.ENSMUSP00000151472,1.0
10090.ENSMUSP00000014290,4.0
10090.ENSMUSP00000142972,1.0
10090.ENSMUSP00000145358,1.0
10090.ENSMUSP00000145154,1.0
10090.ENSMUSP00000134558,2.0
10090.ENSMUSP00000154401,7.0
10090.ENSMUSP00000042875,1.0
10090.ENSMUSP00000148652,3.0
10090.ENSMUSP00000004774,1.0
10090.ENSMUSP00000079905,2.0
10090.ENSMUSP00000102622,3.0
10090.ENSMUSP00000155146,2.0
10090.ENSMUSP00000127281,3.0
10090.ENSMUSP00000116393,1.0
10090.ENSMUSP00000021550,1.0
10090.ENSMUSP00000066455,1.0
10090.ENSMUSP00000102050,1.0
10090.ENSMUSP00000098758,1.0
10090.ENSMUSP00000123145,1.0
10090.ENSMUSP00000059389,1.0
10090.ENSMUSP00000023487,4.0
10090.ENSMUSP00000063714,2.0
10090.ENSMUSP00000145103,1.0
10090.ENSMUSP00000113771,1.0
10090.ENSMUSP00000135612,1.0
10090.ENSMUSP00000046486,1.0
10090.ENSMUSP00000131950,1.0
10090.ENSMUSP00000131516,3.0
10090.ENSMUSP00000079246,1.0
10090.ENSMUSP00000057085,7.0
10090.ENSMUSP00000041756,1.0
10090.ENSMUSP00000146175,3.0
10090.ENSMUSP00000041503,1.0
10090.ENSMUSP00000027684,2.0
10090.ENSMUSP00000028536,1.0
10090.ENSMUSP00000029125,1.0
10090.ENSMUSP00000040568,1.0
10090.ENSMUSP00000031625,3.0
10090.ENSMUSP00000122340,14.0
10090.ENSMUSP00000006467,5.0
10090.ENSMUSP00000107342,12.0
10090.ENSMUSP00000145344,6.0
10090.ENSMUSP00000076933,3.0
10090.ENSMUSP00000088516,1.0
10090.ENSMUSP00000131987,2.0
10090.ENSMUSP00000125056,1.0
10090.ENSMUSP00000125455,1.0
10090.ENSMUSP00000157523,1.0
10090.ENSMUSP00000106047,1.0
10090.ENSMUSP00000134877,1.0
10090.ENSMUSP00000151729,1.0
10090.ENSMUSP00000106846,1.0
10090.ENSMUSP00000023769,1.0
10090.ENSMUSP00000141492,1.0
10090.ENSMUSP00000105234,5.0
10090.ENSMUSP00000046412,1.0
10090.ENSMUSP00000023343,3.0
10090.ENSMUSP00000044769,1.0
10090.ENSMUSP00000138731,3.0
10090.ENSMUSP00000154855,1.0
10090.ENSMUSP00000104485,5.0
10090.ENSMUSP00000039657,3.0
10090.ENSMUSP00000034983,3.0
10090.ENSMUSP00000136104,3.0
10090.ENSMUSP00000151970,8.0
10090.ENSMUSP00000120436,3.0
10090.ENSMUSP00000123100,1.0
10090.ENSMUSP00000101006,1.0
10090.ENSMUSP00000016396,3.0
10090.ENSMUSP00000143734,5.0
10090.ENSMUSP00000103312,8.0
10090.ENSMUSP00000140323,2.0
10090.ENSMUSP00000107627,2.0
10090.ENSMUSP00000137071,5.0
10090.ENSMUSP00000023608,5.0
10090.ENSMUSP00000125504,3.0
10090.ENSMUSP00000113882,1.0
10090.ENSMUSP00000047960,7.0
10090.ENSMUSP00000118216,0.5
10090.ENSMUSP00000019231,5.0
10090.ENSMUSP00000033313,1.0
10090.ENSMUSP00000039737,1.0
10090.ENSMUSP00000047682,7.0
10090.ENSMUSP00000013304,2.0
10090.ENSMUSP00000015719,3.0
10090.ENSMUSP00000006435,1.0
10090.ENSMUSP00000145437,2.0
10090.ENSMUSP00000048770,5.0
10090.ENSMUSP00000046444,1.0
10090.ENSMUSP00000142724,1.0
10090.ENSMUSP00000051645,1.0
10090.ENSMUSP00000124178,1.0
10090.ENSMUSP00000153613,1.0
10090.ENSMUSP00000099668,1.0
10090.ENSMUSP00000021913,1.0
10090.ENSMUSP00000124617,1.0
10090.ENSMUSP00000105957,1.0
10090.ENSMUSP00000099534,2.0
10090.ENSMUSP00000097972,1.0
10090.ENSMUSP00000113145,1.0
10090.ENSMUSP00000055271,1.0
10090.ENSMUSP00000155950,1.0
10090.ENSMUSP00000128351,1.0
10090.ENSMUSP00000026703,2.0
10090.ENSMUSP00000030125,1.0
10090.ENSMUSP00000025034,1.0
10090.ENSMUSP00000025762,1.0
10090.ENSMUSP00000053943,3.0
10090.ENSMUSP00000148265,4.0
10090.ENSMUSP00000133324,3.0
10090.ENSMUSP00000002825,1.0
10090.ENSMUSP00000066224,1.0
10090.ENSMUSP00000123652,7.0
10090.ENSMUSP00000040450,1.0
10090.ENSMUSP00000117249,1.0
10090.ENSMUSP00000002091,1.0
10090.ENSMUSP00000065612,4.0
10090.ENSMUSP00000113851,1.0
10090.ENSMUSP00000144538,1.0
10090.ENSMUSP00000029842,3.0
10090.ENSMUSP00000044877,1.0
10090.ENSMUSP00000032194,3.0
10090.ENSMUSP00000111337,1.0
10090.ENSMUSP00000138270,1.0
10090.ENSMUSP00000118278,1.0
10090.ENSMUSP00000146130,1.0
10090.ENSMUSP00000106744,1.0
10090.ENSMUSP00000101977,3.0
10090.ENSMUSP00000118348,1.0
10090.ENSMUSP00000122536,1.0
10090.ENSMUSP00000025193,2.0
10090.ENSMUSP00000034085,2.0
10090.ENSMUSP00000003876,1.0
10090.ENSMUSP00000122016,12.0
10090.ENSMUSP00000041644,5.0
10090.ENSMUSP00000101020,2.0
10090.ENSMUSP00000143382,1.0
10090.ENSMUSP00000026093,1.0
10090.ENSMUSP00000118093,6.0
10090.ENSMUSP00000151604,33.0
10090.ENSMUSP00000125738,1.0
10090.ENSMUSP00000051935,3.0
10090.ENSMUSP00000048836,2.0
10090.ENSMUSP00000040246,16.0
10090.ENSMUSP00000036747,4.0
10090.ENSMUSP00000048092,2.0
10090.ENSMUSP00000060003,3.0
10090.ENSMUSP00000105709,23.0
10090.ENSMUSP00000157025,6.0
10090.ENSMUSP00000134395,6.0
10090.ENSMUSP00000003912,12.0
10090.ENSMUSP00000133436,1.0
10090.ENSMUSP00000032409,1.0
10090.ENSMUSP00000037028,1.0
10090.ENSMUSP00000102008,2.0
10090.ENSMUSP00000154158,1.0
10090.ENSMUSP00000142751,3.0
10090.ENSMUSP00000021963,1.0
10090.ENSMUSP00000119067,1.0
10090.ENSMUSP00000020637,3.0
10090.ENSMUSP00000068260,4.0
10090.ENSMUSP00000109705,6.0
10090.ENSMUSP00000068895,2.0
10090.ENSMUSP00000103831,3.0
10090.ENSMUSP00000102381,2.0
10090.ENSMUSP00000015877,5.0
10090.ENSMUSP00000030518,9.0
10090.ENSMUSP00000047569,6.0
10090.ENSMUSP00000008537,2.0
10090.ENSMUSP00000150181,3.0
10090.ENSMUSP00000124402,1.0
10090.ENSMUSP00000140546,1.0
10090.ENSMUSP00000136016,2.0
10090.ENSMUSP00000065275,1.0
10090.ENSMUSP00000026148,2.0
10090.ENSMUSP00000151496,1.0
10090.ENSMUSP00000020049,1.0
10090.ENSMUSP00000129581,1.0
10090.ENSMUSP00000002683,1.0
10090.ENSMUSP00000049280,1.0
10090.ENSMUSP00000113457,1.0
10090.ENSMUSP00000000193,16.0
10090.ENSMUSP00000001008,1.0
10090.ENSMUSP00000019071,112.0
10090.ENSMUSP00000021011,18.0
10090.ENSMUSP00000019266,24.0
10090.ENSMUSP00000004936,30.0
10090.ENSMUSP00000031331,1.0
10090.ENSMUSP00000119229,3.0
10090.ENSMUSP00000126874,2.0
10090.ENSMUSP00000026911,5.0
10090.ENSMUSP00000049909,1.0
10090.ENSMUSP00000149719,4.0
10090.ENSMUSP00000153624,1.0
10090.ENSMUSP00000152005,1.0
10090.ENSMUSP00000126109,3.0
10090.ENSMUSP00000133523,2.0
10090.ENSMUSP00000022842,2.0
10090.ENSMUSP00000135830,1.0
10090.ENSMUSP00000132963,1.0
10090.ENSMUSP00000056669,12.0
10090.ENSMUSP00000148921,5.0
10090.ENSMUSP00000106823,18.0
10090.ENSMUSP00000155178,3.0
10090.ENSMUSP00000015499,1.0
10090.ENSMUSP00000000696,7.0
10090.ENSMUSP00000035781,4.0
10090.ENSMUSP00000151313,1.0
10090.ENSMUSP00000018918,2.0
10090.ENSMUSP00000115674,3.0
10090.ENSMUSP00000087047,1.0
10090.ENSMUSP00000064934,1.0
10090.ENSMUSP00000054634,12.0
10090.ENSMUSP00000059883,1.0
10090.ENSMUSP00000102227,2.0
10090.ENSMUSP00000120253,1.0
10090.ENSMUSP00000018337,1.0
10090.ENSMUSP00000152315,1.0
10090.ENSMUSP00000122973,3.0
10090.ENSMUSP00000142796,3.0
10090.ENSMUSP00000124323,1.0
10090.ENSMUSP00000115299,2.0
10090.ENSMUSP00000070527,1.0
10090.ENSMUSP00000112411,5.0
10090.ENSMUSP00000145056,1.0
10090.ENSMUSP00000121769,1.0
10090.ENSMUSP00000006760,1.0
10090.ENSMUSP00000140690,2.0
10090.ENSMUSP00000145590,2.0
10090.ENSMUSP00000145942,1.0
10090.ENSMUSP00000069850,5.0
10090.ENSMUSP00000148145,1.0
10090.ENSMUSP00000024885,1.0
10090.ENSMUSP00000150191,2.0
10090.ENSMUSP00000138297,1.0
10090.ENSMUSP00000122831,1.0
10090.ENSMUSP00000086938,1.0
10090.ENSMUSP00000031170,1.0
10090.ENSMUSP00000065949,1.0
10090.ENSMUSP00000119472,1.0
10090.ENSMUSP00000122672,2.0
10090.ENSMUSP00000153229,1.0
10090.ENSMUSP00000034249,1.0
10090.ENSMUSP00000034432,1.0
10090.ENSMUSP00000147514,14.0
10090.ENSMUSP00000109948,7.0
10090.ENSMUSP00000001156,3.0
10090.ENSMUSP00000065845,1.0
10090.ENSMUSP00000071202,1.0
10090.ENSMUSP00000091835,12.0
10090.ENSMUSP00000041380,1.0
10090.ENSMUSP00000133406,1.0
10090.ENSMUSP00000121192,2.0
10090.ENSMUSP00000108009,1.0
10090.ENSMUSP00000118711,2.0
10090.ENSMUSP00000053923,6.0
10090.ENSMUSP00000147285,1.0
10090.ENSMUSP00000148218,2.0
10090.ENSMUSP00000004965,2.0
10090.ENSMUSP00000145223,2.0
10090.ENSMUSP00000036206,3.0
10090.ENSMUSP00000117678,1.0
10090.ENSMUSP00000014221,1.0
10090.ENSMUSP00000045349,1.0
10090.ENSMUSP00000135029,1.0
10090.ENSMUSP00000026217,1.0
10090.ENSMUSP00000003759,1.0
10090.ENSMUSP00000145961,3.0
10090.ENSMUSP00000029815,2.0
10090.ENSMUSP00000038405,1.0
10090.ENSMUSP00000138037,1.0
10090.ENSMUSP00000000619,1.0
10090.ENSMUSP00000124455,2.0
10090.ENSMUSP00000062441,2.0
10090.ENSMUSP00000032240,10.0
10090.ENSMUSP00000032239,16.0
10090.ENSMUSP00000113733,2.0
10090.ENSMUSP00000007257,4.0
10090.ENSMUSP00000041453,1.0
10090.ENSMUSP00000104883,3.0
10090.ENSMUSP00000068241,1.0
10090.ENSMUSP00000137815,1.0
10090.ENSMUSP00000121618,2.0
10090.ENSMUSP00000051293,1.0
10090.ENSMUSP00000022102,1.0
10090.ENSMUSP00000103478,4.0
10090.ENSMUSP00000099475,2.0
10090.ENSMUSP00000090593,1.0
10090.ENSMUSP00000144875,1.0
10090.ENSMUSP00000092795,2.0
10090.ENSMUSP00000115784,2.0
10090.ENSMUSP00000115414,1.0
10090.ENSMUSP00000148338,1.0
10090.ENSMUSP00000032138,2.0
10090.ENSMUSP00000128696,1.0
10090.ENSMUSP00000092839,1.0
10090.ENSMUSP00000020624,4.0
10090.ENSMUSP00000140289,1.0
10090.ENSMUSP00000017332,2.0
10090.ENSMUSP00000102929,1.0
10090.ENSMUSP00000001547,1.0
10090.ENSMUSP00000139894,1.0
10090.ENSMUSP00000123532,1.0
10090.ENSMUSP00000047923,3.0
10090.ENSMUSP00000143790,1.0
10090.ENSMUSP00000142031,1.0
10090.ENSMUSP00000130416,1.0
10090.ENSMUSP00000121979,1.0
10090.ENSMUSP00000108623,3.0
10090.ENSMUSP00000155674,1.0
10090.ENSMUSP00000048001,1.0
10090.ENSMUSP00000146797,1.0
10090.ENSMUSP00000084899,1.0
10090.ENSMUSP00000117931,4.0
10090.ENSMUSP00000129457,2.0
10090.ENSMUSP00000034285,11.0
10090.ENSMUSP00000034276,7.0
10090.ENSMUSP00000000090,5.0
10090.ENSMUSP00000141554,7.0
10090.ENSMUSP00000047661,2.0
10090.ENSMUSP00000075150,2.0
10090.ENSMUSP00000121106,3.0
10090.ENSMUSP00000034881,3.0
10090.ENSMUSP00000131584,1.0
10090.ENSMUSP00000033582,2.0
10090.ENSMUSP00000119276,2.0
10090.ENSMUSP00000157524,4.0
10090.ENSMUSP00000023761,1.0
10090.ENSMUSP00000054086,1.0
10090.ENSMUSP00000062046,1.0
10090.ENSMUSP00000125857,1.0
10090.ENSMUSP00000116753,2.0
10090.ENSMUSP00000105163,1.0
10090.ENSMUSP00000029885,1.0
10090.ENSMUSP00000069243,1.0
10090.ENSMUSP00000141250,2.0
10090.ENSMUSP00000059102,1.0
10090.ENSMUSP00000142803,44.0
10090.ENSMUSP00000024959,1.0
10090.ENSMUSP00000104063,1.0
10090.ENSMUSP00000142982,1.0
10090.ENSMUSP00000060028,1.0
10090.ENSMUSP00000139194,3.0
10090.ENSMUSP00000020017,1.0
10090.ENSMUSP00000005826,1.0
10090.ENSMUSP00000157861,2.0
10090.ENSMUSP00000075423,3.0
10090.ENSMUSP00000155092,2.0
10090.ENSMUSP00000150240,1.0
10090.ENSMUSP00000128871,3.0
10090.ENSMUSP00000116853,1.0
10090.ENSMUSP00000134673,1.0
10090.ENSMUSP00000028938,9.0
10090.ENSMUSP00000005185,14.0
10090.ENSMUSP00000127448,2.0
10090.ENSMUSP00000142380,2.0
10090.ENSMUSP00000027367,1.0
10090.ENSMUSP00000120132,3.0
10090.ENSMUSP00000141166,1.0
10090.ENSMUSP00000006103,1.0
10090.ENSMUSP00000107921,1.0
10090.ENSMUSP00000005749,1.0
10090.ENSMUSP00000099382,2.0
10090.ENSMUSP00000006235,15.0
10090.ENSMUSP00000032779,4.0
10090.ENSMUSP00000063904,8.0
10090.ENSMUSP00000034915,1.0
10090.ENSMUSP00000152357,14.0
10090.ENSMUSP00000015667,10.0
10090.ENSMUSP00000016400,6.0
10090.ENSMUSP00000112113,1.0
10090.ENSMUSP00000122702,3.0
10090.ENSMUSP00000131891,1.0
10090.ENSMUSP00000158255,1.0
10090.ENSMUSP00000144334,179.0
10090.ENSMUSP00000031326,59.0
10090.ENSMUSP00000120153,2.0
10090.ENSMUSP00000025444,1.0
10090.ENSMUSP00000034400,1.0
10090.ENSMUSP00000017604,24.0
10090.ENSMUSP00000128963,9.0
10090.ENSMUSP00000023210,1.0
10090.ENSMUSP00000124523,4.0
10090.ENSMUSP00000032629,4.0
10090.ENSMUSP00000134739,1.0
10090.ENSMUSP00000115138,1.0
10090.ENSMUSP00000017276,3.0
10090.ENSMUSP00000155122,2.0
10090.ENSMUSP00000028175,2.0
10090.ENSMUSP00000051034,1.0
10090.ENSMUSP00000019506,5.0
10090.ENSMUSP00000156628,1.0
10090.ENSMUSP00000119148,1.0
10090.ENSMUSP00000077166,2.0
10090.ENSMUSP00000022781,2.0
10090.ENSMUSP00000066866,1.0
10090.ENSMUSP00000101001,1.0
10090.ENSMUSP00000000356,2.0
10090.ENSMUSP00000108267,4.0
10090.ENSMUSP00000105471,1.0
10090.ENSMUSP00000143696,1.0
10090.ENSMUSP00000141751,1.0
10090.ENSMUSP00000030145,1.0
10090.ENSMUSP00000026479,1.0
10090.ENSMUSP00000150564,1.0
10090.ENSMUSP00000026144,1.0
10090.ENSMUSP00000025649,2.0
10090.ENSMUSP00000030538,2.0
10090.ENSMUSP00000000804,5.0
10090.ENSMUSP00000021062,15.0
10090.ENSMUSP00000149620,1.0
10090.ENSMUSP00000047898,1.0
10090.ENSMUSP00000070682,3.0
10090.ENSMUSP00000021046,1.0
10090.ENSMUSP00000133245,1.0
10090.ENSMUSP00000120265,1.0
10090.ENSMUSP00000115527,1.0
10090.ENSMUSP00000037915,1.0
10090.ENSMUSP00000123367,1.0
10090.ENSMUSP00000145264,1.0
10090.ENSMUSP00000136401,1.0
10090.ENSMUSP00000077733,1.0
10090.ENSMUSP00000081200,1.0
10090.ENSMUSP00000037251,1.0
10090.ENSMUSP00000139806,1.0
10090.ENSMUSP00000111294,8.0
10090.ENSMUSP00000119689,1.0
10090.ENSMUSP00000106481,1.0
10090.ENSMUSP00000135156,1.0
10090.ENSMUSP00000152664,2.0
10090.ENSMUSP00000060362,1.0
10090.ENSMUSP00000118294,1.0
10090.ENSMUSP00000034138,4.0
10090.ENSMUSP00000029669,1.0
10090.ENSMUSP00000156315,2.0
10090.ENSMUSP00000116244,1.0
10090.ENSMUSP00000110846,1.0
10090.ENSMUSP00000157797,2.0
10090.ENSMUSP00000116120,1.0
10090.ENSMUSP00000092242,1.0
10090.ENSMUSP00000154390,1.0
10090.ENSMUSP00000109827,2.0
10090.ENSMUSP00000117198,3.0
10090.ENSMUSP00000134243,1.0
10090.ENSMUSP00000098916,2.0
10090.ENSMUSP00000139567,1.0
10090.ENSMUSP00000033419,3.0
10090.ENSMUSP00000022698,2.0
10090.ENSMUSP00000119478,1.0
10090.ENSMUSP00000150465,1.0
10090.ENSMUSP00000113877,0.5
10090.ENSMUSP00000120583,1.0
10090.ENSMUSP00000022629,1.0
10090.ENSMUSP00000123685,1.0
10090.ENSMUSP00000018568,1.0
10090.ENSMUSP00000149947,1.0
10090.ENSMUSP00000152855,2.0
10090.ENSMUSP00000113781,1.0
10090.ENSMUSP00000157446,6.0
10090.ENSMUSP00000003612,4.0
10090.ENSMUSP00000105624,1.0
10090.ENSMUSP00000152283,1.0
10090.ENSMUSP00000107768,2.0
10090.ENSMUSP00000045480,1.0
10090.ENSMUSP00000009157,2.0
10090.ENSMUSP00000120344,1.0
10090.ENSMUSP00000004281,1.0
10090.ENSMUSP00000152782,2.0
10090.ENSMUSP00000065555,1.0
10090.ENSMUSP00000003274,1.0
10090.ENSMUSP00000115524,2.0
10090.ENSMUSP00000015236,4.0
10090.ENSMUSP00000042457,29.0
10090.ENSMUSP00000116492,2.0
10090.ENSMUSP00000023235,6.0
10090.ENSMUSP00000093955,7.0
10090.ENSMUSP00000046101,7.0
10090.ENSMUSP00000078966,1.0
10090.ENSMUSP00000144036,19.0
10090.ENSMUSP00000129413,1.0
10090.ENSMUSP00000041538,27.0
10090.ENSMUSP00000084387,2.0
10090.ENSMUSP00000149825,1.0
10090.ENSMUSP00000143826,1.0
10090.ENSMUSP00000071214,1.0
10090.ENSMUSP00000128257,3.0
10090.ENSMUSP00000025955,3.0
10090.ENSMUSP00000146083,2.0
10090.ENSMUSP00000155152,1.0
10090.ENSMUSP00000022960,2.0
10090.ENSMUSP00000033342,5.0
10090.ENSMUSP00000004206,1.0
10090.ENSMUSP00000022925,1.0
10090.ENSMUSP00000028668,1.0
10090.ENSMUSP00000147087,3.0
10090.ENSMUSP00000127034,7.0
10090.ENSMUSP00000140809,1.0
10090.ENSMUSP00000101860,2.0
10090.ENSMUSP00000127774,1.0
10090.ENSMUSP00000029803,1.0
10090.ENSMUSP00000108858,1.0
10090.ENSMUSP00000033880,4.0
10090.ENSMUSP00000020288,1.0
10090.ENSMUSP00000124551,9.0
10090.ENSMUSP00000081232,1.0
10090.ENSMUSP00000143910,1.0
10090.ENSMUSP00000152531,3.0
10090.ENSMUSP00000104251,6.0
10090.ENSMUSP00000027252,2.0
10090.ENSMUSP00000115715,4.0
10090.ENSMUSP00000122324,2.0
10090.ENSMUSP00000015138,1.0
10090.ENSMUSP00000030427,1.0
10090.ENSMUSP00000066210,2.0
10090.ENSMUSP00000139675,2.0
10090.ENSMUSP00000099734,1.0
10090.ENSMUSP00000104236,1.0
10090.ENSMUSP00000022962,1.0
10090.ENSMUSP00000068610,1.0
10090.ENSMUSP00000116293,1.0
10090.ENSMUSP00000094158,1.0
10090.ENSMUSP00000004379,1.0
10090.ENSMUSP00000156676,1.0
10090.ENSMUSP00000138789,18.0
10090.ENSMUSP00000132519,19.0
10090.ENSMUSP00000120059,6.0
10090.ENSMUSP00000107850,1.0
10090.ENSMUSP00000151233,2.0
10090.ENSMUSP00000122594,2.0
10090.ENSMUSP00000145059,3.0
10090.ENSMUSP00000022222,1.0
10090.ENSMUSP00000118553,1.0
10090.ENSMUSP00000027214,1.0
10090.ENSMUSP00000151676,3.0
10090.ENSMUSP00000033927,2.0
10090.ENSMUSP00000126271,1.0
10090.ENSMUSP00000001059,1.0
10090.ENSMUSP00000152393,1.0
10090.ENSMUSP00000030028,1.0
10090.ENSMUSP00000134932,4.0
10090.ENSMUSP00000036523,1.0
10090.ENSMUSP00000151519,1.0
10090.ENSMUSP00000025218,1.0
10090.ENSMUSP00000076433,1.0
10090.ENSMUSP00000156757,4.0
10090.ENSMUSP00000107594,4.0
10090.ENSMUSP00000137045,1.0
10090.ENSMUSP00000073034,4.0
10090.ENSMUSP00000152217,1.0
10090.ENSMUSP00000124512,1.0
10090.ENSMUSP00000074756,1.0
10090.ENSMUSP00000063734,1.0
10090.ENSMUSP00000033821,2.0
10090.ENSMUSP00000048667,3.0
10090.ENSMUSP00000029046,3.0
10090.ENSMUSP00000099785,1.0
10090.ENSMUSP00000117945,1.0
10090.ENSMUSP00000124584,2.0
10090.ENSMUSP00000154320,3.0
10090.ENSMUSP00000109797,2.0
10090.ENSMUSP00000030696,2.0
10090.ENSMUSP00000113652,3.0
10090.ENSMUSP00000066281,1.0
10090.ENSMUSP00000114232,6.0
10090.ENSMUSP00000140573,2.0
10090.ENSMUSP00000153065,1.0
10090.ENSMUSP00000057670,2.0
10090.ENSMUSP00000021957,1.0
10090.ENSMUSP00000142535,2.0
10090.ENSMUSP00000025691,2.0
10090.ENSMUSP00000136803,15.0
10090.ENSMUSP00000114893,1.0
10090.ENSMUSP00000037613,3.0
10090.ENSMUSP00000035090,1.0
10090.ENSMUSP00000022720,1.0
10090.ENSMUSP00000023219,1.0
10090.ENSMUSP00000026256,1.0
10090.ENSMUSP00000005504,1.0
10090.ENSMUSP00000117687,1.0
10090.ENSMUSP00000030757,1.0
10090.ENSMUSP00000103306,1.0
10090.ENSMUSP00000078875,34.0
10090.ENSMUSP00000029748,3.0
10090.ENSMUSP00000027966,1.0
10090.ENSMUSP00000131938,6.0
10090.ENSMUSP00000095850,1.0
10090.ENSMUSP00000119098,1.0
10090.ENSMUSP00000037858,1.0
10090.ENSMUSP00000146078,1.0
10090.ENSMUSP00000107289,1.0
10090.ENSMUSP00000014922,1.0
10090.ENSMUSP00000153409,1.0
10090.ENSMUSP00000124069,1.0
10090.ENSMUSP00000126765,2.0
10090.ENSMUSP00000037206,2.0
10090.ENSMUSP00000158226,1.0
10090.ENSMUSP00000152766,1.0
10090.ENSMUSP00000118843,3.0
10090.ENSMUSP00000081575,1.0
10090.ENSMUSP00000138984,1.0
10090.ENSMUSP00000002889,2.0
10090.ENSMUSP00000033699,5.0
10090.ENSMUSP00000133454,1.0
10090.ENSMUSP00000105684,3.0
10090.ENSMUSP00000133299,2.0
10090.ENSMUSP00000140315,51.0
10090.ENSMUSP00000086411,1.0
10090.ENSMUSP00000141888,1.0
10090.ENSMUSP00000115275,2.0
10090.ENSMUSP00000148085,1.0
10090.ENSMUSP00000113348,1.0
10090.ENSMUSP00000021674,1.0
10090.ENSMUSP00000118378,4.0
10090.ENSMUSP00000108954,5.0
10090.ENSMUSP00000070534,1.0
10090.ENSMUSP00000033999,1.0
10090.ENSMUSP00000135432,1.0
10090.ENSMUSP00000157595,130.0
10090.ENSMUSP00000092002,132.0
10090.ENSMUSP00000143478,2.0
10090.ENSMUSP00000030434,2.0
10090.ENSMUSP00000116143,1.0
10090.ENSMUSP00000033541,1.0
10090.ENSMUSP00000112721,1.0
10090.ENSMUSP00000053027,1.0
10090.ENSMUSP00000001620,3.0
10090.ENSMUSP00000124219,5.0
10090.ENSMUSP00000087947,2.0
10090.ENSMUSP00000118131,1.0
10090.ENSMUSP00000018727,1.0
10090.ENSMUSP00000034150,1.0
10090.ENSMUSP00000018711,15.0
10090.ENSMUSP00000145078,2.0
10090.ENSMUSP00000044034,4.0
10090.ENSMUSP00000015456,5.0
10090.ENSMUSP00000037783,1.0
10090.ENSMUSP00000115184,1.0
10090.ENSMUSP00000131755,1.0
10090.ENSMUSP00000158122,1.0
10090.ENSMUSP00000073289,11.0
10090.ENSMUSP00000108725,1.0
10090.ENSMUSP00000115191,1.0
10090.ENSMUSP00000003572,2.0
10090.ENSMUSP00000104320,1.0
10090.ENSMUSP00000122092,2.0
10090.ENSMUSP00000148474,1.0
10090.ENSMUSP00000087405,2.0
10090.ENSMUSP00000029769,1.0
10090.ENSMUSP00000157532,5.0
10090.ENSMUSP00000046371,1.0
10090.ENSMUSP00000152075,3.0
10090.ENSMUSP00000152216,1.0
10090.ENSMUSP00000109287,1.0
10090.ENSMUSP00000095843,2.0
10090.ENSMUSP00000143670,1.0
10090.ENSMUSP00000033950,1.0
10090.ENSMUSP00000019577,1.0
10090.ENSMUSP00000019859,3.0
10090.ENSMUSP00000131355,1.0
10090.ENSMUSP00000066953,1.0
10090.ENSMUSP00000017430,1.0
10090.ENSMUSP00000022082,1.0
10090.ENSMUSP00000066621,1.0
10090.ENSMUSP00000116901,2.0
10090.ENSMUSP00000012028,1.0
10090.ENSMUSP00000130934,2.0
10090.ENSMUSP00000023189,1.0
10090.ENSMUSP00000000608,1.0
10090.ENSMUSP00000118524,3.0
10090.ENSMUSP00000123193,1.0
10090.ENSMUSP00000153701,2.0
10090.ENSMUSP00000109309,1.0
10090.ENSMUSP00000103927,3.0
10090.ENSMUSP00000102313,1.0
10090.ENSMUSP00000057543,9.0
10090.ENSMUSP00000000001,1.0
10090.ENSMUSP00000136180,5.0
10090.ENSMUSP00000135769,4.0
10090.ENSMUSP00000132908,6.0
10090.ENSMUSP00000055256,2.0
10090.ENSMUSP00000113018,8.0
10090.ENSMUSP00000046557,2.0
10090.ENSMUSP00000103342,2.0
10090.ENSMUSP00000084450,1.0
10090.ENSMUSP00000057375,1.0
10090.ENSMUSP00000101115,1.0
10090.ENSMUSP00000124076,1.0
10090.ENSMUSP00000156550,1.0
10090.ENSMUSP00000145929,1.0
10090.ENSMUSP00000005975,1.0
10090.ENSMUSP00000021738,1.0
10090.ENSMUSP00000066921,1.0
10090.ENSMUSP00000098083,1.0
10090.ENSMUSP00000147152,1.0
10090.ENSMUSP00000081010,32.0
10090.ENSMUSP00000086321,1.0
10090.ENSMUSP00000157698,2.0
10090.ENSMUSP00000134893,6.0
10090.ENSMUSP00000031099,2.0
10090.ENSMUSP00000023507,1.0
10090.ENSMUSP00000144470,1.0
10090.ENSMUSP00000130583,3.0
10090.ENSMUSP00000135319,1.0
10090.ENSMUSP00000026050,1.0
10090.ENSMUSP00000112251,1.0
10090.ENSMUSP00000029938,2.0
10090.ENSMUSP00000132287,1.0
10090.ENSMUSP00000002733,1.0
10090.ENSMUSP00000006774,2.0
10090.ENSMUSP00000040355,2.0
10090.ENSMUSP00000133050,1.0
10090.ENSMUSP00000047281,1.0
10090.ENSMUSP00000133518,12.0
10090.ENSMUSP00000134004,1.0
10090.ENSMUSP00000144974,2.0
10090.ENSMUSP00000133339,5.0
10090.ENSMUSP00000124040,20.0
10090.ENSMUSP00000102062,38.0
10090.ENSMUSP00000120068,1.0
10090.ENSMUSP00000129904,1.0
10090.ENSMUSP00000131158,3.0
10090.ENSMUSP00000137205,1.0
10090.ENSMUSP00000023531,1.0
10090.ENSMUSP00000099657,1.0
10090.ENSMUSP00000101149,1.0
10090.ENSMUSP00000157755,1.0
10090.ENSMUSP00000102769,2.0
10090.ENSMUSP00000043047,1.0
10090.ENSMUSP00000046766,2.0
10090.ENSMUSP00000155944,1.0
10090.ENSMUSP00000145505,1.0
10090.ENSMUSP00000057339,1.0
10090.ENSMUSP00000021530,13.0
10090.ENSMUSP00000150629,2.0
10090.ENSMUSP00000026986,2.0
10090.ENSMUSP00000147023,1.0
10090.ENSMUSP00000020504,8.0
10090.ENSMUSP00000030192,1.0
10090.ENSMUSP00000144086,1.0
10090.ENSMUSP00000102458,3.0
10090.ENSMUSP00000124133,1.0
10090.ENSMUSP00000156173,1.0
10090.ENSMUSP00000118733,1.0
10090.ENSMUSP00000065940,4.0
10090.ENSMUSP00000033597,2.0
10090.ENSMUSP00000005548,2.0
10090.ENSMUSP00000112397,1.0
10090.ENSMUSP00000155311,2.0
10090.ENSMUSP00000067491,4.0
10090.ENSMUSP00000107593,7.0
10090.ENSMUSP00000098807,1.0
10090.ENSMUSP00000154737,3.0
10090.ENSMUSP00000125984,4.0
10090.ENSMUSP00000117589,1.0
10090.ENSMUSP00000126817,6.0
10090.ENSMUSP00000074483,1.0
10090.ENSMUSP00000135109,5.0
10090.ENSMUSP00000133728,1.0
10090.ENSMUSP00000148926,2.0
10090.ENSMUSP00000113295,1.0
10090.ENSMUSP00000026723,2.0
10090.ENSMUSP00000103957,2.0
10090.ENSMUSP00000034300,2.0
10090.ENSMUSP00000025385,1.0
10090.ENSMUSP00000028619,1.0
10090.ENSMUSP00000091921,2.0
10090.ENSMUSP00000131601,9.0
10090.ENSMUSP00000020238,9.0
10090.ENSMUSP00000020630,2.0
10090.ENSMUSP00000028222,6.0
10090.ENSMUSP00000113722,6.0
10090.ENSMUSP00000025217,1.0
10090.ENSMUSP00000119336,1.0
10090.ENSMUSP00000074724,2.0
10090.ENSMUSP00000138153,2.0
10090.ENSMUSP00000152708,1.0
10090.ENSMUSP00000139424,1.0
10090.ENSMUSP00000008016,1.0
10090.ENSMUSP00000149036,1.0
10090.ENSMUSP00000028892,1.0
10090.ENSMUSP00000003635,6.0
10090.ENSMUSP00000056948,1.0
10090.ENSMUSP00000054698,12.0
10090.ENSMUSP00000010502,1.0
10090.ENSMUSP00000122424,1.0
10090.ENSMUSP00000106845,1.0
10090.ENSMUSP00000048129,3.0
10090.ENSMUSP00000071470,15.0
10090.ENSMUSP00000026565,23.0
10090.ENSMUSP00000147357,2.0
10090.ENSMUSP00000119160,1.0
10090.ENSMUSP00000135322,4.0
10090.ENSMUSP00000129309,1.0
10090.ENSMUSP00000023687,1.0
10090.ENSMUSP00000130846,4.0
10090.ENSMUSP00000033570,1.0
10090.ENSMUSP00000023807,1.0
10090.ENSMUSP00000039059,5.0
10090.ENSMUSP00000158258,3.0
10090.ENSMUSP00000064235,2.0
10090.ENSMUSP00000054126,3.0
10090.ENSMUSP00000028881,1.0
10090.ENSMUSP00000120227,2.0
10090.ENSMUSP00000034827,1.0
10090.ENSMUSP00000141982,1.0
10090.ENSMUSP00000082013,2.0
10090.ENSMUSP00000142305,3.0
10090.ENSMUSP00000150273,1.0
10090.ENSMUSP00000032480,1.0
10090.ENSMUSP00000145229,1.0
10090.ENSMUSP00000144336,1.0
10090.ENSMUSP00000032898,2.0
10090.ENSMUSP00000128278,5.0
10090.ENSMUSP00000067685,1.0
10090.ENSMUSP00000099001,1.0
10090.ENSMUSP00000123604,2.0
10090.ENSMUSP00000062753,3.0
10090.ENSMUSP00000126273,2.0
10090.ENSMUSP00000120359,1.0
10090.ENSMUSP00000117973,1.0
10090.ENSMUSP00000082548,1.0
10090.ENSMUSP00000029126,1.0
10090.ENSMUSP00000023128,2.0
10090.ENSMUSP00000028522,1.0
10090.ENSMUSP00000101849,6.0
10090.ENSMUSP00000119699,3.0
10090.ENSMUSP00000137734,6.0
10090.ENSMUSP00000022704,4.0
10090.ENSMUSP00000027425,1.0
10090.ENSMUSP00000099482,1.0
10090.ENSMUSP00000069851,1.0
10090.ENSMUSP00000109635,2.0
10090.ENSMUSP00000151896,2.0
10090.ENSMUSP00000134302,2.0
10090.ENSMUSP00000017961,1.0
10090.ENSMUSP00000021083,6.0
10090.ENSMUSP00000113763,2.0
10090.ENSMUSP00000102711,4.0
10090.ENSMUSP00000064680,5.0
10090.ENSMUSP00000150017,2.0
10090.ENSMUSP00000006973,1.0
10090.ENSMUSP00000155347,1.0
10090.ENSMUSP00000022272,1.0
10090.ENSMUSP00000139261,9.0
10090.ENSMUSP00000106359,2.0
10090.ENSMUSP00000145021,1.0
10090.ENSMUSP00000107817,2.0
10090.ENSMUSP00000153267,1.0
10090.ENSMUSP00000091620,4.0
10090.ENSMUSP00000002305,4.0
10090.ENSMUSP00000152683,1.0
10090.ENSMUSP00000130750,2.0
10090.ENSMUSP00000064823,10.0
10090.ENSMUSP00000123687,1.0
10090.ENSMUSP00000152088,16.0
10090.ENSMUSP00000054674,1.0
10090.ENSMUSP00000045639,2.0
10090.ENSMUSP00000145063,1.0
10090.ENSMUSP00000147262,1.0
10090.ENSMUSP00000023509,1.0
10090.ENSMUSP00000133941,1.0
10090.ENSMUSP00000092569,1.0
10090.ENSMUSP00000143765,6.0
10090.ENSMUSP00000109601,1.0
10090.ENSMUSP00000033277,1.0
10090.ENSMUSP00000121076,1.0
10090.ENSMUSP00000119414,1.0
10090.ENSMUSP00000043540,2.0
10090.ENSMUSP00000033824,10.0
10090.ENSMUSP00000074448,4.0
10090.ENSMUSP00000033131,2.0
10090.ENSMUSP00000142512,2.0
10090.ENSMUSP00000056693,1.0
10090.ENSMUSP00000143494,1.0
10090.ENSMUSP00000020909,3.0
10090.ENSMUSP00000121133,3.0
10090.ENSMUSP00000142106,1.0
10090.ENSMUSP00000140993,2.0
10090.ENSMUSP00000123050,2.0
10090.ENSMUSP00000144611,1.0
10090.ENSMUSP00000132078,2.0
10090.ENSMUSP00000123062,1.0
10090.ENSMUSP00000118297,1.0
10090.ENSMUSP00000121201,6.0
10090.ENSMUSP00000056621,1.0
10090.ENSMUSP00000147640,5.0
10090.ENSMUSP00000149431,2.0
10090.ENSMUSP00000036749,1.0
10090.ENSMUSP00000046905,1.0
10090.ENSMUSP00000030254,1.0
10090.ENSMUSP00000033910,1.0
10090.ENSMUSP00000086795,40.0
10090.ENSMUSP00000154551,29.0
10090.ENSMUSP00000103904,3.0
10090.ENSMUSP00000105647,10.0
10090.ENSMUSP00000101108,3.0
10090.ENSMUSP00000136967,1.0
10090.ENSMUSP00000023143,3.0
10090.ENSMUSP00000151942,2.0
10090.ENSMUSP00000040140,1.0
10090.ENSMUSP00000021940,1.0
10090.ENSMUSP00000141806,1.0
10090.ENSMUSP00000092672,2.0
10090.ENSMUSP00000040265,8.0
10090.ENSMUSP00000025486,1.0
10090.ENSMUSP00000122488,1.0
10090.ENSMUSP00000120634,2.0
10090.ENSMUSP00000132259,1.0
10090.ENSMUSP00000078005,1.0
10090.ENSMUSP00000025601,1.0
10090.ENSMUSP00000031734,1.0
10090.ENSMUSP00000102347,1.0
10090.ENSMUSP00000044004,5.0
10090.ENSMUSP00000032322,1.0
10090.ENSMUSP00000113603,2.0
10090.ENSMUSP00000049686,1.0
10090.ENSMUSP00000077779,1.0
10090.ENSMUSP00000021239,3.0
10090.ENSMUSP00000095255,1.0
10090.ENSMUSP00000150337,2.0
10090.ENSMUSP00000049722,2.0
10090.ENSMUSP00000151340,1.0
10090.ENSMUSP00000136585,1.0
10090.ENSMUSP00000021297,1.0
10090.ENSMUSP00000016033,1.0
10090.ENSMUSP00000051368,4.0
10090.ENSMUSP00000101475,1.0
10090.ENSMUSP00000140829,3.0
10090.ENSMUSP00000026881,2.0
10090.ENSMUSP00000084791,2.0
10090.ENSMUSP00000038838,3.0
10090.ENSMUSP00000111191,2.0
10090.ENSMUSP00000089801,26.0
10090.ENSMUSP00000108229,3.0
10090.ENSMUSP00000144587,1.0
10090.ENSMUSP00000067704,1.0
10090.ENSMUSP00000094076,1.0
10090.ENSMUSP00000053899,3.0
10090.ENSMUSP00000109196,1.0
10090.ENSMUSP00000158550,2.0
10090.ENSMUSP00000118188,1.0
10090.ENSMUSP00000151328,1.0
10090.ENSMUSP00000083928,4.0
10090.ENSMUSP00000125549,1.0
10090.ENSMUSP00000123907,1.0
10090.ENSMUSP00000029128,1.0
10090.ENSMUSP00000137996,5.0
10090.ENSMUSP00000137918,2.0
10090.ENSMUSP00000114430,1.0
10090.ENSMUSP00000114518,1.0
10090.ENSMUSP00000030677,1.0
10090.ENSMUSP00000129472,1.0
10090.ENSMUSP00000141332,2.0
10090.ENSMUSP00000065983,1.0
10090.ENSMUSP00000146161,1.0
10090.ENSMUSP00000129024,1.0
10090.ENSMUSP00000141124,5.0
10090.ENSMUSP00000028981,1.0
10090.ENSMUSP00000090245,1.0
10090.ENSMUSP00000055637,2.0
10090.ENSMUSP00000128560,1.0
10090.ENSMUSP00000146301,1.0
10090.ENSMUSP00000151467,1.0
10090.ENSMUSP00000145610,1.0
10090.ENSMUSP00000154734,5.0
10090.ENSMUSP00000146067,1.0
10090.ENSMUSP00000117105,1.0
10090.ENSMUSP00000044048,17.0
10090.ENSMUSP00000113961,1.0
10090.ENSMUSP00000115224,1.0
10090.ENSMUSP00000117664,3.0
10090.ENSMUSP00000119816,1.0
10090.ENSMUSP00000143748,1.0
10090.ENSMUSP00000100898,1.0
10090.ENSMUSP00000156392,1.0
10090.ENSMUSP00000103169,1.0
10090.ENSMUSP00000080641,1.0
10090.ENSMUSP00000022089,1.0
10090.ENSMUSP00000044268,1.0
10090.ENSMUSP00000156139,1.0
10090.ENSMUSP00000032429,1.0
10090.ENSMUSP00000103100,6.0
10090.ENSMUSP00000097795,3.0
10090.ENSMUSP00000156440,2.0
10090.ENSMUSP00000121923,1.0
10090.ENSMUSP00000143048,1.0
10090.ENSMUSP00000137681,1.0
10090.ENSMUSP00000038126,9.0
10090.ENSMUSP00000154679,1.0
10090.ENSMUSP00000114563,1.0
10090.ENSMUSP00000147927,1.0
10090.ENSMUSP00000084991,2.0
10090.ENSMUSP00000120814,1.0
10090.ENSMUSP00000078853,1.0
10090.ENSMUSP00000032342,1.0
10090.ENSMUSP00000151482,1.0
10090.ENSMUSP00000141268,1.0
10090.ENSMUSP00000126597,1.0
10090.ENSMUSP00000002655,1.0
10090.ENSMUSP00000102471,1.0
10090.ENSMUSP00000116836,1.0
10090.ENSMUSP00000105716,1.0
10090.ENSMUSP00000026699,1.0
10090.ENSMUSP00000123440,3.0
10090.ENSMUSP00000107749,1.0
10090.ENSMUSP00000045445,2.0
10090.ENSMUSP00000026411,1.0
10090.ENSMUSP00000026168,1.0
10090.ENSMUSP00000039115,3.0
10090.ENSMUSP00000006424,1.0
10090.ENSMUSP00000151220,2.0
10090.ENSMUSP00000032114,1.0
10090.ENSMUSP00000045089,1.0
10090.ENSMUSP00000141091,6.0
10090.ENSMUSP00000131909,3.0
10090.ENSMUSP00000004715,1.0
10090.ENSMUSP00000108573,4.0
10090.ENSMUSP00000112170,1.0
10090.ENSMUSP00000059154,1.0
10090.ENSMUSP00000124128,1.0
10090.ENSMUSP00000109725,4.0
10090.ENSMUSP00000028045,2.0
10090.ENSMUSP00000119999,1.0
10090.ENSMUSP00000109057,1.0
10090.ENSMUSP00000150112,1.0
10090.ENSMUSP00000142859,1.0
10090.ENSMUSP00000024734,1.0
10090.ENSMUSP00000115512,1.0
10090.ENSMUSP00000078123,1.0
10090.ENSMUSP00000141883,1.0
10090.ENSMUSP00000031024,3.0
10090.ENSMUSP00000022098,1.0
10090.ENSMUSP00000116306,1.0
10090.ENSMUSP00000116090,1.0
10090.ENSMUSP00000157635,2.0
10090.ENSMUSP00000142643,4.0
10090.ENSMUSP00000039951,6.0
10090.ENSMUSP00000053033,1.0
10090.ENSMUSP00000154965,1.0
10090.ENSMUSP00000132443,2.0
10090.ENSMUSP00000138072,2.0
10090.ENSMUSP00000134183,1.0
10090.ENSMUSP00000119535,1.0
10090.ENSMUSP00000022245,1.0
10090.ENSMUSP00000033934,1.0
10090.ENSMUSP00000144539,1.0
10090.ENSMUSP00000140768,1.0
10090.ENSMUSP00000025580,1.0
10090.ENSMUSP00000132425,2.0
10090.ENSMUSP00000115142,1.0
10090.ENSMUSP00000042792,1.0
10090.ENSMUSP00000117545,1.0
10090.ENSMUSP00000113071,4.0
10090.ENSMUSP00000147644,7.0
10090.ENSMUSP00000110917,2.0
10090.ENSMUSP00000080996,54.0
10090.ENSMUSP00000080995,1.0
10090.ENSMUSP00000080993,58.0
10090.ENSMUSP00000080994,63.0
10090.ENSMUSP00000080997,57.0
10090.ENSMUSP00000081003,29.0
10090.ENSMUSP00000080991,26.0
10090.ENSMUSP00000080992,12.0
10090.ENSMUSP00000080998,7.0
10090.ENSMUSP00000081000,22.0
10090.ENSMUSP00000081021,2.0
10090.ENSMUSP00000081001,5.0
10090.ENSMUSP00000148764,11.0
10090.ENSMUSP00000148308,1.0
10090.ENSMUSP00000157364,1.0
10090.ENSMUSP00000128288,1.0
10090.ENSMUSP00000137843,2.0
10090.ENSMUSP00000116315,2.0
10090.ENSMUSP00000022563,1.0
10090.ENSMUSP00000071883,1.0
10090.ENSMUSP00000144482,2.0
10090.ENSMUSP00000154093,1.0
10090.ENSMUSP00000133282,1.0
10090.ENSMUSP00000028511,1.0
10090.ENSMUSP00000034272,1.0
10090.ENSMUSP00000157822,1.0
10090.ENSMUSP00000035092,1.0
10090.ENSMUSP00000155471,1.0
10090.ENSMUSP00000151914,14.0
10090.ENSMUSP00000116398,4.0
10090.ENSMUSP00000040447,1.0
10090.ENSMUSP00000070388,1.0
10090.ENSMUSP00000154225,1.0
10090.ENSMUSP00000034074,1.0
10090.ENSMUSP00000127270,2.0
10090.ENSMUSP00000141191,1.0
10090.ENSMUSP00000140126,1.0
10090.ENSMUSP00000073532,7.0
10090.ENSMUSP00000120198,1.0
10090.ENSMUSP00000030939,1.0
10090.ENSMUSP00000155238,1.0
10090.ENSMUSP00000117051,1.0
10090.ENSMUSP00000020886,1.0
10090.ENSMUSP00000030018,1.0
10090.ENSMUSP00000151700,3.0
10090.ENSMUSP00000158211,4.0
10090.ENSMUSP00000099330,2.0
10090.ENSMUSP00000136363,1.0
10090.ENSMUSP00000125147,2.0
10090.ENSMUSP00000036900,2.0
10090.ENSMUSP00000045864,2.0
10090.ENSMUSP00000138121,1.0
10090.ENSMUSP00000027754,1.0
10090.ENSMUSP00000112221,1.0
10090.ENSMUSP00000154960,1.0
10090.ENSMUSP00000140696,2.0
10090.ENSMUSP00000112744,1.0
10090.ENSMUSP00000085416,1.0
10090.ENSMUSP00000003550,1.0
10090.ENSMUSP00000098579,1.0
10090.ENSMUSP00000016571,1.0
10090.ENSMUSP00000014438,1.0
10090.ENSMUSP00000144932,2.0
10090.ENSMUSP00000039692,2.0
10090.ENSMUSP00000105796,1.0
10090.ENSMUSP00000033157,2.0
10090.ENSMUSP00000027193,1.0
10090.ENSMUSP00000023514,1.0
10090.ENSMUSP00000113169,1.0
10090.ENSMUSP00000103743,1.0
10090.ENSMUSP00000128192,1.0
10090.ENSMUSP00000022980,4.0
10090.ENSMUSP00000120091,1.0
10090.ENSMUSP00000112320,1.0
10090.ENSMUSP00000005647,1.0
10090.ENSMUSP00000155936,1.0
10090.ENSMUSP00000101812,1.0
10090.ENSMUSP00000152073,1.0
10090.ENSMUSP00000030760,3.0
10090.ENSMUSP00000006578,1.0
10090.ENSMUSP00000154561,2.0
10090.ENSMUSP00000140635,2.0
10090.ENSMUSP00000049056,1.0
10090.ENSMUSP00000115296,1.0
10090.ENSMUSP00000152476,1.0
10090.ENSMUSP00000055437,1.0
10090.ENSMUSP00000105129,1.0
10090.ENSMUSP00000127784,3.0
10090.ENSMUSP00000148551,1.0
10090.ENSMUSP00000103284,3.0
10090.ENSMUSP00000099733,3.0
10090.ENSMUSP00000102866,1.0
10090.ENSMUSP00000139044,4.0
10090.ENSMUSP00000021413,12.0
10090.ENSMUSP00000117769,5.0
10090.ENSMUSP00000110102,8.0
10090.ENSMUSP00000121746,1.0
10090.ENSMUSP00000120014,2.0
10090.ENSMUSP00000121186,4.0
10090.ENSMUSP00000112394,1.0
10090.ENSMUSP00000103292,1.0
10090.ENSMUSP00000132842,3.0
10090.ENSMUSP00000138272,2.0
10090.ENSMUSP00000078440,2.0
10090.ENSMUSP00000103475,4.0
10090.ENSMUSP00000045948,1.0
10090.ENSMUSP00000152517,1.0
10090.ENSMUSP00000033121,1.0
10090.ENSMUSP00000028553,1.0
10090.ENSMUSP00000114954,1.0
10090.ENSMUSP00000043981,1.0
10090.ENSMUSP00000124616,2.0
10090.ENSMUSP00000036923,1.0
10090.ENSMUSP00000078741,1.0
10090.ENSMUSP00000025279,1.0
10090.ENSMUSP00000021668,8.0
10090.ENSMUSP00000104978,6.0
10090.ENSMUSP00000010201,1.0
10090.ENSMUSP00000135886,2.0
10090.ENSMUSP00000002466,1.0
10090.ENSMUSP00000111229,1.0
10090.ENSMUSP00000099797,1.0
10090.ENSMUSP00000073161,3.0
10090.ENSMUSP00000133603,2.0
10090.ENSMUSP00000086542,1.0
10090.ENSMUSP00000101151,1.0
10090.ENSMUSP00000087680,2.0
10090.ENSMUSP00000023362,2.0
10090.ENSMUSP00000030665,1.0
10090.ENSMUSP00000123108,1.0
10090.ENSMUSP00000117181,1.0
10090.ENSMUSP00000148597,1.0
10090.ENSMUSP00000137922,1.0
10090.ENSMUSP00000131457,2.0
10090.ENSMUSP00000104171,1.0
10090.ENSMUSP00000032961,6.0
10090.ENSMUSP00000023830,1.0
10090.ENSMUSP00000136469,7.0
10090.ENSMUSP00000110665,1.0
10090.ENSMUSP00000128661,7.0
10090.ENSMUSP00000080569,1.0
10090.ENSMUSP00000029087,1.0
10090.ENSMUSP00000138228,1.0
10090.ENSMUSP00000026409,1.0
10090.ENSMUSP00000046538,1.0
10090.ENSMUSP00000100911,1.0
10090.ENSMUSP00000121807,1.0
10090.ENSMUSP00000128352,2.0
10090.ENSMUSP00000046480,4.0
10090.ENSMUSP00000157998,5.0
10090.ENSMUSP00000115195,1.0
10090.ENSMUSP00000134097,1.0
10090.ENSMUSP00000120430,1.0
10090.ENSMUSP00000142849,1.0
10090.ENSMUSP00000029331,1.0
10090.ENSMUSP00000090170,2.0
10090.ENSMUSP00000026122,4.0
10090.ENSMUSP00000114434,2.0
10090.ENSMUSP00000117063,3.0
10090.ENSMUSP00000152439,2.0
10090.ENSMUSP00000026381,1.0
10090.ENSMUSP00000118231,1.0
10090.ENSMUSP00000149819,1.0
10090.ENSMUSP00000157456,2.0
10090.ENSMUSP00000023467,2.0
10090.ENSMUSP00000014445,2.0
10090.ENSMUSP00000135477,2.0
10090.ENSMUSP00000130687,2.0
10090.ENSMUSP00000101300,3.0
10090.ENSMUSP00000155076,1.0
10090.ENSMUSP00000124258,1.0
10090.ENSMUSP00000022239,2.0
10090.ENSMUSP00000117594,1.0
10090.ENSMUSP00000115109,1.0
10090.ENSMUSP00000060398,1.0
10090.ENSMUSP00000002291,1.0
10090.ENSMUSP00000054863,4.0
10090.ENSMUSP00000155631,2.0
10090.ENSMUSP00000148180,1.0
10090.ENSMUSP00000124246,1.0
10090.ENSMUSP00000113605,1.0
10090.ENSMUSP00000152104,1.0
10090.ENSMUSP00000110790,1.0
10090.ENSMUSP00000031627,1.0
10090.ENSMUSP00000113761,1.0
10090.ENSMUSP00000152458,2.0
10090.ENSMUSP00000148947,1.0
10090.ENSMUSP00000029424,4.0
10090.ENSMUSP00000102520,3.0
10090.ENSMUSP00000033662,1.0
10090.ENSMUSP00000022268,1.0
10090.ENSMUSP00000119337,5.0
10090.ENSMUSP00000076521,1.0
10090.ENSMUSP00000052912,3.0
10090.ENSMUSP00000064545,1.0
10090.ENSMUSP00000115618,1.0
10090.ENSMUSP00000137969,2.0
10090.ENSMUSP00000051068,1.0
10090.ENSMUSP00000048425,2.0
10090.ENSMUSP00000075683,3.0
10090.ENSMUSP00000146950,1.0
10090.ENSMUSP00000031320,88.0
10090.ENSMUSP00000001335,3.0
10090.ENSMUSP00000025163,1.0
10090.ENSMUSP00000138893,2.0
10090.ENSMUSP00000123662,1.0
10090.ENSMUSP00000018437,16.0
10090.ENSMUSP00000011896,8.0
10090.ENSMUSP00000081141,1.0
10090.ENSMUSP00000080302,3.0
10090.ENSMUSP00000084582,1.0
10090.ENSMUSP00000073061,1.0
10090.ENSMUSP00000097760,1.0
10090.ENSMUSP00000008445,1.0
10090.ENSMUSP00000004375,3.0
10090.ENSMUSP00000103890,1.0
10090.ENSMUSP00000139662,1.0
10090.ENSMUSP00000127857,1.0
10090.ENSMUSP00000035682,1.0
10090.ENSMUSP00000139866,3.0
10090.ENSMUSP00000132815,12.0
10090.ENSMUSP00000158577,1.0
10090.ENSMUSP00000156091,1.0
10090.ENSMUSP00000072134,1.0
10090.ENSMUSP00000146659,4.0
10090.ENSMUSP00000135425,16.0
10090.ENSMUSP00000121725,1.0
10090.ENSMUSP00000021283,2.0
10090.ENSMUSP00000099673,1.0
10090.ENSMUSP00000024811,6.0
10090.ENSMUSP00000109257,3.0
10090.ENSMUSP00000102855,3.0
10090.ENSMUSP00000077546,1.0
10090.ENSMUSP00000071732,1.0
10090.ENSMUSP00000099567,14.0
10090.ENSMUSP00000099353,1.0
10090.ENSMUSP00000084041,1.0
10090.ENSMUSP00000034834,8.0
10090.ENSMUSP00000116530,1.0
10090.ENSMUSP00000108531,2.0
10090.ENSMUSP00000105419,1.0
10090.ENSMUSP00000002284,1.0
10090.ENSMUSP00000032336,1.0
10090.ENSMUSP00000023226,3.0
10090.ENSMUSP00000122225,11.0
10090.ENSMUSP00000116777,1.0
10090.ENSMUSP00000030751,2.0
10090.ENSMUSP00000063677,3.0
10090.ENSMUSP00000123456,6.0
10090.ENSMUSP00000156720,1.0
10090.ENSMUSP00000004968,1.0
10090.ENSMUSP00000033486,1.0
10090.ENSMUSP00000023396,1.0
10090.ENSMUSP00000103033,1.0
10090.ENSMUSP00000136557,1.0
10090.ENSMUSP00000020756,1.0
10090.ENSMUSP00000040377,1.0
10090.ENSMUSP00000020493,1.0
10090.ENSMUSP00000124357,1.0
10090.ENSMUSP00000144455,1.0
10090.ENSMUSP00000050771,1.0
10090.ENSMUSP00000148321,4.0
10090.ENSMUSP00000043566,1.0
10090.ENSMUSP00000156800,1.0
10090.ENSMUSP00000076418,1.0
10090.ENSMUSP00000144685,4.0
10090.ENSMUSP00000121022,3.0
10090.ENSMUSP00000135565,1.0
10090.ENSMUSP00000020286,1.0
10090.ENSMUSP00000104469,1.0
10090.ENSMUSP00000150020,9.0
10090.ENSMUSP00000034947,3.0
10090.ENSMUSP00000030404,1.0
10090.ENSMUSP00000152372,1.0
10090.ENSMUSP00000144556,1.0
10090.ENSMUSP00000039109,2.0
10090.ENSMUSP00000144167,4.0
10090.ENSMUSP00000110888,3.0
10090.ENSMUSP00000084461,1.0
10090.ENSMUSP00000069257,2.0
10090.ENSMUSP00000146089,1.0
10090.ENSMUSP00000158340,3.0
10090.ENSMUSP00000147703,2.0
10090.ENSMUSP00000020608,4.0
10090.ENSMUSP00000070726,1.0
10090.ENSMUSP00000152865,2.0
10090.ENSMUSP00000021447,2.0
10090.ENSMUSP00000053101,1.0
10090.ENSMUSP00000146180,1.0
10090.ENSMUSP00000066314,5.0
10090.ENSMUSP00000028087,1.0
10090.ENSMUSP00000032080,1.0
10090.ENSMUSP00000101129,1.0
10090.ENSMUSP00000102078,14.0
10090.ENSMUSP00000105355,5.0
10090.ENSMUSP00000025961,2.0
10090.ENSMUSP00000158249,5.0
10090.ENSMUSP00000071636,8.0
10090.ENSMUSP00000021942,2.0
10090.ENSMUSP00000115566,1.0
10090.ENSMUSP00000147256,1.0
10090.ENSMUSP00000102287,2.0
10090.ENSMUSP00000110987,1.0
10090.ENSMUSP00000112775,1.0
10090.ENSMUSP00000147193,1.0
10090.ENSMUSP00000081572,1.0
10090.ENSMUSP00000152349,1.0
10090.ENSMUSP00000136858,1.0
10090.ENSMUSP00000147671,4.0
10090.ENSMUSP00000126274,1.0
10090.ENSMUSP00000025490,1.0
10090.ENSMUSP00000004316,14.0
10090.ENSMUSP00000033008,3.0
10090.ENSMUSP00000129767,3.0
10090.ENSMUSP00000071624,7.0
10090.ENSMUSP00000034848,7.0
10090.ENSMUSP00000088057,3.0
10090.ENSMUSP00000123914,1.0
10090.ENSMUSP00000029082,6.0
10090.ENSMUSP00000156359,3.0
10090.ENSMUSP00000030642,3.0
10090.ENSMUSP00000099436,1.0
10090.ENSMUSP00000005923,5.0
10090.ENSMUSP00000154672,3.0
10090.ENSMUSP00000018430,2.0
10090.ENSMUSP00000028083,2.0
10090.ENSMUSP00000034369,1.0
10090.ENSMUSP00000021595,1.0
10090.ENSMUSP00000030769,2.0
10090.ENSMUSP00000107068,1.0
10090.ENSMUSP00000147018,3.0
10090.ENSMUSP00000138057,4.0
10090.ENSMUSP00000153960,1.0
10090.ENSMUSP00000127496,5.0
10090.ENSMUSP00000017365,2.0
10090.ENSMUSP00000102857,2.0
10090.ENSMUSP00000022256,3.0
10090.ENSMUSP00000041968,1.0
10090.ENSMUSP00000146882,8.0
10090.ENSMUSP00000133739,2.0
10090.ENSMUSP00000102363,1.0
10090.ENSMUSP00000132405,1.0
10090.ENSMUSP00000028278,1.0
10090.ENSMUSP00000133883,3.0
10090.ENSMUSP00000125596,3.0
10090.ENSMUSP00000116996,2.0
10090.ENSMUSP00000115881,1.0
10090.ENSMUSP00000125780,1.0
10090.ENSMUSP00000055823,1.0
10090.ENSMUSP00000070925,3.0
10090.ENSMUSP00000133886,7.0
10090.ENSMUSP00000139690,15.0
10090.ENSMUSP00000032216,1.0
10090.ENSMUSP00000156862,2.0
10090.ENSMUSP00000125901,4.0
10090.ENSMUSP00000029053,3.0
10090.ENSMUSP00000133429,1.0
10090.ENSMUSP00000034832,2.0
10090.ENSMUSP00000027302,1.0
10090.ENSMUSP00000122307,1.0
10090.ENSMUSP00000138350,4.0
10090.ENSMUSP00000147957,2.0
10090.ENSMUSP00000127112,1.0
10090.ENSMUSP00000137070,1.0
10090.ENSMUSP00000098096,1.0
10090.ENSMUSP00000059404,1.0
10090.ENSMUSP00000095344,1.0
10090.ENSMUSP00000035265,2.0
10090.ENSMUSP00000144513,1.0
10090.ENSMUSP00000146211,1.0
10090.ENSMUSP00000156665,3.0
10090.ENSMUSP00000142233,1.0
10090.ENSMUSP00000020358,3.0
10090.ENSMUSP00000057664,4.0
10090.ENSMUSP00000120067,1.0
10090.ENSMUSP00000017975,1.0
10090.ENSMUSP00000102987,4.0
10090.ENSMUSP00000032946,2.0
10090.ENSMUSP00000092658,1.0
10090.ENSMUSP00000065456,1.0
10090.ENSMUSP00000003121,1.0
10090.ENSMUSP00000041857,1.0
10090.ENSMUSP00000021001,1.0
10090.ENSMUSP00000125755,1.0
10090.ENSMUSP00000133921,2.0
10090.ENSMUSP00000155278,2.0
10090.ENSMUSP00000157198,1.0
10090.ENSMUSP00000033900,1.0
10090.ENSMUSP00000122799,1.0
10090.ENSMUSP00000068195,1.0
10090.ENSMUSP00000152210,2.0
10090.ENSMUSP00000076227,2.0
10090.ENSMUSP00000120887,1.0
10090.ENSMUSP00000098058,3.0
10090.ENSMUSP00000154826,3.0
10090.ENSMUSP00000020640,16.0
10090.ENSMUSP00000030134,1.0
10090.ENSMUSP00000144937,1.0
10090.ENSMUSP00000126325,1.0
10090.ENSMUSP00000152365,1.0
10090.ENSMUSP00000119849,1.0
10090.ENSMUSP00000151846,1.0
10090.ENSMUSP00000105112,1.0
10090.ENSMUSP00000140230,1.0
10090.ENSMUSP00000112090,1.0
10090.ENSMUSP00000106975,5.0
10090.ENSMUSP00000055288,2.0
10090.ENSMUSP00000142634,9.0
10090.ENSMUSP00000151578,12.0
10090.ENSMUSP00000056433,1.0
10090.ENSMUSP00000038841,1.0
10090.ENSMUSP00000121615,1.0
10090.ENSMUSP00000114574,1.0
10090.ENSMUSP00000121023,1.0
10090.ENSMUSP00000069744,1.0
10090.ENSMUSP00000067266,1.0
10090.ENSMUSP00000122968,1.0
10090.ENSMUSP00000123036,1.0
10090.ENSMUSP00000010211,1.0
10090.ENSMUSP00000117619,1.0
10090.ENSMUSP00000048267,1.0
10090.ENSMUSP00000155989,1.0
10090.ENSMUSP00000031018,1.0
10090.ENSMUSP00000111279,7.0
10090.ENSMUSP00000138119,1.0
10090.ENSMUSP00000141622,1.0
10090.ENSMUSP00000126374,1.0
10090.ENSMUSP00000044548,1.0
10090.ENSMUSP00000144089,2.0
10090.ENSMUSP00000138669,1.0
10090.ENSMUSP00000122901,1.0
10090.ENSMUSP00000117462,2.0
10090.ENSMUSP00000103776,1.0
10090.ENSMUSP00000144122,2.0
10090.ENSMUSP00000028347,5.0
10090.ENSMUSP00000040694,3.0
10090.ENSMUSP00000138361,1.0
10090.ENSMUSP00000120883,1.0
10090.ENSMUSP00000023036,5.0
10090.ENSMUSP00000124871,1.0
10090.ENSMUSP00000117448,2.0
10090.ENSMUSP00000031345,1.0
10090.ENSMUSP00000082034,1.0
10090.ENSMUSP00000128249,2.0
10090.ENSMUSP00000151490,2.0
10090.ENSMUSP00000158286,5.0
10090.ENSMUSP00000099928,1.0
10090.ENSMUSP00000025867,1.0
10090.ENSMUSP00000112277,1.0
10090.ENSMUSP00000030914,3.0
10090.ENSMUSP00000154407,1.0
10090.ENSMUSP00000034524,3.0
10090.ENSMUSP00000025617,2.0
10090.ENSMUSP00000138957,1.0
10090.ENSMUSP00000022595,6.0
10090.ENSMUSP00000107490,2.0
10090.ENSMUSP00000157027,1.0
10090.ENSMUSP00000140548,1.0
10090.ENSMUSP00000146128,1.0
10090.ENSMUSP00000099318,2.0
10090.ENSMUSP00000030787,5.0
10090.ENSMUSP00000145447,1.0
10090.ENSMUSP00000007959,8.0
10090.ENSMUSP00000067013,2.0
10090.ENSMUSP00000102399,2.0
10090.ENSMUSP00000147985,1.0
10090.ENSMUSP00000041411,1.0
10090.ENSMUSP00000026558,1.0
10090.ENSMUSP00000031347,4.0
10090.ENSMUSP00000024620,1.0
10090.ENSMUSP00000025270,1.0
10090.ENSMUSP00000128511,3.0
10090.ENSMUSP00000130464,1.0
10090.ENSMUSP00000070662,2.0
10090.ENSMUSP00000138752,1.0
10090.ENSMUSP00000156083,1.0
10090.ENSMUSP00000156329,1.0
10090.ENSMUSP00000140299,1.0
10090.ENSMUSP00000123708,2.0
10090.ENSMUSP00000108581,2.0
10090.ENSMUSP00000063798,1.0
10090.ENSMUSP00000142828,1.0
10090.ENSMUSP00000150766,1.0
10090.ENSMUSP00000121329,1.0
10090.ENSMUSP00000109225,1.0
10090.ENSMUSP00000077197,1.0
10090.ENSMUSP00000029740,1.0
10090.ENSMUSP00000039486,1.0
10090.ENSMUSP00000099837,2.0
10090.ENSMUSP00000050388,3.0
10090.ENSMUSP00000077610,1.0
10090.ENSMUSP00000014218,1.0
10090.ENSMUSP00000147928,6.0
10090.ENSMUSP00000009679,1.0
10090.ENSMUSP00000073962,4.0
10090.ENSMUSP00000157135,3.0
10090.ENSMUSP00000134291,1.0
10090.ENSMUSP00000150271,1.0
10090.ENSMUSP00000080354,7.0
10090.ENSMUSP00000034966,6.0
10090.ENSMUSP00000123474,3.0
10090.ENSMUSP00000143981,12.0
10090.ENSMUSP00000118695,12.0
10090.ENSMUSP00000099962,13.0
10090.ENSMUSP00000155657,12.0
10090.ENSMUSP00000142883,17.0
10090.ENSMUSP00000082055,16.0
10090.ENSMUSP00000156950,6.0
10090.ENSMUSP00000121108,15.0
10090.ENSMUSP00000117461,16.0
10090.ENSMUSP00000000756,24.0
10090.ENSMUSP00000147986,2.0
10090.ENSMUSP00000150756,9.0
10090.ENSMUSP00000079163,12.0
10090.ENSMUSP00000078654,13.0
10090.ENSMUSP00000147862,10.0
10090.ENSMUSP00000148281,11.0
10090.ENSMUSP00000103181,15.0
10090.ENSMUSP00000106211,8.0
10090.ENSMUSP00000140276,5.0
10090.ENSMUSP00000099435,20.0
10090.ENSMUSP00000099541,13.0
10090.ENSMUSP00000023269,10.0
10090.ENSMUSP00000119329,15.0
10090.ENSMUSP00000102870,1.0
10090.ENSMUSP00000134650,13.0
10090.ENSMUSP00000032597,14.0
10090.ENSMUSP00000149722,4.0
10090.ENSMUSP00000154172,16.0
10090.ENSMUSP00000083722,5.0
10090.ENSMUSP00000080523,23.0
10090.ENSMUSP00000086614,7.0
10090.ENSMUSP00000079672,1.0
10090.ENSMUSP00000077857,21.0
10090.ENSMUSP00000079340,8.0
10090.ENSMUSP00000108837,5.0
10090.ENSMUSP00000059766,3.0
10090.ENSMUSP00000046506,8.0
10090.ENSMUSP00000148267,8.0
10090.ENSMUSP00000102211,8.0
10090.ENSMUSP00000110886,11.0
10090.ENSMUSP00000135298,16.0
10090.ENSMUSP00000083705,22.0
10090.ENSMUSP00000008036,14.0
10090.ENSMUSP00000101625,11.0
10090.ENSMUSP00000025714,1.0
10090.ENSMUSP00000114529,19.0
10090.ENSMUSP00000102713,17.0
10090.ENSMUSP00000029722,24.0
10090.ENSMUSP00000033683,17.0
10090.ENSMUSP00000118798,13.0
10090.ENSMUSP00000099878,6.0
10090.ENSMUSP00000118007,1.0
10090.ENSMUSP00000157597,1.0
10090.ENSMUSP00000152456,11.0
10090.ENSMUSP00000099757,25.0
10090.ENSMUSP00000104265,16.0
10090.ENSMUSP00000156346,25.0
10090.ENSMUSP00000003521,16.0
10090.ENSMUSP00000151838,11.0
10090.ENSMUSP00000126294,11.0
10090.ENSMUSP00000157948,10.0
10090.ENSMUSP00000100997,4.0
10090.ENSMUSP00000102198,20.0
10090.ENSMUSP00000103940,13.0
10090.ENSMUSP00000079628,7.0
10090.ENSMUSP00000157085,16.0
10090.ENSMUSP00000114949,24.0
10090.ENSMUSP00000120528,17.0
10090.ENSMUSP00000058432,7.0
10090.ENSMUSP00000054490,15.0
10090.ENSMUSP00000125977,16.0
10090.ENSMUSP00000079180,13.0
10090.ENSMUSP00000026420,13.0
10090.ENSMUSP00000143402,3.0
10090.ENSMUSP00000099909,23.0
10090.ENSMUSP00000046016,5.0
10090.ENSMUSP00000060523,1.0
10090.ENSMUSP00000133357,4.0
10090.ENSMUSP00000038352,11.0
10090.ENSMUSP00000150804,15.0
10090.ENSMUSP00000016072,4.0
10090.ENSMUSP00000115599,1.0
10090.ENSMUSP00000145663,1.0
10090.ENSMUSP00000113431,1.0
10090.ENSMUSP00000138725,1.0
10090.ENSMUSP00000077226,2.0
10090.ENSMUSP00000028767,1.0
10090.ENSMUSP00000029005,3.0
10090.ENSMUSP00000085496,2.0
10090.ENSMUSP00000099906,6.0
10090.ENSMUSP00000143770,1.0
10090.ENSMUSP00000023673,1.0
10090.ENSMUSP00000033973,1.0
10090.ENSMUSP00000098677,1.0
10090.ENSMUSP00000001046,32.0
10090.ENSMUSP00000143111,45.0
10090.ENSMUSP00000064385,4.0
10090.ENSMUSP00000036949,37.0
10090.ENSMUSP00000029515,11.0
10090.ENSMUSP00000047737,5.0
10090.ENSMUSP00000006956,5.0
10090.ENSMUSP00000026270,1.0
10090.ENSMUSP00000138277,1.0
10090.ENSMUSP00000120750,2.0
10090.ENSMUSP00000124935,2.0
10090.ENSMUSP00000109877,2.0
10090.ENSMUSP00000120071,5.0
10090.ENSMUSP00000034022,1.0
10090.ENSMUSP00000151383,1.0
10090.ENSMUSP00000033933,1.0
10090.ENSMUSP00000138776,5.0
10090.ENSMUSP00000026387,3.0
10090.ENSMUSP00000154321,3.0
10090.ENSMUSP00000120053,1.0
10090.ENSMUSP00000038350,1.0
10090.ENSMUSP00000000287,1.0
10090.ENSMUSP00000065877,2.0
10090.ENSMUSP00000100073,4.0
10090.ENSMUSP00000022062,2.0
10090.ENSMUSP00000106968,2.0
10090.ENSMUSP00000000175,1.0
10090.ENSMUSP00000032440,1.0
10090.ENSMUSP00000109716,1.0
10090.ENSMUSP00000126011,1.0
10090.ENSMUSP00000114184,8.0
10090.ENSMUSP00000132348,2.0
10090.ENSMUSP00000046910,3.0
10090.ENSMUSP00000107887,3.0
10090.ENSMUSP00000092041,1.0
10090.ENSMUSP00000125632,3.0
10090.ENSMUSP00000103557,1.0
10090.ENSMUSP00000038943,4.0
10090.ENSMUSP00000040741,11.0
10090.ENSMUSP00000081009,2.0
10090.ENSMUSP00000127276,0.5
10090.ENSMUSP00000127641,2.0
10090.ENSMUSP00000120382,3.0
10090.ENSMUSP00000144573,1.0
10090.ENSMUSP00000144754,2.0
10090.ENSMUSP00000121895,7.0
10090.ENSMUSP00000020027,1.0
10090.ENSMUSP00000017851,2.0
10090.ENSMUSP00000029385,2.0
10090.ENSMUSP00000009356,11.0
10090.ENSMUSP00000122907,5.0
10090.ENSMUSP00000119180,1.0
10090.ENSMUSP00000030724,1.0
10090.ENSMUSP00000099721,1.0
10090.ENSMUSP00000114557,1.0
10090.ENSMUSP00000116313,2.0
10090.ENSMUSP00000143894,2.0
10090.ENSMUSP00000027127,2.0
10090.ENSMUSP00000157795,3.0
10090.ENSMUSP00000043662,1.0
10090.ENSMUSP00000153962,1.0
10090.ENSMUSP00000030623,2.0
10090.ENSMUSP00000096954,3.0
10090.ENSMUSP00000158407,1.0
10090.ENSMUSP00000090343,1.0
10090.ENSMUSP00000127462,2.0
10090.ENSMUSP00000117336,2.0
10090.ENSMUSP00000114192,1.0
10090.ENSMUSP00000033598,4.0
10090.ENSMUSP00000101505,10.0
10090.ENSMUSP00000117152,1.0
10090.ENSMUSP00000129800,3.0
10090.ENSMUSP00000108072,1.0
10090.ENSMUSP00000125382,2.0
10090.ENSMUSP00000142874,6.0
10090.ENSMUSP00000056027,1.0
10090.ENSMUSP00000029447,1.0
10090.ENSMUSP00000148407,2.0
10090.ENSMUSP00000120324,4.0
10090.ENSMUSP00000021728,4.0
10090.ENSMUSP00000077342,1.0
10090.ENSMUSP00000081120,1.0
10090.ENSMUSP00000038744,1.0
10090.ENSMUSP00000067527,1.0
10090.ENSMUSP00000118641,1.0
10090.ENSMUSP00000049103,2.0
10090.ENSMUSP00000146080,3.0
10090.ENSMUSP00000153690,2.0
10090.ENSMUSP00000032185,1.0
10090.ENSMUSP00000022787,5.0
10090.ENSMUSP00000029297,18.0
10090.ENSMUSP00000117260,1.0
10090.ENSMUSP00000030669,1.0
10090.ENSMUSP00000139455,2.0
10090.ENSMUSP00000025646,3.0
10090.ENSMUSP00000117275,1.0
10090.ENSMUSP00000090227,1.0
10090.ENSMUSP00000056182,1.0
10090.ENSMUSP00000121074,1.0
10090.ENSMUSP00000116640,2.0
10090.ENSMUSP00000127098,3.0
10090.ENSMUSP00000016463,3.0
10090.ENSMUSP00000114685,1.0
10090.ENSMUSP00000139104,2.0
10090.ENSMUSP00000103425,1.0
10090.ENSMUSP00000114419,1.0
10090.ENSMUSP00000078971,1.0
10090.ENSMUSP00000112426,1.0
10090.ENSMUSP00000065254,1.0
10090.ENSMUSP00000103092,3.0
10090.ENSMUSP00000021243,1.0
10090.ENSMUSP00000153367,1.0
10090.ENSMUSP00000116288,1.0
10090.ENSMUSP00000037617,2.0
10090.ENSMUSP00000142850,2.0
10090.ENSMUSP00000148659,1.0
10090.ENSMUSP00000057615,1.0
10090.ENSMUSP00000076012,1.0
10090.ENSMUSP00000066108,1.0
10090.ENSMUSP00000155071,13.0
10090.ENSMUSP00000154919,1.0
10090.ENSMUSP00000076673,1.0
10090.ENSMUSP00000049977,2.0
10090.ENSMUSP00000128025,2.0
10090.ENSMUSP00000149511,2.0
10090.ENSMUSP00000137281,1.0
10090.ENSMUSP00000133535,1.0
10090.ENSMUSP00000044361,1.0
10090.ENSMUSP00000151333,2.0
10090.ENSMUSP00000099422,2.0
10090.ENSMUSP00000153420,1.0
10090.ENSMUSP00000151643,1.0
10090.ENSMUSP00000125120,5.0
10090.ENSMUSP00000039285,1.0
10090.ENSMUSP00000070724,1.0
10090.ENSMUSP00000152900,1.0
10090.ENSMUSP00000144695,1.0
10090.ENSMUSP00000139278,3.0
10090.ENSMUSP00000122041,2.0
10090.ENSMUSP00000108148,3.0
10090.ENSMUSP00000082827,1.0
10090.ENSMUSP00000106339,3.0
10090.ENSMUSP00000006217,1.0
10090.ENSMUSP00000001186,1.0
10090.ENSMUSP00000147400,2.0
10090.ENSMUSP00000099488,2.0
10090.ENSMUSP00000156747,1.0
10090.ENSMUSP00000020397,2.0
10090.ENSMUSP00000020203,5.0
10090.ENSMUSP00000091840,2.0
10090.ENSMUSP00000120746,1.0
10090.ENSMUSP00000019939,4.0
10090.ENSMUSP00000005798,1.0
10090.ENSMUSP00000031539,1.0
10090.ENSMUSP00000122639,1.0
10090.ENSMUSP00000059129,3.0
10090.ENSMUSP00000066031,1.0
10090.ENSMUSP00000007012,7.0
10090.ENSMUSP00000113129,2.0
10090.ENSMUSP00000044866,2.0
10090.ENSMUSP00000066399,1.0
10090.ENSMUSP00000109012,1.0
10090.ENSMUSP00000115864,1.0
10090.ENSMUSP00000149604,2.0
10090.ENSMUSP00000036964,1.0
10090.ENSMUSP00000123888,2.0
10090.ENSMUSP00000154167,1.0
10090.ENSMUSP00000146850,4.0
10090.ENSMUSP00000136527,1.0
10090.ENSMUSP00000144311,2.0
10090.ENSMUSP00000151552,1.0
10090.ENSMUSP00000150034,3.0
10090.ENSMUSP00000103366,1.0
10090.ENSMUSP00000130368,3.0
10090.ENSMUSP00000032994,1.0
10090.ENSMUSP00000119650,1.0
10090.ENSMUSP00000108366,4.0
10090.ENSMUSP00000028844,1.0
10090.ENSMUSP00000106526,1.0
10090.ENSMUSP00000121493,1.0
10090.ENSMUSP00000022497,1.0
10090.ENSMUSP00000112492,1.0
10090.ENSMUSP00000097797,1.0
10090.ENSMUSP00000022977,1.0
10090.ENSMUSP00000135045,1.0
10090.ENSMUSP00000099835,6.0
10090.ENSMUSP00000158432,2.0
10090.ENSMUSP00000120777,1.0
10090.ENSMUSP00000022230,1.0
10090.ENSMUSP00000140787,1.0
10090.ENSMUSP00000124365,15.0
10090.ENSMUSP00000086165,1.0
10090.ENSMUSP00000027792,1.0
10090.ENSMUSP00000009693,2.0
10090.ENSMUSP00000143216,1.0
10090.ENSMUSP00000034541,2.0
10090.ENSMUSP00000120595,1.0
10090.ENSMUSP00000140016,3.0
10090.ENSMUSP00000049025,1.0
10090.ENSMUSP00000031513,2.0
10090.ENSMUSP00000095455,3.0
10090.ENSMUSP00000142759,2.0
10090.ENSMUSP00000046196,1.0
10090.ENSMUSP00000115666,1.0
10090.ENSMUSP00000113815,1.0
10090.ENSMUSP00000141922,1.0
10090.ENSMUSP00000029414,2.0
10090.ENSMUSP00000131386,4.0
10090.ENSMUSP00000101220,2.0
10090.ENSMUSP00000154853,1.0
10090.ENSMUSP00000140534,1.0
10090.ENSMUSP00000129966,1.0
10090.ENSMUSP00000125239,3.0
10090.ENSMUSP00000117879,1.0
10090.ENSMUSP00000114620,1.0
10090.ENSMUSP00000141144,2.0
10090.ENSMUSP00000112722,2.0
10090.ENSMUSP00000154154,1.0
10090.ENSMUSP00000140396,1.0
10090.ENSMUSP00000156592,1.0
10090.ENSMUSP00000114793,2.0
10090.ENSMUSP00000028241,1.0
10090.ENSMUSP00000068267,1.0
10090.ENSMUSP00000113116,1.0
10090.ENSMUSP00000158435,1.0
10090.ENSMUSP00000147398,1.0
10090.ENSMUSP00000134794,1.0
10090.ENSMUSP00000020174,2.0
10090.ENSMUSP00000104315,1.0
10090.ENSMUSP00000151448,1.0
10090.ENSMUSP00000052639,1.0
10090.ENSMUSP00000022816,8.0
10090.ENSMUSP00000130535,3.0
10090.ENSMUSP00000052942,1.0
10090.ENSMUSP00000115044,2.0
10090.ENSMUSP00000015011,1.0
10090.ENSMUSP00000151831,1.0
10090.ENSMUSP00000121972,1.0
10090.ENSMUSP00000060828,1.0
10090.ENSMUSP00000133649,1.0
10090.ENSMUSP00000113308,1.0
10090.ENSMUSP00000099545,3.0
10090.ENSMUSP00000150356,1.0
10090.ENSMUSP00000110556,2.0
10090.ENSMUSP00000157354,1.0
10090.ENSMUSP00000135193,2.0
10090.ENSMUSP00000118105,3.0
10090.ENSMUSP00000110498,1.0
10090.ENSMUSP00000121346,1.0
10090.ENSMUSP00000106861,22.0
10090.ENSMUSP00000026576,1.0
10090.ENSMUSP00000119998,2.0
10090.ENSMUSP00000134695,2.0
10090.ENSMUSP00000143625,1.0
10090.ENSMUSP00000122922,6.0
10090.ENSMUSP00000135013,1.0
10090.ENSMUSP00000140684,1.0
10090.ENSMUSP00000020339,1.0
10090.ENSMUSP00000023431,1.0
10090.ENSMUSP00000152391,1.0
10090.ENSMUSP00000006254,5.0
10090.ENSMUSP00000078657,1.0
10090.ENSMUSP00000034755,1.0
10090.ENSMUSP00000148344,1.0
10090.ENSMUSP00000120968,1.0
10090.ENSMUSP00000116108,2.0
10090.ENSMUSP00000135009,1.0
10090.ENSMUSP00000153301,1.0
10090.ENSMUSP00000103406,1.0
10090.ENSMUSP00000133194,1.0
10090.ENSMUSP00000111341,1.0
10090.ENSMUSP00000144445,2.0
10090.ENSMUSP00000130413,4.0
10090.ENSMUSP00000037719,17.0
10090.ENSMUSP00000133662,5.0
10090.ENSMUSP00000068487,1.0
10090.ENSMUSP00000042464,1.0
10090.ENSMUSP00000020346,1.0
10090.ENSMUSP00000096877,1.0
10090.ENSMUSP00000044903,30.0
10090.ENSMUSP00000044677,1.0
10090.ENSMUSP00000153618,1.0
10090.ENSMUSP00000123056,1.0
10090.ENSMUSP00000126020,1.0
10090.ENSMUSP00000039335,1.0
10090.ENSMUSP00000147612,1.0
10090.ENSMUSP00000020440,3.0
10090.ENSMUSP00000079883,1.0
10090.ENSMUSP00000033498,1.0
10090.ENSMUSP00000123281,1.0
10090.ENSMUSP00000048051,4.0
10090.ENSMUSP00000153691,1.0
10090.ENSMUSP00000035961,1.0
10090.ENSMUSP00000030187,4.0
10090.ENSMUSP00000029623,3.0
10090.ENSMUSP00000030292,1.0
10090.ENSMUSP00000130999,1.0
10090.ENSMUSP00000026624,2.0
10090.ENSMUSP00000122874,3.0
10090.ENSMUSP00000124805,6.0
10090.ENSMUSP00000133665,1.0
10090.ENSMUSP00000059320,1.0
10090.ENSMUSP00000142701,3.0
10090.ENSMUSP00000058723,1.0
10090.ENSMUSP00000043660,1.0
10090.ENSMUSP00000105531,2.0
10090.ENSMUSP00000037583,1.0
10090.ENSMUSP00000122930,1.0
10090.ENSMUSP00000021790,2.0
10090.ENSMUSP00000034878,2.0
10090.ENSMUSP00000120304,2.0
10090.ENSMUSP00000112574,1.0
10090.ENSMUSP00000032183,1.0
10090.ENSMUSP00000030626,3.0
10090.ENSMUSP00000120288,1.0
10090.ENSMUSP00000135483,1.0
10090.ENSMUSP00000021296,1.0
10090.ENSMUSP00000056805,1.0
10090.ENSMUSP00000045832,1.0
10090.ENSMUSP00000120834,1.0
10090.ENSMUSP00000032844,1.0
10090.ENSMUSP00000133701,1.0
10090.ENSMUSP00000157715,1.0
10090.ENSMUSP00000019302,1.0
10090.ENSMUSP00000031144,1.0
10090.ENSMUSP00000124571,1.0
10090.ENSMUSP00000131144,1.0
10090.ENSMUSP00000077437,1.0
10090.ENSMUSP00000131775,1.0
10090.ENSMUSP00000074518,2.0
10090.ENSMUSP00000006587,3.0
10090.ENSMUSP00000026595,1.0
10090.ENSMUSP00000100614,1.0
10090.ENSMUSP00000105793,2.0
10090.ENSMUSP00000114883,1.0
10090.ENSMUSP00000044751,2.0
10090.ENSMUSP00000056792,1.0
10090.ENSMUSP00000072087,2.0
10090.ENSMUSP00000107797,168.0
10090.ENSMUSP00000109684,13.0
10090.ENSMUSP00000123893,2.0
10090.ENSMUSP00000025515,1.0
10090.ENSMUSP00000025263,1.0
10090.ENSMUSP00000017759,1.0
10090.ENSMUSP00000133635,1.0
10090.ENSMUSP00000101167,2.0
10090.ENSMUSP00000121372,1.0
10090.ENSMUSP00000030336,3.0
10090.ENSMUSP00000099791,4.0
10090.ENSMUSP00000020695,1.0
10090.ENSMUSP00000117938,2.0
10090.ENSMUSP00000148670,2.0
10090.ENSMUSP00000103440,4.0
10090.ENSMUSP00000108926,2.0
10090.ENSMUSP00000136493,5.0
10090.ENSMUSP00000155148,1.0
10090.ENSMUSP00000032555,2.0
10090.ENSMUSP00000028200,1.0
10090.ENSMUSP00000123391,3.0
10090.ENSMUSP00000078572,1.0
10090.ENSMUSP00000022766,1.0
10090.ENSMUSP00000088913,3.0
10090.ENSMUSP00000111484,1.0
10090.ENSMUSP00000109325,1.0
10090.ENSMUSP00000113056,3.0
10090.ENSMUSP00000003575,1.0
10090.ENSMUSP00000147729,1.0
10090.ENSMUSP00000085244,1.0
10090.ENSMUSP00000135040,2.0
10090.ENSMUSP00000116012,1.0
10090.ENSMUSP00000101264,1.0
10090.ENSMUSP00000071399,3.0
10090.ENSMUSP00000106519,78.0
10090.ENSMUSP00000023564,1.0
10090.ENSMUSP00000134808,1.0
10090.ENSMUSP00000144108,3.0
10090.ENSMUSP00000027068,1.0
10090.ENSMUSP00000099661,1.0
10090.ENSMUSP00000107813,1.0
10090.ENSMUSP00000030660,1.0
10090.ENSMUSP00000149324,1.0
10090.ENSMUSP00000036541,1.0
10090.ENSMUSP00000151772,3.0
10090.ENSMUSP00000114406,1.0
10090.ENSMUSP00000026008,1.0
10090.ENSMUSP00000128509,1.0
10090.ENSMUSP00000137304,1.0
10090.ENSMUSP00000135128,1.0
10090.ENSMUSP00000140675,2.0
10090.ENSMUSP00000044129,3.0
10090.ENSMUSP00000140009,1.0
10090.ENSMUSP00000127130,1.0
10090.ENSMUSP00000129779,3.0
10090.ENSMUSP00000062589,1.0
10090.ENSMUSP00000075290,1.0
10090.ENSMUSP00000057751,1.0
10090.ENSMUSP00000146965,10.0
10090.ENSMUSP00000104901,2.0
10090.ENSMUSP00000106868,1.0
10090.ENSMUSP00000140881,2.0
10090.ENSMUSP00000001513,1.0
10090.ENSMUSP00000127741,1.0
10090.ENSMUSP00000014321,1.0
10090.ENSMUSP00000020877,2.0
10090.ENSMUSP00000030051,6.0
10090.ENSMUSP00000021158,3.0
10090.ENSMUSP00000102710,2.0
10090.ENSMUSP00000152046,3.0
10090.ENSMUSP00000146653,16.0
10090.ENSMUSP00000129864,1.0
10090.ENSMUSP00000099989,1.0
10090.ENSMUSP00000001989,2.0
10090.ENSMUSP00000145309,1.0
10090.ENSMUSP00000118734,1.0
10090.ENSMUSP00000037809,1.0
10090.ENSMUSP00000058894,2.0
10090.ENSMUSP00000043865,1.0
10090.ENSMUSP00000019649,13.0
10090.ENSMUSP00000115578,4.0
10090.ENSMUSP00000143836,2.0
10090.ENSMUSP00000104714,1.0
10090.ENSMUSP00000132446,5.0
10090.ENSMUSP00000130096,7.0
10090.ENSMUSP00000054303,2.0
10090.ENSMUSP00000117588,2.0
10090.ENSMUSP00000133311,6.0
10090.ENSMUSP00000115757,1.0
10090.ENSMUSP00000156121,1.0
10090.ENSMUSP00000132604,1.0
10090.ENSMUSP00000096932,1.0
10090.ENSMUSP00000143422,1.0
10090.ENSMUSP00000146232,1.0
10090.ENSMUSP00000078303,2.0
10090.ENSMUSP00000015434,1.0
10090.ENSMUSP00000124812,4.0
10090.ENSMUSP00000155223,1.0
10090.ENSMUSP00000124352,2.0
10090.ENSMUSP00000050191,1.0
10090.ENSMUSP00000115711,1.0
10090.ENSMUSP00000102736,1.0
10090.ENSMUSP00000157971,3.0
10090.ENSMUSP00000141085,3.0
10090.ENSMUSP00000002289,1.0
10090.ENSMUSP00000060202,1.0
10090.ENSMUSP00000115598,3.0
10090.ENSMUSP00000078914,1.0
10090.ENSMUSP00000112586,3.0
10090.ENSMUSP00000030074,1.0
10090.ENSMUSP00000133929,1.0
10090.ENSMUSP00000056324,2.0
10090.ENSMUSP00000115622,1.0
10090.ENSMUSP00000020112,4.0
10090.ENSMUSP00000025739,1.0
10090.ENSMUSP00000141818,1.0
10090.ENSMUSP00000075089,1.0
10090.ENSMUSP00000020677,1.0
10090.ENSMUSP00000113777,3.0
10090.ENSMUSP00000054856,1.0
10090.ENSMUSP00000020372,3.0
10090.ENSMUSP00000021993,3.0
10090.ENSMUSP00000143814,2.0
10090.ENSMUSP00000045284,2.0
10090.ENSMUSP00000052395,3.0
10090.ENSMUSP00000053145,1.0
10090.ENSMUSP00000130298,1.0
10090.ENSMUSP00000144165,1.0
10090.ENSMUSP00000035237,1.0
10090.ENSMUSP00000122761,1.0
10090.ENSMUSP00000039943,1.0
10090.ENSMUSP00000030738,1.0
10090.ENSMUSP00000079538,1.0
10090.ENSMUSP00000068103,1.0
10090.ENSMUSP00000045297,1.0
10090.ENSMUSP00000118468,1.0
10090.ENSMUSP00000115342,2.0
10090.ENSMUSP00000021273,1.0
10090.ENSMUSP00000121977,1.0
10090.ENSMUSP00000145870,1.0
10090.ENSMUSP00000156845,2.0
10090.ENSMUSP00000125432,16.0
10090.ENSMUSP00000030164,3.0
10090.ENSMUSP00000134023,1.0
10090.ENSMUSP00000009036,1.0
10090.ENSMUSP00000114394,1.0
10090.ENSMUSP00000032459,1.0
10090.ENSMUSP00000141494,61.0
10090.ENSMUSP00000034388,1.0
10090.ENSMUSP00000108356,1.0
10090.ENSMUSP00000155847,1.0
10090.ENSMUSP00000123593,1.0
10090.ENSMUSP00000031388,1.0
10090.ENSMUSP00000034131,1.0
10090.ENSMUSP00000033866,1.0
10090.ENSMUSP00000047980,1.0
10090.ENSMUSP00000153629,1.0
10090.ENSMUSP00000128321,1.0
10090.ENSMUSP00000101532,4.0
10090.ENSMUSP00000145121,1.0
10090.ENSMUSP00000154441,1.0
10090.ENSMUSP00000022601,3.0
10090.ENSMUSP00000145501,1.0
10090.ENSMUSP00000143937,1.0
10090.ENSMUSP00000124186,2.0
10090.ENSMUSP00000080936,1.0
10090.ENSMUSP00000120605,1.0
10090.ENSMUSP00000149387,1.0
10090.ENSMUSP00000117962,3.0
10090.ENSMUSP00000050532,1.0
10090.ENSMUSP00000090511,7.0
10090.ENSMUSP00000125193,1.0
10090.ENSMUSP00000118548,1.0
10090.ENSMUSP00000135768,2.0
10090.ENSMUSP00000028921,2.0
10090.ENSMUSP00000032892,3.0
10090.ENSMUSP00000117225,6.0
10090.ENSMUSP00000085172,2.0
10090.ENSMUSP00000157958,2.0
10090.ENSMUSP00000024873,2.0
10090.ENSMUSP00000126347,1.0
10090.ENSMUSP00000039133,1.0
10090.ENSMUSP00000120414,1.0
10090.ENSMUSP00000117125,2.0
10090.ENSMUSP00000070993,7.0
10090.ENSMUSP00000019109,1.0
10090.ENSMUSP00000123605,4.0
10090.ENSMUSP00000021692,2.0
10090.ENSMUSP00000123348,1.0
10090.ENSMUSP00000101662,1.0
10090.ENSMUSP00000028125,1.0
10090.ENSMUSP00000037172,2.0
10090.ENSMUSP00000022577,1.0
10090.ENSMUSP00000144312,1.0
10090.ENSMUSP00000112498,1.0
10090.ENSMUSP00000153568,1.0
10090.ENSMUSP00000120130,7.0
10090.ENSMUSP00000122782,2.0
10090.ENSMUSP00000069228,1.0
10090.ENSMUSP00000057815,1.0
10090.ENSMUSP00000151682,9.0
10090.ENSMUSP00000124424,2.0
10090.ENSMUSP00000153044,1.0
10090.ENSMUSP00000156030,1.0
10090.ENSMUSP00000124433,1.0
10090.ENSMUSP00000050854,1.0
10090.ENSMUSP00000152930,1.0
10090.ENSMUSP00000121413,1.0
10090.ENSMUSP00000019861,1.0
10090.ENSMUSP00000124074,1.0
10090.ENSMUSP00000123882,1.0
10090.ENSMUSP00000145241,1.0
10090.ENSMUSP00000141559,1.0
10090.ENSMUSP00000077996,2.0
10090.ENSMUSP00000155827,2.0
10090.ENSMUSP00000072868,1.0
10090.ENSMUSP00000127178,1.0
10090.ENSMUSP00000119524,1.0
10090.ENSMUSP00000152558,1.0
10090.ENSMUSP00000112862,1.0
10090.ENSMUSP00000001419,2.0
10090.ENSMUSP00000009220,1.0
10090.ENSMUSP00000007961,2.0
10090.ENSMUSP00000120331,2.0
10090.ENSMUSP00000134031,1.0
10090.ENSMUSP00000133472,1.0
10090.ENSMUSP00000123316,1.0
10090.ENSMUSP00000117725,1.0
10090.ENSMUSP00000109167,1.0
