gene_symbol,ensembl_id,expr_val
1700017B05Rik,10090.ENSMUSP00000034846,1.0
1700017B05Rik,10090.ENSMUSP00000149643,1.0
1700017B05Rik,10090.ENSMUSP00000150452,1.0
1700017B05Rik,10090.ENSMUSP00000150884,1.0
1810037I17Rik,10090.ENSMUSP00000102037,1.0
Acod1,10090.ENSMUSP00000022722,1.0
Acsl1,10090.ENSMUSP00000106000,3.0
Acsl1,10090.ENSMUSP00000114473,3.0
Acsl1,10090.ENSMUSP00000118845,3.0
Acsl1,10090.ENSMUSP00000034046,3.0
Acsl1,10090.ENSMUSP00000106001,3.0
Acsl1,10090.ENSMUSP00000147647,3.0
Acsl1,10090.ENSMUSP00000117546,3.0
Actb,10090.ENSMUSP00000132135,14.0
Actb,10090.ENSMUSP00000130611,14.0
Actb,10090.ENSMUSP00000098066,14.0
Actb,10090.ENSMUSP00000101823,14.0
Actb,10090.ENSMUSP00000127663,14.0
Actg1,10090.ENSMUSP00000134070,7.0
Actg1,10090.ENSMUSP00000071486,7.0
Actg1,10090.ENSMUSP00000134296,7.0
Actg1,10090.ENSMUSP00000101821,7.0
Actg1,10090.ENSMUSP00000087043,7.0
Actg1,10090.ENSMUSP00000101822,7.0
Actn1,10090.ENSMUSP00000127176,1.0
Actn1,10090.ENSMUSP00000021554,1.0
Actr3,10090.ENSMUSP00000139674,1.0
Actr3,10090.ENSMUSP00000139886,1.0
Actr3,10090.ENSMUSP00000140082,1.0
Actr3,10090.ENSMUSP00000140953,1.0
Actr3,10090.ENSMUSP00000140000,1.0
Actr3,10090.ENSMUSP00000027579,1.0
Actr3,10090.ENSMUSP00000137503,1.0
Actr3,10090.ENSMUSP00000140535,1.0
Adgrg3,10090.ENSMUSP00000148483,1.0
Adgrg3,10090.ENSMUSP00000051079,1.0
Ago2,10090.ENSMUSP00000042207,1.0
Akirin1,10090.ENSMUSP00000099696,1.0
Alas1,10090.ENSMUSP00000150311,1.0
Alas1,10090.ENSMUSP00000119968,1.0
Alas1,10090.ENSMUSP00000151891,1.0
Alas1,10090.ENSMUSP00000117014,1.0
Alas1,10090.ENSMUSP00000122117,1.0
Alas1,10090.ENSMUSP00000073725,1.0
Alas1,10090.ENSMUSP00000108143,1.0
Alas1,10090.ENSMUSP00000150950,1.0
Alox5ap,10090.ENSMUSP00000144472,2.0
Alox5ap,10090.ENSMUSP00000071130,2.0
Alox5ap,10090.ENSMUSP00000144115,2.0
Ankrd33b,10090.ENSMUSP00000117974,1.0
Ankrd33b,10090.ENSMUSP00000118984,1.0
Ankrd33b,10090.ENSMUSP00000106040,1.0
Ankrd33b,10090.ENSMUSP00000037918,1.0
Ankrd33b,10090.ENSMUSP00000076209,1.0
Ankrd49,10090.ENSMUSP00000152731,1.0
Ankrd49,10090.ENSMUSP00000149874,1.0
Ankrd49,10090.ENSMUSP00000150762,1.0
Ankrd49,10090.ENSMUSP00000151079,1.0
Ankrd49,10090.ENSMUSP00000034406,1.0
Antxr2,10090.ENSMUSP00000031281,1.0
Antxr2,10090.ENSMUSP00000142605,1.0
Anxa1,10090.ENSMUSP00000158305,1.0
Anxa1,10090.ENSMUSP00000158429,1.0
Anxa1,10090.ENSMUSP00000025561,1.0
Anxa2,10090.ENSMUSP00000122175,2.0
Anxa2,10090.ENSMUSP00000117855,2.0
Anxa2,10090.ENSMUSP00000117979,2.0
Anxa2,10090.ENSMUSP00000034756,2.0
Apbb1ip,10090.ENSMUSP00000014290,2.0
Arf1,10090.ENSMUSP00000079905,1.0
Arf1,10090.ENSMUSP00000126120,1.0
Arhgap26,10090.ENSMUSP00000122448,1.0
Arhgap26,10090.ENSMUSP00000123145,1.0
Arhgap26,10090.ENSMUSP00000121197,1.0
Arhgap26,10090.ENSMUSP00000095200,1.0
Arhgap26,10090.ENSMUSP00000119865,1.0
Arhgap26,10090.ENSMUSP00000122371,1.0
Arhgap26,10090.ENSMUSP00000157675,1.0
Arhgdia,10090.ENSMUSP00000101803,1.0
Arhgdia,10090.ENSMUSP00000063714,1.0
Arhgdib,10090.ENSMUSP00000107523,1.0
Arhgdib,10090.ENSMUSP00000145103,1.0
Arhgdib,10090.ENSMUSP00000120047,1.0
Arhgdib,10090.ENSMUSP00000032344,1.0
Arhgdib,10090.ENSMUSP00000107522,1.0
Arhgef12,10090.ENSMUSP00000072547,1.0
Arhgef12,10090.ENSMUSP00000150833,1.0
Arhgef12,10090.ENSMUSP00000126598,1.0
Arhgef6,10090.ENSMUSP00000110383,1.0
Arhgef6,10090.ENSMUSP00000033468,1.0
Arhgef6,10090.ENSMUSP00000134851,1.0
Arhgef6,10090.ENSMUSP00000135475,1.0
Arih1,10090.ENSMUSP00000026264,1.0
Arih1,10090.ENSMUSP00000126531,1.0
Arih1,10090.ENSMUSP00000131140,1.0
Arih1,10090.ENSMUSP00000131516,1.0
Arpc1b,10090.ENSMUSP00000122340,1.0
Arpc1b,10090.ENSMUSP00000082822,1.0
Arpc1b,10090.ENSMUSP00000115022,1.0
Arpc1b,10090.ENSMUSP00000143438,1.0
Arpc1b,10090.ENSMUSP00000115515,1.0
Arpc3,10090.ENSMUSP00000107345,4.0
Arpc3,10090.ENSMUSP00000031421,4.0
Arpc3,10090.ENSMUSP00000107342,4.0
Arpc3,10090.ENSMUSP00000099584,4.0
Arpc3,10090.ENSMUSP00000143210,4.0
Asprv1,10090.ENSMUSP00000046121,3.0
Atf1,10090.ENSMUSP00000131278,1.0
Atf1,10090.ENSMUSP00000127985,1.0
Atf1,10090.ENSMUSP00000155718,1.0
Atf1,10090.ENSMUSP00000127969,1.0
Atf1,10090.ENSMUSP00000126491,1.0
Atf1,10090.ENSMUSP00000023769,1.0
Atf1,10090.ENSMUSP00000129833,1.0
Atf1,10090.ENSMUSP00000132907,1.0
Atg16l1,10090.ENSMUSP00000120955,1.0
Atg16l1,10090.ENSMUSP00000108811,1.0
Atg16l1,10090.ENSMUSP00000027512,1.0
Atg16l1,10090.ENSMUSP00000108815,1.0
Atg2a,10090.ENSMUSP00000144551,2.0
Atg2a,10090.ENSMUSP00000144525,2.0
Atg2a,10090.ENSMUSP00000114998,2.0
Atg2a,10090.ENSMUSP00000046412,2.0
Atp2b1,10090.ENSMUSP00000151598,1.0
Atp2b1,10090.ENSMUSP00000151572,1.0
Atp2b1,10090.ENSMUSP00000020107,1.0
Atp2b1,10090.ENSMUSP00000151441,1.0
Atp2b1,10090.ENSMUSP00000151934,1.0
Atp2b1,10090.ENSMUSP00000151970,1.0
Atp2b1,10090.ENSMUSP00000151791,1.0
Atp5g1,10090.ENSMUSP00000103312,1.0
Atp5g1,10090.ENSMUSP00000088029,1.0
Atp5g1,10090.ENSMUSP00000103314,1.0
Atp5g1,10090.ENSMUSP00000137633,1.0
Atp5l,10090.ENSMUSP00000047960,1.0
Atp6v0b,10090.ENSMUSP00000047682,1.0
Atp6v0b,10090.ENSMUSP00000137788,1.0
Atp6v0b,10090.ENSMUSP00000119988,1.0
Atp6v0b,10090.ENSMUSP00000118538,1.0
Atp6v0b,10090.ENSMUSP00000137654,1.0
Atp6v0b,10090.ENSMUSP00000137945,1.0
Atp6v0e,10090.ENSMUSP00000015719,3.0
Atp6v0e,10090.ENSMUSP00000158131,3.0
Atp6v0e,10090.ENSMUSP00000158156,3.0
Atp6v0e,10090.ENSMUSP00000158492,3.0
Atp6v0e,10090.ENSMUSP00000127552,3.0
Atp6v1e1,10090.ENSMUSP00000145437,1.0
Atp6v1e1,10090.ENSMUSP00000019354,1.0
Atp6v1e1,10090.ENSMUSP00000145324,1.0
Atp6v1e1,10090.ENSMUSP00000145353,1.0
Atp6v1f,10090.ENSMUSP00000004396,1.0
Atp6v1f,10090.ENSMUSP00000116986,1.0
Atp6v1f,10090.ENSMUSP00000145062,1.0
Atp6v1g1,10090.ENSMUSP00000048770,1.0
Atp8a1,10090.ENSMUSP00000118379,1.0
Atp8a1,10090.ENSMUSP00000144465,1.0
Atp8a1,10090.ENSMUSP00000072738,1.0
Atp8a1,10090.ENSMUSP00000109282,1.0
Atp8a1,10090.ENSMUSP00000121630,1.0
Atp8a1,10090.ENSMUSP00000042215,1.0
Atp8a1,10090.ENSMUSP00000109281,1.0
Atxn7,10090.ENSMUSP00000153048,1.0
Atxn7,10090.ENSMUSP00000022257,1.0
Atxn7,10090.ENSMUSP00000152934,1.0
Atxn7,10090.ENSMUSP00000153613,1.0
B2m,10090.ENSMUSP00000099534,2.0
B4galt1,10090.ENSMUSP00000103731,1.0
B4galt1,10090.ENSMUSP00000030121,1.0
B4galt5,10090.ENSMUSP00000118229,1.0
B4galt5,10090.ENSMUSP00000104844,1.0
BC005537,10090.ENSMUSP00000123652,1.0
BC005537,10090.ENSMUSP00000019276,1.0
BC031181,10090.ENSMUSP00000040450,1.0
BC031181,10090.ENSMUSP00000157657,1.0
BC031181,10090.ENSMUSP00000158256,1.0
Baz2b,10090.ENSMUSP00000108169,1.0
Baz2b,10090.ENSMUSP00000118981,1.0
Baz2b,10090.ENSMUSP00000119690,1.0
Baz2b,10090.ENSMUSP00000088443,1.0
Bcl2a1b,10090.ENSMUSP00000065612,1.0
Bri3,10090.ENSMUSP00000122016,4.0
Bri3,10090.ENSMUSP00000106323,4.0
Bri3,10090.ENSMUSP00000057263,4.0
Brk1,10090.ENSMUSP00000041644,1.0
Brpf1,10090.ENSMUSP00000144820,1.0
Brpf1,10090.ENSMUSP00000108744,1.0
Brpf1,10090.ENSMUSP00000108742,1.0
Brpf1,10090.ENSMUSP00000144804,1.0
Brpf1,10090.ENSMUSP00000145093,1.0
Brpf1,10090.ENSMUSP00000108746,1.0
Brpf1,10090.ENSMUSP00000108747,1.0
Btg1,10090.ENSMUSP00000151604,5.0
Btg1,10090.ENSMUSP00000038863,5.0
Btg2,10090.ENSMUSP00000020692,1.0
Bzw1,10090.ENSMUSP00000140319,1.0
Bzw1,10090.ENSMUSP00000139761,1.0
Bzw1,10090.ENSMUSP00000051935,1.0
Bzw1,10090.ENSMUSP00000140898,1.0
C5ar1,10090.ENSMUSP00000060003,4.0
C5ar1,10090.ENSMUSP00000148140,4.0
C5ar1,10090.ENSMUSP00000129972,4.0
Calm1,10090.ENSMUSP00000001204,2.0
Calm1,10090.ENSMUSP00000105709,2.0
Calm2,10090.ENSMUSP00000048857,1.0
Calm2,10090.ENSMUSP00000157025,1.0
Calm3,10090.ENSMUSP00000134395,1.0
Calm3,10090.ENSMUSP00000019514,1.0
Calm3,10090.ENSMUSP00000133559,1.0
Cap1,10090.ENSMUSP00000101864,2.0
Cap1,10090.ENSMUSP00000101862,2.0
Cap1,10090.ENSMUSP00000068260,2.0
Cap1,10090.ENSMUSP00000114847,2.0
Capg,10090.ENSMUSP00000121221,1.0
Capg,10090.ENSMUSP00000117440,1.0
Capg,10090.ENSMUSP00000109705,1.0
Capg,10090.ENSMUSP00000109706,1.0
Capg,10090.ENSMUSP00000063389,1.0
Capg,10090.ENSMUSP00000118022,1.0
Capg,10090.ENSMUSP00000121121,1.0
Capg,10090.ENSMUSP00000120363,1.0
Cars,10090.ENSMUSP00000146835,1.0
Cars,10090.ENSMUSP00000101529,1.0
Cars,10090.ENSMUSP00000010899,1.0
Cars,10090.ENSMUSP00000146754,1.0
Cass4,10090.ENSMUSP00000104764,1.0
Cass4,10090.ENSMUSP00000096660,1.0
Cass4,10090.ENSMUSP00000154073,1.0
Cass4,10090.ENSMUSP00000099362,1.0
Ccdc174,10090.ENSMUSP00000049280,1.0
Ccdc174,10090.ENSMUSP00000146317,1.0
Ccdc189,10090.ENSMUSP00000072019,1.0
Ccdc189,10090.ENSMUSP00000145691,1.0
Ccl6,10090.ENSMUSP00000019071,1.0
Ccnt2,10090.ENSMUSP00000027587,1.0
Ccnt2,10090.ENSMUSP00000108189,1.0
Ccr1,10090.ENSMUSP00000026911,1.0
Ccrl2,10090.ENSMUSP00000143105,1.0
Ccrl2,10090.ENSMUSP00000107519,1.0
Ccrl2,10090.ENSMUSP00000143116,1.0
Cd14,10090.ENSMUSP00000056669,1.0
Cd24a,10090.ENSMUSP00000057983,2.0
Cd24a,10090.ENSMUSP00000148921,2.0
Cd300lf,10090.ENSMUSP00000102171,2.0
Cd300lf,10090.ENSMUSP00000053983,2.0
Cd300lf,10090.ENSMUSP00000102172,2.0
Cd44,10090.ENSMUSP00000106823,4.0
Cd44,10090.ENSMUSP00000106825,4.0
Cd44,10090.ENSMUSP00000005218,4.0
Cd44,10090.ENSMUSP00000106821,4.0
Cd44,10090.ENSMUSP00000106822,4.0
Cd44,10090.ENSMUSP00000106829,4.0
Cd44,10090.ENSMUSP00000097265,4.0
Cd44,10090.ENSMUSP00000062330,4.0
Cd52,10090.ENSMUSP00000000696,7.0
Cd53,10090.ENSMUSP00000035781,2.0
Cd63,10090.ENSMUSP00000151313,3.0
Cd63,10090.ENSMUSP00000100862,3.0
Cd63,10090.ENSMUSP00000151955,3.0
Cd63,10090.ENSMUSP00000026407,3.0
Cd80,10090.ENSMUSP00000156031,1.0
Cd80,10090.ENSMUSP00000097404,1.0
Cd80,10090.ENSMUSP00000156252,1.0
Cd9,10090.ENSMUSP00000032492,3.0
Cd93,10090.ENSMUSP00000096876,1.0
Cdc37,10090.ENSMUSP00000019615,1.0
Cdc37,10090.ENSMUSP00000150265,1.0
Cdk2ap2,10090.ENSMUSP00000138029,1.0
Cdk2ap2,10090.ENSMUSP00000137668,1.0
Cdk2ap2,10090.ENSMUSP00000138071,1.0
Cdk2ap2,10090.ENSMUSP00000137712,1.0
Cdk2ap2,10090.ENSMUSP00000134093,1.0
Cdk2ap2,10090.ENSMUSP00000133593,1.0
Cdk2ap2,10090.ENSMUSP00000134613,1.0
Cdk2ap2,10090.ENSMUSP00000025779,1.0
Cebpb,10090.ENSMUSP00000069850,1.0
Cfl1,10090.ENSMUSP00000112259,2.0
Cfl1,10090.ENSMUSP00000157562,2.0
Cfl1,10090.ENSMUSP00000147514,2.0
Chac1,10090.ENSMUSP00000028780,1.0
Chd7,10090.ENSMUSP00000059079,4.0
Chd7,10090.ENSMUSP00000118711,4.0
Chd7,10090.ENSMUSP00000123241,4.0
Chd7,10090.ENSMUSP00000043903,4.0
Chd7,10090.ENSMUSP00000127007,4.0
Chd7,10090.ENSMUSP00000152166,4.0
Chil1,10090.ENSMUSP00000121471,1.0
Chil1,10090.ENSMUSP00000118289,1.0
Chil1,10090.ENSMUSP00000080717,1.0
Chil1,10090.ENSMUSP00000119205,1.0
Chil1,10090.ENSMUSP00000117117,1.0
Chmp5,10090.ENSMUSP00000030128,1.0
Chuk,10090.ENSMUSP00000026217,1.0
Chuk,10090.ENSMUSP00000113809,1.0
Cldn11,10090.ENSMUSP00000042181,1.0
Clec4b2,10090.ENSMUSP00000085802,1.0
Clec4d,10090.ENSMUSP00000145134,3.0
Clec4d,10090.ENSMUSP00000032240,3.0
Clec4e,10090.ENSMUSP00000135081,1.0
Clec4e,10090.ENSMUSP00000135682,1.0
Clec4e,10090.ENSMUSP00000032239,1.0
Clip1,10090.ENSMUSP00000107192,1.0
Clip1,10090.ENSMUSP00000121425,1.0
Clip1,10090.ENSMUSP00000119641,1.0
Clip1,10090.ENSMUSP00000031382,1.0
Clip1,10090.ENSMUSP00000107190,1.0
Clip1,10090.ENSMUSP00000107186,1.0
Clip1,10090.ENSMUSP00000122064,1.0
Clip1,10090.ENSMUSP00000115965,1.0
Clip1,10090.ENSMUSP00000068241,1.0
Cltc,10090.ENSMUSP00000099475,1.0
Cltc,10090.ENSMUSP00000050220,1.0
Cltc,10090.ENSMUSP00000117674,1.0
Cox4i1,10090.ENSMUSP00000138053,1.0
Cox4i1,10090.ENSMUSP00000138019,1.0
Cox4i1,10090.ENSMUSP00000138063,1.0
Cox4i1,10090.ENSMUSP00000034276,1.0
Cox8a,10090.ENSMUSP00000040717,2.0
Cox8a,10090.ENSMUSP00000157524,2.0
Cpd,10090.ENSMUSP00000021201,1.0
Creg1,10090.ENSMUSP00000107060,1.0
Creg1,10090.ENSMUSP00000041234,1.0
Creg1,10090.ENSMUSP00000137087,1.0
Csf1,10090.ENSMUSP00000119553,4.0
Csf1,10090.ENSMUSP00000112832,4.0
Csf1,10090.ENSMUSP00000113136,4.0
Csf1,10090.ENSMUSP00000014743,4.0
Csf1,10090.ENSMUSP00000113617,4.0
Csf1,10090.ENSMUSP00000115480,4.0
Csf2ra,10090.ENSMUSP00000075423,3.0
Csf2ra,10090.ENSMUSP00000158457,3.0
Csf2rb,10090.ENSMUSP00000094082,3.0
Csf2rb,10090.ENSMUSP00000155050,3.0
Csf2rb,10090.ENSMUSP00000154836,3.0
Csf2rb,10090.ENSMUSP00000155092,3.0
Csf2rb,10090.ENSMUSP00000155947,3.0
Cst3,10090.ENSMUSP00000028938,3.0
Cst3,10090.ENSMUSP00000117672,3.0
Cstb,10090.ENSMUSP00000005185,5.0
Ctbs,10090.ENSMUSP00000059167,1.0
Ctbs,10090.ENSMUSP00000142380,1.0
Ctbs,10090.ENSMUSP00000029840,1.0
Ctsa,10090.ENSMUSP00000123413,2.0
Ctsa,10090.ENSMUSP00000099381,2.0
Ctsa,10090.ENSMUSP00000116210,2.0
Ctsa,10090.ENSMUSP00000115514,2.0
Ctsa,10090.ENSMUSP00000099382,2.0
Ctsb,10090.ENSMUSP00000006235,2.0
Ctsd,10090.ENSMUSP00000063904,3.0
Ctsd,10090.ENSMUSP00000121203,3.0
Ctsz,10090.ENSMUSP00000016400,1.0
Cul3,10090.ENSMUSP00000126630,2.0
Cul3,10090.ENSMUSP00000132485,2.0
Cul3,10090.ENSMUSP00000130738,2.0
Cul3,10090.ENSMUSP00000130010,2.0
Cul3,10090.ENSMUSP00000131891,2.0
Cxcl2,10090.ENSMUSP00000144334,11.0
Cxcl2,10090.ENSMUSP00000074885,11.0
Cxcl3,10090.ENSMUSP00000031326,7.0
Cxcr4,10090.ENSMUSP00000053489,2.0
Cxcr4,10090.ENSMUSP00000120153,2.0
Cyba,10090.ENSMUSP00000017604,2.0
Cyba,10090.ENSMUSP00000148320,2.0
Dazap2,10090.ENSMUSP00000000356,1.0
Dbf4,10090.ENSMUSP00000132985,1.0
Dbf4,10090.ENSMUSP00000132906,1.0
Dbf4,10090.ENSMUSP00000129317,1.0
Dbf4,10090.ENSMUSP00000002368,1.0
Dcaf15,10090.ENSMUSP00000038568,1.0
Dcaf15,10090.ENSMUSP00000147657,1.0
Dcaf15,10090.ENSMUSP00000147690,1.0
Dcaf5,10090.ENSMUSP00000052755,1.0
Dcun1d1,10090.ENSMUSP00000103817,1.0
Dcun1d1,10090.ENSMUSP00000142384,1.0
Dcun1d1,10090.ENSMUSP00000142690,1.0
Dcun1d1,10090.ENSMUSP00000115420,1.0
Dcun1d1,10090.ENSMUSP00000143252,1.0
Dcun1d1,10090.ENSMUSP00000142443,1.0
Dcun1d1,10090.ENSMUSP00000142421,1.0
Dcun1d1,10090.ENSMUSP00000137324,1.0
Dcun1d1,10090.ENSMUSP00000143243,1.0
Dcun1d1,10090.ENSMUSP00000143716,1.0
Ddx3x,10090.ENSMUSP00000000804,2.0
Ddx5,10090.ENSMUSP00000021062,1.0
Ddx5,10090.ENSMUSP00000121733,1.0
Ddx5,10090.ENSMUSP00000138237,1.0
Ddx5,10090.ENSMUSP00000116859,1.0
Ddx5,10090.ENSMUSP00000138184,1.0
Depdc7,10090.ENSMUSP00000028595,1.0
Derl1,10090.ENSMUSP00000022993,1.0
Derl2,10090.ENSMUSP00000135984,1.0
Derl2,10090.ENSMUSP00000136401,1.0
Derl2,10090.ENSMUSP00000117052,1.0
Derl2,10090.ENSMUSP00000136261,1.0
Derl2,10090.ENSMUSP00000104163,1.0
Derl2,10090.ENSMUSP00000127568,1.0
Dgat1,10090.ENSMUSP00000023214,1.0
Dgkz,10090.ENSMUSP00000119615,2.0
Dgkz,10090.ENSMUSP00000028667,2.0
Dgkz,10090.ENSMUSP00000118684,2.0
Dgkz,10090.ENSMUSP00000106934,2.0
Dgkz,10090.ENSMUSP00000114740,2.0
Dgkz,10090.ENSMUSP00000106937,2.0
Dhx8,10090.ENSMUSP00000119430,1.0
Dhx8,10090.ENSMUSP00000037251,1.0
Dmkn,10090.ENSMUSP00000060362,1.0
Dmkn,10090.ENSMUSP00000140196,1.0
Dmkn,10090.ENSMUSP00000082831,1.0
Dmkn,10090.ENSMUSP00000042300,1.0
Dmkn,10090.ENSMUSP00000129031,1.0
Dmkn,10090.ENSMUSP00000082834,1.0
Dmwd,10090.ENSMUSP00000104119,1.0
Dmwd,10090.ENSMUSP00000032570,1.0
Dnajc5,10090.ENSMUSP00000104425,1.0
Dnajc5,10090.ENSMUSP00000072175,1.0
Dnajc5,10090.ENSMUSP00000116120,1.0
Dnajc5,10090.ENSMUSP00000112066,1.0
Dnajc5,10090.ENSMUSP00000104424,1.0
Dph3,10090.ENSMUSP00000127944,1.0
Dph3,10090.ENSMUSP00000068491,1.0
Dph3,10090.ENSMUSP00000022461,1.0
Dph3,10090.ENSMUSP00000120583,1.0
Dtymk,10090.ENSMUSP00000108511,1.0
Dtymk,10090.ENSMUSP00000108514,1.0
Dtymk,10090.ENSMUSP00000027503,1.0
Dusp1,10090.ENSMUSP00000157700,3.0
Dusp1,10090.ENSMUSP00000025025,3.0
Dusp1,10090.ENSMUSP00000157446,3.0
Ecsit,10090.ENSMUSP00000096537,1.0
Ecsit,10090.ENSMUSP00000136247,1.0
Ecsit,10090.ENSMUSP00000137424,1.0
Ecsit,10090.ENSMUSP00000135936,1.0
Eef1a1,10090.ENSMUSP00000120438,2.0
Eef1a1,10090.ENSMUSP00000116821,2.0
Eef1a1,10090.ENSMUSP00000042457,2.0
Eef1d,10090.ENSMUSP00000112141,1.0
Eef1d,10090.ENSMUSP00000118889,1.0
Eef1d,10090.ENSMUSP00000120735,1.0
Eef1d,10090.ENSMUSP00000116360,1.0
Eef1d,10090.ENSMUSP00000087109,1.0
Eef1d,10090.ENSMUSP00000114753,1.0
Eef1d,10090.ENSMUSP00000105599,1.0
Eef1d,10090.ENSMUSP00000122155,1.0
Eef1d,10090.ENSMUSP00000123005,1.0
Eef1d,10090.ENSMUSP00000123388,1.0
Eef1d,10090.ENSMUSP00000115553,1.0
Eef1d,10090.ENSMUSP00000105602,1.0
Eef1d,10090.ENSMUSP00000117782,1.0
Eef1d,10090.ENSMUSP00000023235,1.0
Eef1d,10090.ENSMUSP00000087110,1.0
Efhd2,10090.ENSMUSP00000044502,4.0
Eif1,10090.ENSMUSP00000041538,18.0
Eif1,10090.ENSMUSP00000136642,18.0
Eif1,10090.ENSMUSP00000137558,18.0
Eif4e,10090.ENSMUSP00000029803,1.0
Eif4e,10090.ENSMUSP00000143104,1.0
Eif4e,10090.ENSMUSP00000143772,1.0
Eif4e,10090.ENSMUSP00000143481,1.0
Eif4e,10090.ENSMUSP00000143690,1.0
Elk4,10090.ENSMUSP00000083743,1.0
Elk4,10090.ENSMUSP00000027696,1.0
Elk4,10090.ENSMUSP00000114255,1.0
Elk4,10090.ENSMUSP00000118880,1.0
Ell2,10090.ENSMUSP00000152827,3.0
Ell2,10090.ENSMUSP00000152427,3.0
Ell2,10090.ENSMUSP00000152085,3.0
Ell2,10090.ENSMUSP00000152557,3.0
Ell2,10090.ENSMUSP00000001583,3.0
Ell2,10090.ENSMUSP00000152107,3.0
Elob,10090.ENSMUSP00000066210,2.0
Elob,10090.ENSMUSP00000156963,2.0
Elovl7,10090.ENSMUSP00000152997,1.0
Elovl7,10090.ENSMUSP00000022207,1.0
Emb,10090.ENSMUSP00000153512,1.0
Emb,10090.ENSMUSP00000022242,1.0
Emd,10090.ENSMUSP00000094133,2.0
Emd,10090.ENSMUSP00000112639,2.0
Emd,10090.ENSMUSP00000115890,2.0
Emd,10090.ENSMUSP00000094158,2.0
Emd,10090.ENSMUSP00000002029,2.0
Emilin2,10090.ENSMUSP00000156446,2.0
Emilin2,10090.ENSMUSP00000156837,2.0
Emilin2,10090.ENSMUSP00000156894,2.0
Emilin2,10090.ENSMUSP00000024849,2.0
Emilin2,10090.ENSMUSP00000156732,2.0
Emilin2,10090.ENSMUSP00000156856,2.0
Emilin2,10090.ENSMUSP00000156676,2.0
Epc1,10090.ENSMUSP00000060599,1.0
Epc1,10090.ENSMUSP00000028100,1.0
Epc1,10090.ENSMUSP00000111536,1.0
Fam160b2,10090.ENSMUSP00000022690,1.0
Fam168b,10090.ENSMUSP00000139456,1.0
Fam168b,10090.ENSMUSP00000140573,1.0
Fam168b,10090.ENSMUSP00000128676,1.0
Fam168b,10090.ENSMUSP00000042212,1.0
Fam168b,10090.ENSMUSP00000141150,1.0
Fam168b,10090.ENSMUSP00000131720,1.0
Fam193a,10090.ENSMUSP00000137979,1.0
Fam193a,10090.ENSMUSP00000143922,1.0
Fam193a,10090.ENSMUSP00000143885,1.0
Fam193a,10090.ENSMUSP00000138082,1.0
Fam193a,10090.ENSMUSP00000092463,1.0
Fam32a,10090.ENSMUSP00000003123,2.0
Fam50a,10090.ENSMUSP00000109797,1.0
Fau,10090.ENSMUSP00000157878,6.0
Fau,10090.ENSMUSP00000042835,6.0
Fau,10090.ENSMUSP00000157825,6.0
Fau,10090.ENSMUSP00000136358,6.0
Fau,10090.ENSMUSP00000136803,6.0
Fau,10090.ENSMUSP00000157416,6.0
Fau,10090.ENSMUSP00000158381,6.0
Fbxo30,10090.ENSMUSP00000068230,1.0
Fbxo30,10090.ENSMUSP00000117687,1.0
Fcer1g,10090.ENSMUSP00000141240,1.0
Fcer1g,10090.ENSMUSP00000078875,1.0
Fcgr3,10090.ENSMUSP00000131938,2.0
Fcgr3,10090.ENSMUSP00000131836,2.0
Fcgr3,10090.ENSMUSP00000133039,2.0
Fgd3,10090.ENSMUSP00000048692,2.0
Fgd3,10090.ENSMUSP00000105713,2.0
Fgd3,10090.ENSMUSP00000105714,2.0
Fgr,10090.ENSMUSP00000030693,1.0
Fgr,10090.ENSMUSP00000128411,1.0
Flcn,10090.ENSMUSP00000091696,1.0
Flcn,10090.ENSMUSP00000037675,1.0
Flcn,10090.ENSMUSP00000099758,1.0
Flna,10090.ENSMUSP00000033699,1.0
Flna,10090.ENSMUSP00000117324,1.0
Flna,10090.ENSMUSP00000098997,1.0
Flna,10090.ENSMUSP00000114827,1.0
Flna,10090.ENSMUSP00000123278,1.0
Flna,10090.ENSMUSP00000116758,1.0
Flna,10090.ENSMUSP00000109938,1.0
Flna,10090.ENSMUSP00000121082,1.0
Flot1,10090.ENSMUSP00000134681,1.0
Flot1,10090.ENSMUSP00000134227,1.0
Flot1,10090.ENSMUSP00000001569,1.0
Flot1,10090.ENSMUSP00000134699,1.0
Flot1,10090.ENSMUSP00000133289,1.0
Flot1,10090.ENSMUSP00000133454,1.0
Fn1,10090.ENSMUSP00000141123,1.0
Fn1,10090.ENSMUSP00000140372,1.0
Fn1,10090.ENSMUSP00000054499,1.0
Fn1,10090.ENSMUSP00000140153,1.0
Fn1,10090.ENSMUSP00000140975,1.0
Fn1,10090.ENSMUSP00000140907,1.0
Fn1,10090.ENSMUSP00000139702,1.0
Fn1,10090.ENSMUSP00000140816,1.0
Fn1,10090.ENSMUSP00000140955,1.0
Fn1,10090.ENSMUSP00000140471,1.0
Fn1,10090.ENSMUSP00000141193,1.0
Fn1,10090.ENSMUSP00000140315,1.0
Fos,10090.ENSMUSP00000021674,2.0
Foxn3,10090.ENSMUSP00000135082,1.0
Foxn3,10090.ENSMUSP00000135749,1.0
Foxn3,10090.ENSMUSP00000135814,1.0
Foxn3,10090.ENSMUSP00000152082,1.0
Foxn3,10090.ENSMUSP00000152328,1.0
Foxn3,10090.ENSMUSP00000082189,1.0
Foxn3,10090.ENSMUSP00000036035,1.0
Frrs1,10090.ENSMUSP00000142793,1.0
Frrs1,10090.ENSMUSP00000143546,1.0
Frrs1,10090.ENSMUSP00000039487,1.0
Frrs1,10090.ENSMUSP00000143255,1.0
Fth1,10090.ENSMUSP00000157992,31.0
Fth1,10090.ENSMUSP00000025563,31.0
Fth1,10090.ENSMUSP00000158539,31.0
Fth1,10090.ENSMUSP00000158177,31.0
Fth1,10090.ENSMUSP00000157595,31.0
Ftl1,10090.ENSMUSP00000147389,8.0
Ftl1,10090.ENSMUSP00000092002,8.0
Ftl1,10090.ENSMUSP00000147526,8.0
Fus,10090.ENSMUSP00000076801,1.0
Fus,10090.ENSMUSP00000078054,1.0
Fus,10090.ENSMUSP00000134447,1.0
Fus,10090.ENSMUSP00000133820,1.0
Fus,10090.ENSMUSP00000101858,1.0
Fus,10090.ENSMUSP00000112721,1.0
Fut8,10090.ENSMUSP00000054530,1.0
Fut8,10090.ENSMUSP00000130845,1.0
Fut8,10090.ENSMUSP00000136327,1.0
Fxyd5,10090.ENSMUSP00000124129,6.0
Fxyd5,10090.ENSMUSP00000009831,6.0
Fxyd5,10090.ENSMUSP00000125187,6.0
Fxyd5,10090.ENSMUSP00000124203,6.0
Fxyd5,10090.ENSMUSP00000123813,6.0
Fxyd5,10090.ENSMUSP00000125285,6.0
Fxyd5,10090.ENSMUSP00000125065,6.0
Fxyd5,10090.ENSMUSP00000125173,6.0
Fxyd5,10090.ENSMUSP00000125398,6.0
Fxyd5,10090.ENSMUSP00000144377,6.0
Fxyd5,10090.ENSMUSP00000124219,6.0
Fyn,10090.ENSMUSP00000097547,1.0
Fyn,10090.ENSMUSP00000118131,1.0
Fyn,10090.ENSMUSP00000123445,1.0
Fyn,10090.ENSMUSP00000115233,1.0
Fyn,10090.ENSMUSP00000057707,1.0
Fyn,10090.ENSMUSP00000117111,1.0
Fyn,10090.ENSMUSP00000114188,1.0
Fyn,10090.ENSMUSP00000117837,1.0
Gabarap,10090.ENSMUSP00000018711,4.0
Gabarap,10090.ENSMUSP00000104233,4.0
Gadd45a,10090.ENSMUSP00000145136,1.0
Gadd45a,10090.ENSMUSP00000145432,1.0
Gadd45a,10090.ENSMUSP00000044034,1.0
Gapdh,10090.ENSMUSP00000138403,1.0
Gapdh,10090.ENSMUSP00000138508,1.0
Gapdh,10090.ENSMUSP00000113942,1.0
Gapdh,10090.ENSMUSP00000138295,1.0
Gapdh,10090.ENSMUSP00000113213,1.0
Gapdh,10090.ENSMUSP00000073289,1.0
Gcnt1,10090.ENSMUSP00000157681,1.0
Gcnt1,10090.ENSMUSP00000157544,1.0
Gcnt1,10090.ENSMUSP00000127835,1.0
Gcnt1,10090.ENSMUSP00000133935,1.0
Gde1,10090.ENSMUSP00000147236,1.0
Gde1,10090.ENSMUSP00000147251,1.0
Gde1,10090.ENSMUSP00000046371,1.0
Gde1,10090.ENSMUSP00000122015,1.0
Gfod1,10090.ENSMUSP00000062662,1.0
Gfod1,10090.ENSMUSP00000152216,1.0
Gm15448,10090.ENSMUSP00000104260,1.0
Gm15448,10090.ENSMUSP00000121707,1.0
Gm15448,10090.ENSMUSP00000092515,1.0
Gm15448,10090.ENSMUSP00000140974,1.0
Gm15448,10090.ENSMUSP00000104259,1.0
Gm5483,10090.ENSMUSP00000110508,2.0
Gnai2,10090.ENSMUSP00000057543,1.0
Gnai2,10090.ENSMUSP00000142060,1.0
Gnai2,10090.ENSMUSP00000141472,1.0
Gnai2,10090.ENSMUSP00000142326,1.0
Gnai2,10090.ENSMUSP00000141929,1.0
Gnas,10090.ENSMUSP00000104723,1.0
Gnas,10090.ENSMUSP00000104713,1.0
Gnas,10090.ENSMUSP00000085185,1.0
Gnas,10090.ENSMUSP00000085184,1.0
Gnas,10090.ENSMUSP00000085179,1.0
Gnas,10090.ENSMUSP00000104711,1.0
Gnas,10090.ENSMUSP00000104712,1.0
Gnas,10090.ENSMUSP00000104724,1.0
Gnas,10090.ENSMUSP00000104715,1.0
Gnas,10090.ENSMUSP00000122230,1.0
Gnas,10090.ENSMUSP00000139839,1.0
Gnas,10090.ENSMUSP00000118210,1.0
Gnas,10090.ENSMUSP00000140174,1.0
Gnas,10090.ENSMUSP00000136180,1.0
Gnas,10090.ENSMUSP00000104716,1.0
Gnas,10090.ENSMUSP00000079341,1.0
Gnb2,10090.ENSMUSP00000106652,1.0
Gnb2,10090.ENSMUSP00000128038,1.0
Gnb2,10090.ENSMUSP00000119725,1.0
Gnb2,10090.ENSMUSP00000031726,1.0
Gnb2,10090.ENSMUSP00000106649,1.0
Gnb2,10090.ENSMUSP00000121942,1.0
Gnb2,10090.ENSMUSP00000126823,1.0
Gnb2,10090.ENSMUSP00000129353,1.0
Gnb2,10090.ENSMUSP00000106656,1.0
Gnb2,10090.ENSMUSP00000132908,1.0
Gng2,10090.ENSMUSP00000055256,1.0
Gng2,10090.ENSMUSP00000124725,1.0
Gng2,10090.ENSMUSP00000124153,1.0
Gng2,10090.ENSMUSP00000125141,1.0
Gng2,10090.ENSMUSP00000125697,1.0
Gng2,10090.ENSMUSP00000125000,1.0
Gng5,10090.ENSMUSP00000114014,2.0
Gng5,10090.ENSMUSP00000113018,2.0
Gng5,10090.ENSMUSP00000087485,2.0
Gngt2,10090.ENSMUSP00000103337,1.0
Gngt2,10090.ENSMUSP00000103339,1.0
Gngt2,10090.ENSMUSP00000103340,1.0
Gngt2,10090.ENSMUSP00000098101,1.0
Gngt2,10090.ENSMUSP00000047586,1.0
Gngt2,10090.ENSMUSP00000103336,1.0
Gngt2,10090.ENSMUSP00000103342,1.0
Gns,10090.ENSMUSP00000151434,2.0
Gns,10090.ENSMUSP00000151684,2.0
Gns,10090.ENSMUSP00000043167,2.0
Gns,10090.ENSMUSP00000152016,2.0
Gpbp1l1,10090.ENSMUSP00000102083,1.0
Gpbp1l1,10090.ENSMUSP00000030460,1.0
Gpr35,10090.ENSMUSP00000027489,2.0
Gpr35,10090.ENSMUSP00000126914,2.0
Gpr35,10090.ENSMUSP00000139817,2.0
Gpr35,10090.ENSMUSP00000139648,2.0
Gpr35,10090.ENSMUSP00000139787,2.0
Gpr35,10090.ENSMUSP00000070832,2.0
Gpx4,10090.ENSMUSP00000101011,2.0
Gpx4,10090.ENSMUSP00000138186,2.0
Gpx4,10090.ENSMUSP00000094863,2.0
Grina,10090.ENSMUSP00000155771,1.0
Grina,10090.ENSMUSP00000155539,1.0
Grina,10090.ENSMUSP00000154982,1.0
Grina,10090.ENSMUSP00000023225,1.0
Gsto1,10090.ENSMUSP00000026050,1.0
Gsto1,10090.ENSMUSP00000157808,1.0
Gsto1,10090.ENSMUSP00000158012,1.0
H2-D1,10090.ENSMUSP00000134582,5.0
H2-D1,10090.ENSMUSP00000134570,5.0
H2-D1,10090.ENSMUSP00000133518,5.0
H2-Eb1,10090.ENSMUSP00000157594,1.0
H2-Eb1,10090.ENSMUSP00000158533,1.0
H2-Eb1,10090.ENSMUSP00000074143,1.0
H2-K1,10090.ENSMUSP00000025181,1.0
H2-K1,10090.ENSMUSP00000158220,1.0
H2-K1,10090.ENSMUSP00000157631,1.0
H2-K1,10090.ENSMUSP00000157920,1.0
H2-K1,10090.ENSMUSP00000157649,1.0
H2-K1,10090.ENSMUSP00000084436,1.0
H2-K1,10090.ENSMUSP00000133847,1.0
H2-K1,10090.ENSMUSP00000134004,1.0
H2afj,10090.ENSMUSP00000074142,1.0
H2afj,10090.ENSMUSP00000144974,1.0
H3f3a,10090.ENSMUSP00000079816,6.0
H3f3a,10090.ENSMUSP00000125754,6.0
H3f3a,10090.ENSMUSP00000125104,6.0
H3f3a,10090.ENSMUSP00000124040,6.0
H3f3a,10090.ENSMUSP00000124509,6.0
H3f3a,10090.ENSMUSP00000123946,6.0
H3f3b,10090.ENSMUSP00000016703,7.0
H3f3b,10090.ENSMUSP00000102062,7.0
Hcar2,10090.ENSMUSP00000054104,1.0
Hdc,10090.ENSMUSP00000028838,3.0
Hectd1,10090.ENSMUSP00000046766,2.0
Hectd1,10090.ENSMUSP00000136449,2.0
Hexa,10090.ENSMUSP00000026262,1.0
Hexim1,10090.ENSMUSP00000057339,1.0
Hmg20b,10090.ENSMUSP00000100961,1.0
Hmg20b,10090.ENSMUSP00000117322,1.0
Hmg20b,10090.ENSMUSP00000128807,1.0
Hmg20b,10090.ENSMUSP00000100960,1.0
Hmg20b,10090.ENSMUSP00000137861,1.0
Hmg20b,10090.ENSMUSP00000115459,1.0
Hmg20b,10090.ENSMUSP00000020454,1.0
Hmgb1,10090.ENSMUSP00000114515,1.0
Hmgb1,10090.ENSMUSP00000144412,1.0
Hmgb1,10090.ENSMUSP00000106132,1.0
Hmgb1,10090.ENSMUSP00000144129,1.0
Hmgb1,10090.ENSMUSP00000082682,1.0
Hmgb1,10090.ENSMUSP00000106131,1.0
Hmgb1,10090.ENSMUSP00000118733,1.0
Hmgb2,10090.ENSMUSP00000065940,3.0
Hmgb2,10090.ENSMUSP00000147297,3.0
Hnrnpf,10090.ENSMUSP00000136436,1.0
Hnrnpf,10090.ENSMUSP00000136477,1.0
Hnrnpf,10090.ENSMUSP00000136700,1.0
Hnrnpf,10090.ENSMUSP00000136162,1.0
Hnrnpf,10090.ENSMUSP00000130023,1.0
Hnrnpf,10090.ENSMUSP00000126817,1.0
Hnrnpf,10090.ENSMUSP00000045048,1.0
Hnrnpf,10090.ENSMUSP00000136751,1.0
Hnrnpf,10090.ENSMUSP00000137091,1.0
Hnrnpf,10090.ENSMUSP00000137632,1.0
Hnrnph2,10090.ENSMUSP00000108829,1.0
Hnrnph2,10090.ENSMUSP00000050838,1.0
Hnrnph2,10090.ENSMUSP00000108827,1.0
Hnrnph2,10090.ENSMUSP00000074483,1.0
Hnrnph2,10090.ENSMUSP00000108828,1.0
Hp,10090.ENSMUSP00000074436,1.0
Hprt,10090.ENSMUSP00000026723,1.0
Hsp90b1,10090.ENSMUSP00000020238,1.0
Hsp90b1,10090.ENSMUSP00000122710,1.0
Hspe1,10090.ENSMUSP00000074724,1.0
Id1,10090.ENSMUSP00000105449,1.0
Id1,10090.ENSMUSP00000092019,1.0
Ier3,10090.ENSMUSP00000003635,4.0
Ier5,10090.ENSMUSP00000056948,2.0
Ifitm1,10090.ENSMUSP00000101657,8.0
Ifitm1,10090.ENSMUSP00000101655,8.0
Ifitm1,10090.ENSMUSP00000026564,8.0
Ifitm2,10090.ENSMUSP00000071470,4.0
Ifnar2,10090.ENSMUSP00000135322,1.0
Ifnar2,10090.ENSMUSP00000023693,1.0
Ifnar2,10090.ENSMUSP00000134796,1.0
Ifnar2,10090.ENSMUSP00000086443,1.0
Ifnar2,10090.ENSMUSP00000113358,1.0
Ifngr1,10090.ENSMUSP00000020188,1.0
Ifngr1,10090.ENSMUSP00000129309,1.0
Igf1r,10090.ENSMUSP00000005671,2.0
Igfbp3,10090.ENSMUSP00000020702,1.0
Igfbp3,10090.ENSMUSP00000131670,1.0
Igfbp4,10090.ENSMUSP00000135727,1.0
Igfbp4,10090.ENSMUSP00000017637,1.0
Igfbp4,10090.ENSMUSP00000135112,1.0
Il17ra,10090.ENSMUSP00000002976,1.0
Il1b,10090.ENSMUSP00000028881,5.0
Il1r2,10090.ENSMUSP00000141804,7.0
Il1r2,10090.ENSMUSP00000141882,7.0
Il1r2,10090.ENSMUSP00000141785,7.0
Il1r2,10090.ENSMUSP00000027243,7.0
Il1rn,10090.ENSMUSP00000110131,16.0
Il1rn,10090.ENSMUSP00000110126,16.0
Il1rn,10090.ENSMUSP00000141269,16.0
Il1rn,10090.ENSMUSP00000110129,16.0
Ilkap,10090.ENSMUSP00000139834,1.0
Ilkap,10090.ENSMUSP00000140752,1.0
Ilkap,10090.ENSMUSP00000139962,1.0
Ilkap,10090.ENSMUSP00000140182,1.0
Ilkap,10090.ENSMUSP00000027534,1.0
Ilkap,10090.ENSMUSP00000140048,1.0
Ilkap,10090.ENSMUSP00000140905,1.0
Ilkap,10090.ENSMUSP00000140074,1.0
Inf2,10090.ENSMUSP00000152851,1.0
Inf2,10090.ENSMUSP00000152590,1.0
Inf2,10090.ENSMUSP00000098591,1.0
Inpp5d,10090.ENSMUSP00000131244,1.0
Inpp5d,10090.ENSMUSP00000132384,1.0
Inpp5d,10090.ENSMUSP00000127941,1.0
Inpp5d,10090.ENSMUSP00000072763,1.0
Inpp5d,10090.ENSMUSP00000126569,1.0
Inpp5d,10090.ENSMUSP00000128700,1.0
Inpp5d,10090.ENSMUSP00000130336,1.0
Inpp5d,10090.ENSMUSP00000044647,1.0
Iqgap1,10090.ENSMUSP00000145556,1.0
Iqgap1,10090.ENSMUSP00000145991,1.0
Iqgap1,10090.ENSMUSP00000128278,1.0
Iqgap1,10090.ENSMUSP00000146126,1.0
Irak2,10090.ENSMUSP00000144848,1.0
Irak2,10090.ENSMUSP00000086417,1.0
Irak2,10090.ENSMUSP00000086416,1.0
Irak2,10090.ENSMUSP00000055073,1.0
Irf2bp2,10090.ENSMUSP00000062753,1.0
Isy1,10090.ENSMUSP00000144710,1.0
Isy1,10090.ENSMUSP00000086923,1.0
Isy1,10090.ENSMUSP00000145001,1.0
Isy1,10090.ENSMUSP00000144956,1.0
Itgb2,10090.ENSMUSP00000137865,1.0
Itgb2,10090.ENSMUSP00000137734,1.0
Itgb2,10090.ENSMUSP00000000299,1.0
Itgb2,10090.ENSMUSP00000119657,1.0
Itgb2,10090.ENSMUSP00000118191,1.0
Itm2b,10090.ENSMUSP00000022704,1.0
Itm2b,10090.ENSMUSP00000153948,1.0
Itm2b,10090.ENSMUSP00000154011,1.0
Jmjd1c,10090.ENSMUSP00000154840,1.0
Jmjd1c,10090.ENSMUSP00000155528,1.0
Jmjd1c,10090.ENSMUSP00000134551,1.0
Jmjd1c,10090.ENSMUSP00000155786,1.0
Jmjd1c,10090.ENSMUSP00000134246,1.0
Jmjd1c,10090.ENSMUSP00000133700,1.0
Jmjd1c,10090.ENSMUSP00000155423,1.0
Jmjd1c,10090.ENSMUSP00000056227,1.0
Jun,10090.ENSMUSP00000102711,2.0
Kansl1l,10090.ENSMUSP00000118603,1.0
Kansl1l,10090.ENSMUSP00000109620,1.0
Kansl1l,10090.ENSMUSP00000063843,1.0
Kif3a,10090.ENSMUSP00000113848,1.0
Kif3a,10090.ENSMUSP00000112782,1.0
Kif3a,10090.ENSMUSP00000115161,1.0
Kif3a,10090.ENSMUSP00000056197,1.0
Kif3a,10090.ENSMUSP00000116509,1.0
Kif3a,10090.ENSMUSP00000120388,1.0
Kif3a,10090.ENSMUSP00000133432,1.0
Klf6,10090.ENSMUSP00000000080,1.0
Klf6,10090.ENSMUSP00000152088,1.0
Kras,10090.ENSMUSP00000032399,1.0
Kras,10090.ENSMUSP00000107339,1.0
Kras,10090.ENSMUSP00000118251,1.0
Kras,10090.ENSMUSP00000145294,1.0
Kras,10090.ENSMUSP00000119414,1.0
Krcc1,10090.ENSMUSP00000079748,1.0
Krcc1,10090.ENSMUSP00000145024,1.0
Krcc1,10090.ENSMUSP00000130252,1.0
Krcc1,10090.ENSMUSP00000145416,1.0
Lamp1,10090.ENSMUSP00000033824,1.0
Laptm5,10090.ENSMUSP00000123382,3.0
Laptm5,10090.ENSMUSP00000121133,3.0
Laptm5,10090.ENSMUSP00000030316,3.0
Laptm5,10090.ENSMUSP00000118415,3.0
Lasp1,10090.ENSMUSP00000119538,1.0
Lasp1,10090.ENSMUSP00000042123,1.0
Lasp1,10090.ENSMUSP00000123165,1.0
Lasp1,10090.ENSMUSP00000120645,1.0
Lasp1,10090.ENSMUSP00000121907,1.0
Lasp1,10090.ENSMUSP00000127792,1.0
Lasp1,10090.ENSMUSP00000114407,1.0
Lasp1,10090.ENSMUSP00000123050,1.0
Lasp1,10090.ENSMUSP00000114306,1.0
Lasp1,10090.ENSMUSP00000115308,1.0
Lasp1,10090.ENSMUSP00000116102,1.0
Lasp1,10090.ENSMUSP00000119797,1.0
Lasp1,10090.ENSMUSP00000120458,1.0
Lcn2,10090.ENSMUSP00000053962,1.0
Lcn2,10090.ENSMUSP00000141430,1.0
Lcp1,10090.ENSMUSP00000121201,1.0
Lcp1,10090.ENSMUSP00000117984,1.0
Lcp1,10090.ENSMUSP00000117137,1.0
Lcp1,10090.ENSMUSP00000116033,1.0
Lcp1,10090.ENSMUSP00000116271,1.0
Lcp1,10090.ENSMUSP00000118721,1.0
Lcp1,10090.ENSMUSP00000121376,1.0
Lilr4b,10090.ENSMUSP00000099958,1.0
Lilr4b,10090.ENSMUSP00000151407,1.0
Lilr4b,10090.ENSMUSP00000151625,1.0
Lilr4b,10090.ENSMUSP00000151563,1.0
Lilrb4a,10090.ENSMUSP00000151694,1.0
Lilrb4a,10090.ENSMUSP00000151580,1.0
Lilrb4a,10090.ENSMUSP00000077833,1.0
Lilrb4a,10090.ENSMUSP00000151225,1.0
Lilrb4a,10090.ENSMUSP00000151303,1.0
Litaf,10090.ENSMUSP00000023143,1.0
Litaf,10090.ENSMUSP00000123948,1.0
Litaf,10090.ENSMUSP00000112667,1.0
Lrp10,10090.ENSMUSP00000154017,1.0
Lrp10,10090.ENSMUSP00000022782,1.0
Lrp10,10090.ENSMUSP00000154451,1.0
Lst1,10090.ENSMUSP00000094949,1.0
Lyz2,10090.ENSMUSP00000089801,1.0
Map4k4,10090.ENSMUSP00000141332,2.0
Map4k4,10090.ENSMUSP00000129796,2.0
Map4k4,10090.ENSMUSP00000126961,2.0
Map4k4,10090.ENSMUSP00000141665,2.0
Map4k4,10090.ENSMUSP00000141235,2.0
Map4k4,10090.ENSMUSP00000141400,2.0
Map4k4,10090.ENSMUSP00000141573,2.0
Map4k4,10090.ENSMUSP00000142056,2.0
Map4k4,10090.ENSMUSP00000141613,2.0
Map4k4,10090.ENSMUSP00000141956,2.0
Map4k4,10090.ENSMUSP00000141862,2.0
Mapk6,10090.ENSMUSP00000129024,1.0
Mapk6,10090.ENSMUSP00000040315,1.0
Mapkapk2,10090.ENSMUSP00000141124,1.0
Mapkapk2,10090.ENSMUSP00000016672,1.0
March7,10090.ENSMUSP00000099808,1.0
March7,10090.ENSMUSP00000068961,1.0
March7,10090.ENSMUSP00000099809,1.0
March7,10090.ENSMUSP00000116925,1.0
Mbnl2,10090.ENSMUSP00000154734,1.0
Mbnl2,10090.ENSMUSP00000154652,1.0
Mbnl2,10090.ENSMUSP00000126186,1.0
Mbnl2,10090.ENSMUSP00000085763,1.0
Mbnl2,10090.ENSMUSP00000153973,1.0
Mbnl2,10090.ENSMUSP00000154559,1.0
Mcrip1,10090.ENSMUSP00000034913,1.0
Mcts1,10090.ENSMUSP00000000365,1.0
Metrnl,10090.ENSMUSP00000038126,2.0
Metrnl,10090.ENSMUSP00000101695,2.0
Metrnl,10090.ENSMUSP00000122949,2.0
Mkln1,10090.ENSMUSP00000026699,1.0
Mkln1,10090.ENSMUSP00000123048,1.0
Mrpl33,10090.ENSMUSP00000144669,3.0
Mrpl33,10090.ENSMUSP00000031024,3.0
Msn,10090.ENSMUSP00000113071,1.0
Msrb1,10090.ENSMUSP00000099300,3.0
Msrb1,10090.ENSMUSP00000110917,3.0
Mt2,10090.ENSMUSP00000148308,1.0
Mt2,10090.ENSMUSP00000034214,1.0
Mtdh,10090.ENSMUSP00000128288,1.0
Mtdh,10090.ENSMUSP00000131814,1.0
Mtdh,10090.ENSMUSP00000129500,1.0
Mtdh,10090.ENSMUSP00000022865,1.0
Mtdh,10090.ENSMUSP00000154553,1.0
Mtdh,10090.ENSMUSP00000130190,1.0
Mtdh,10090.ENSMUSP00000126167,1.0
Mxd1,10090.ENSMUSP00000145396,1.0
Mxd1,10090.ENSMUSP00000001184,1.0
Mxd1,10090.ENSMUSP00000145081,1.0
Myl12a,10090.ENSMUSP00000156508,1.0
Myl12a,10090.ENSMUSP00000024846,1.0
Myl12a,10090.ENSMUSP00000156693,1.0
Myl12a,10090.ENSMUSP00000156522,1.0
Myl12a,10090.ENSMUSP00000119491,1.0
Myl12a,10090.ENSMUSP00000114712,1.0
Myl12a,10090.ENSMUSP00000123412,1.0
Myl12a,10090.ENSMUSP00000116398,1.0
Myl6,10090.ENSMUSP00000128803,2.0
Myl6,10090.ENSMUSP00000151915,2.0
Myl6,10090.ENSMUSP00000151250,2.0
Myl6,10090.ENSMUSP00000151786,2.0
Myl6,10090.ENSMUSP00000151991,2.0
Myl6,10090.ENSMUSP00000151236,2.0
Myl6,10090.ENSMUSP00000151693,2.0
Myl6,10090.ENSMUSP00000151914,2.0
Ncapg2,10090.ENSMUSP00000152505,2.0
Ncapg2,10090.ENSMUSP00000081889,2.0
Ncapg2,10090.ENSMUSP00000152384,2.0
Ncapg2,10090.ENSMUSP00000152831,2.0
Ncor1,10090.ENSMUSP00000122647,1.0
Ncor1,10090.ENSMUSP00000038900,1.0
Ncor1,10090.ENSMUSP00000124045,1.0
Ncor1,10090.ENSMUSP00000122654,1.0
Ncor1,10090.ENSMUSP00000124698,1.0
Ncor1,10090.ENSMUSP00000124175,1.0
Ncor1,10090.ENSMUSP00000125317,1.0
Ncor1,10090.ENSMUSP00000098628,1.0
Ncor1,10090.ENSMUSP00000125458,1.0
Ncor1,10090.ENSMUSP00000068974,1.0
Ncor1,10090.ENSMUSP00000121806,1.0
Ncor1,10090.ENSMUSP00000124120,1.0
Ncor1,10090.ENSMUSP00000018645,1.0
Ncor1,10090.ENSMUSP00000123822,1.0
Ncor1,10090.ENSMUSP00000098627,1.0
Nek6,10090.ENSMUSP00000108523,1.0
Nek6,10090.ENSMUSP00000114376,1.0
Nek6,10090.ENSMUSP00000049723,1.0
Nek6,10090.ENSMUSP00000108516,1.0
Nek6,10090.ENSMUSP00000120294,1.0
Neu1,10090.ENSMUSP00000007253,1.0
Neurl3,10090.ENSMUSP00000139665,1.0
Neurl3,10090.ENSMUSP00000055437,1.0
Nfkbia,10090.ENSMUSP00000021413,3.0
Nipa2,10090.ENSMUSP00000120798,2.0
Nipa2,10090.ENSMUSP00000116219,2.0
Nipa2,10090.ENSMUSP00000032635,2.0
Nipa2,10090.ENSMUSP00000113727,2.0
Nipa2,10090.ENSMUSP00000112394,2.0
Nipa2,10090.ENSMUSP00000119946,2.0
Nipa2,10090.ENSMUSP00000114020,2.0
Noct,10090.ENSMUSP00000130347,1.0
Noct,10090.ENSMUSP00000142216,1.0
Noct,10090.ENSMUSP00000141416,1.0
Noct,10090.ENSMUSP00000023849,1.0
Npc1,10090.ENSMUSP00000025279,1.0
Nudt4,10090.ENSMUSP00000020217,2.0
Nudt9,10090.ENSMUSP00000115170,1.0
Nudt9,10090.ENSMUSP00000119820,1.0
Nudt9,10090.ENSMUSP00000114631,1.0
Nudt9,10090.ENSMUSP00000117181,1.0
Nudt9,10090.ENSMUSP00000031250,1.0
Nup54,10090.ENSMUSP00000046540,1.0
Nup54,10090.ENSMUSP00000121171,1.0
Nup54,10090.ENSMUSP00000117237,1.0
Nup54,10090.ENSMUSP00000120937,1.0
Nupr1,10090.ENSMUSP00000139489,1.0
Nupr1,10090.ENSMUSP00000145914,1.0
Nupr1,10090.ENSMUSP00000032961,1.0
Orc3,10090.ENSMUSP00000048319,1.0
Orc3,10090.ENSMUSP00000103777,1.0
Orc3,10090.ENSMUSP00000119335,1.0
Osbp,10090.ENSMUSP00000025590,1.0
Ostf1,10090.ENSMUSP00000157475,1.0
Ostf1,10090.ENSMUSP00000157998,1.0
Ostf1,10090.ENSMUSP00000025631,1.0
Pbdc1,10090.ENSMUSP00000033577,1.0
Pbdc1,10090.ENSMUSP00000113288,1.0
Pcf11,10090.ENSMUSP00000146885,1.0
Pcf11,10090.ENSMUSP00000113717,1.0
Pcf11,10090.ENSMUSP00000115278,1.0
Pcf11,10090.ENSMUSP00000146556,1.0
Pdcd6ip,10090.ENSMUSP00000035086,1.0
Pdcd6ip,10090.ENSMUSP00000107492,1.0
Pde4b,10090.ENSMUSP00000102520,1.0
Pde4b,10090.ENSMUSP00000134690,1.0
Pde4b,10090.ENSMUSP00000102521,1.0
Pde4b,10090.ENSMUSP00000102514,1.0
Pde4b,10090.ENSMUSP00000134340,1.0
Pde4b,10090.ENSMUSP00000095562,1.0
Pde4b,10090.ENSMUSP00000095561,1.0
Pde4b,10090.ENSMUSP00000102524,1.0
Pde4b,10090.ENSMUSP00000133413,1.0
Pde4b,10090.ENSMUSP00000102517,1.0
Pde4b,10090.ENSMUSP00000030251,1.0
Pdia3,10090.ENSMUSP00000119337,1.0
Pdia3,10090.ENSMUSP00000028683,1.0
Pds5a,10090.ENSMUSP00000031104,1.0
Pds5a,10090.ENSMUSP00000144171,1.0
Pds5a,10090.ENSMUSP00000144463,1.0
Pet100,10090.ENSMUSP00000137626,1.0
Pet100,10090.ENSMUSP00000146950,1.0
Pet100,10090.ENSMUSP00000146433,1.0
Pet100,10090.ENSMUSP00000146942,1.0
Pfn1,10090.ENSMUSP00000018437,1.0
Pfn1,10090.ENSMUSP00000136219,1.0
Pfn1,10090.ENSMUSP00000104189,1.0
Pglyrp1,10090.ENSMUSP00000032573,2.0
Pibf1,10090.ENSMUSP00000022650,1.0
Pilra,10090.ENSMUSP00000106608,1.0
Pilra,10090.ENSMUSP00000050313,1.0
Pilra,10090.ENSMUSP00000142391,1.0
Pilra,10090.ENSMUSP00000142631,1.0
Pirb,10090.ENSMUSP00000077546,1.0
Pkm,10090.ENSMUSP00000151199,1.0
Pkm,10090.ENSMUSP00000150901,1.0
Pkm,10090.ENSMUSP00000128770,1.0
Pkm,10090.ENSMUSP00000149983,1.0
Pkm,10090.ENSMUSP00000150509,1.0
Pkm,10090.ENSMUSP00000150578,1.0
Pkm,10090.ENSMUSP00000149206,1.0
Pkm,10090.ENSMUSP00000150188,1.0
Pkm,10090.ENSMUSP00000034834,1.0
Plek,10090.ENSMUSP00000122225,4.0
Plek,10090.ENSMUSP00000099945,4.0
Plek,10090.ENSMUSP00000020321,4.0
Plin2,10090.ENSMUSP00000123333,1.0
Plin2,10090.ENSMUSP00000123456,1.0
Plin2,10090.ENSMUSP00000000466,1.0
Plin2,10090.ENSMUSP00000119063,1.0
Pnrc1,10090.ENSMUSP00000040377,1.0
Polr1e,10090.ENSMUSP00000029999,1.0
Polr1e,10090.ENSMUSP00000121007,1.0
Polr1e,10090.ENSMUSP00000059941,1.0
Polr1e,10090.ENSMUSP00000103444,1.0
Polr2f,10090.ENSMUSP00000155332,1.0
Polr2f,10090.ENSMUSP00000155409,1.0
Polr2f,10090.ENSMUSP00000043566,1.0
Por,10090.ENSMUSP00000119138,1.0
Por,10090.ENSMUSP00000121531,1.0
Por,10090.ENSMUSP00000005651,1.0
Por,10090.ENSMUSP00000112924,1.0
Por,10090.ENSMUSP00000121022,1.0
Ppcdc,10090.ENSMUSP00000149381,1.0
Ppcdc,10090.ENSMUSP00000149007,1.0
Ppcdc,10090.ENSMUSP00000150738,1.0
Ppcdc,10090.ENSMUSP00000150007,1.0
Ppcdc,10090.ENSMUSP00000148917,1.0
Ppcdc,10090.ENSMUSP00000150577,1.0
Ppcdc,10090.ENSMUSP00000149653,1.0
Ppcdc,10090.ENSMUSP00000150210,1.0
Ppcdc,10090.ENSMUSP00000149389,1.0
Ppcdc,10090.ENSMUSP00000082856,1.0
Ppcdc,10090.ENSMUSP00000148870,1.0
Ppcdc,10090.ENSMUSP00000150385,1.0
Ppib,10090.ENSMUSP00000034947,1.0
Ppp1cb,10090.ENSMUSP00000144350,1.0
Ppp1cb,10090.ENSMUSP00000144047,1.0
Ppp1cb,10090.ENSMUSP00000015100,1.0
Ppp1cb,10090.ENSMUSP00000144167,1.0
Ppp2ca,10090.ENSMUSP00000020608,1.0
Ppp2r5a,10090.ENSMUSP00000141288,1.0
Ppp2r5a,10090.ENSMUSP00000070726,1.0
Prdx5,10090.ENSMUSP00000158249,2.0
Prdx5,10090.ENSMUSP00000025904,2.0
Prdx5,10090.ENSMUSP00000135084,2.0
Prdx5,10090.ENSMUSP00000134521,2.0
Psap,10090.ENSMUSP00000004316,1.0
Psap,10090.ENSMUSP00000137286,1.0
Psap,10090.ENSMUSP00000126407,1.0
Psap,10090.ENSMUSP00000101105,1.0
Psap,10090.ENSMUSP00000137476,1.0
Psd4,10090.ENSMUSP00000132395,1.0
Psd4,10090.ENSMUSP00000100006,1.0
Psd4,10090.ENSMUSP00000141910,1.0
Psd4,10090.ENSMUSP00000141819,1.0
Psd4,10090.ENSMUSP00000062415,1.0
Psd4,10090.ENSMUSP00000142085,1.0
Psd4,10090.ENSMUSP00000142303,1.0
Psd4,10090.ENSMUSP00000141943,1.0
Psmg3,10090.ENSMUSP00000031531,1.0
Psmg3,10090.ENSMUSP00000138161,1.0
Ptafr,10090.ENSMUSP00000070925,2.0
Ptgs2,10090.ENSMUSP00000139904,2.0
Ptgs2,10090.ENSMUSP00000035065,2.0
Ptk2b,10090.ENSMUSP00000137008,1.0
Ptk2b,10090.ENSMUSP00000086661,1.0
Ptk2b,10090.ENSMUSP00000022622,1.0
Ptk2b,10090.ENSMUSP00000122683,1.0
Ptk2b,10090.ENSMUSP00000106750,1.0
Ptp4a1,10090.ENSMUSP00000156424,1.0
Ptp4a1,10090.ENSMUSP00000027232,1.0
Ptp4a1,10090.ENSMUSP00000156862,1.0
Ptp4a1,10090.ENSMUSP00000110861,1.0
Ptpn18,10090.ENSMUSP00000140436,1.0
Ptpn18,10090.ENSMUSP00000139885,1.0
Ptpn18,10090.ENSMUSP00000027302,1.0
Ptprc,10090.ENSMUSP00000138275,2.0
Ptprc,10090.ENSMUSP00000141524,2.0
Ptprc,10090.ENSMUSP00000138350,2.0
Ptprc,10090.ENSMUSP00000142052,2.0
Ptprc,10090.ENSMUSP00000138800,2.0
Pxn,10090.ENSMUSP00000144513,1.0
Pxn,10090.ENSMUSP00000144459,1.0
Pxn,10090.ENSMUSP00000148843,1.0
Pxn,10090.ENSMUSP00000069624,1.0
Pxn,10090.ENSMUSP00000083709,1.0
Pxn,10090.ENSMUSP00000143926,1.0
R3hdm4,10090.ENSMUSP00000151535,2.0
R3hdm4,10090.ENSMUSP00000151679,2.0
R3hdm4,10090.ENSMUSP00000151403,2.0
R3hdm4,10090.ENSMUSP00000151887,2.0
R3hdm4,10090.ENSMUSP00000044570,2.0
R3hdm4,10090.ENSMUSP00000132266,2.0
Rab11fip1,10090.ENSMUSP00000058042,1.0
Rab11fip1,10090.ENSMUSP00000033878,1.0
Rab11fip1,10090.ENSMUSP00000147543,1.0
Rab20,10090.ENSMUSP00000033900,1.0
Rab5c,10090.ENSMUSP00000102987,1.0
Rab5c,10090.ENSMUSP00000117656,1.0
Rab5c,10090.ENSMUSP00000123581,1.0
Rab5c,10090.ENSMUSP00000019317,1.0
Rab7,10090.ENSMUSP00000109228,1.0
Rab7,10090.ENSMUSP00000109230,1.0
Rab7,10090.ENSMUSP00000109227,1.0
Rab7,10090.ENSMUSP00000145097,1.0
Rab7,10090.ENSMUSP00000109226,1.0
Rab7,10090.ENSMUSP00000145215,1.0
Rab7,10090.ENSMUSP00000092658,1.0
Rabgef1,10090.ENSMUSP00000118590,1.0
Rabgef1,10090.ENSMUSP00000112537,1.0
Rabgef1,10090.ENSMUSP00000026390,1.0
Rabgef1,10090.ENSMUSP00000114103,1.0
Rabgef1,10090.ENSMUSP00000119245,1.0
Rad23a,10090.ENSMUSP00000114431,1.0
Rad23a,10090.ENSMUSP00000105383,1.0
Rad23a,10090.ENSMUSP00000115664,1.0
Rad23a,10090.ENSMUSP00000003911,1.0
Rad51d,10090.ENSMUSP00000018985,1.0
Rad51d,10090.ENSMUSP00000098284,1.0
Rad51d,10090.ENSMUSP00000122477,1.0
Rad51d,10090.ENSMUSP00000090520,1.0
Rad51d,10090.ENSMUSP00000117401,1.0
Rad51d,10090.ENSMUSP00000021033,1.0
Raly,10090.ENSMUSP00000119126,1.0
Raly,10090.ENSMUSP00000029120,1.0
Raly,10090.ENSMUSP00000105323,1.0
Raly,10090.ENSMUSP00000112090,1.0
Raly,10090.ENSMUSP00000058105,1.0
Raly,10090.ENSMUSP00000119108,1.0
Raly,10090.ENSMUSP00000114185,1.0
Rap1b,10090.ENSMUSP00000151578,1.0
Rap1b,10090.ENSMUSP00000066238,1.0
Rara,10090.ENSMUSP00000103099,2.0
Rara,10090.ENSMUSP00000103098,2.0
Rara,10090.ENSMUSP00000103097,2.0
Rara,10090.ENSMUSP00000069744,2.0
Rara,10090.ENSMUSP00000129791,2.0
Rbm39,10090.ENSMUSP00000116950,1.0
Rbm39,10090.ENSMUSP00000115488,1.0
Rbm39,10090.ENSMUSP00000119054,1.0
Rbm39,10090.ENSMUSP00000120597,1.0
Rbm39,10090.ENSMUSP00000029149,1.0
Rbm39,10090.ENSMUSP00000116820,1.0
Rbm39,10090.ENSMUSP00000117462,1.0
Rbm39,10090.ENSMUSP00000121603,1.0
Rbm39,10090.ENSMUSP00000124018,1.0
Rbm39,10090.ENSMUSP00000119204,1.0
Rbm39,10090.ENSMUSP00000119541,1.0
Rbm39,10090.ENSMUSP00000119298,1.0
Rbm39,10090.ENSMUSP00000114824,1.0
Rbm39,10090.ENSMUSP00000105213,1.0
Rbm39,10090.ENSMUSP00000105216,1.0
Recql5,10090.ENSMUSP00000136506,1.0
Recql5,10090.ENSMUSP00000137157,1.0
Recql5,10090.ENSMUSP00000021097,1.0
Recql5,10090.ENSMUSP00000136178,1.0
Reep5,10090.ENSMUSP00000006027,1.0
Reep5,10090.ENSMUSP00000158509,1.0
Reep5,10090.ENSMUSP00000158434,1.0
Reep5,10090.ENSMUSP00000158286,1.0
Rest,10090.ENSMUSP00000109076,1.0
Rest,10090.ENSMUSP00000079231,1.0
Rexo2,10090.ENSMUSP00000034524,1.0
Rexo2,10090.ENSMUSP00000149774,1.0
Rexo2,10090.ENSMUSP00000149074,1.0
Rexo2,10090.ENSMUSP00000149784,1.0
Rhoa,10090.ENSMUSP00000141572,1.0
Rhoa,10090.ENSMUSP00000007959,1.0
Rhoa,10090.ENSMUSP00000141967,1.0
Rlim,10090.ENSMUSP00000070662,1.0
Rlim,10090.ENSMUSP00000112820,1.0
Rnf130,10090.ENSMUSP00000099837,1.0
Rnf130,10090.ENSMUSP00000056345,1.0
Rnf149,10090.ENSMUSP00000141233,2.0
Rnf149,10090.ENSMUSP00000141667,2.0
Rnf149,10090.ENSMUSP00000050388,2.0
Rnf44,10090.ENSMUSP00000122292,1.0
Rnf44,10090.ENSMUSP00000136732,1.0
Rnf44,10090.ENSMUSP00000122161,1.0
Rnf44,10090.ENSMUSP00000119466,1.0
Rnf44,10090.ENSMUSP00000114259,1.0
Rnf44,10090.ENSMUSP00000118474,1.0
Rnf44,10090.ENSMUSP00000118186,1.0
Rnf44,10090.ENSMUSP00000123198,1.0
Rnf44,10090.ENSMUSP00000116043,1.0
Rnf44,10090.ENSMUSP00000118244,1.0
Rnf44,10090.ENSMUSP00000117050,1.0
Rnf44,10090.ENSMUSP00000121611,1.0
Rnf44,10090.ENSMUSP00000043974,1.0
Rnf44,10090.ENSMUSP00000116850,1.0
Rnh1,10090.ENSMUSP00000101651,1.0
Rnh1,10090.ENSMUSP00000147511,1.0
Rnh1,10090.ENSMUSP00000147718,1.0
Rnh1,10090.ENSMUSP00000133061,1.0
Rnh1,10090.ENSMUSP00000147928,1.0
Rpl10,10090.ENSMUSP00000115919,2.0
Rpl10,10090.ENSMUSP00000119500,2.0
Rpl10,10090.ENSMUSP00000008826,2.0
Rpl10,10090.ENSMUSP00000082055,2.0
Rpl13,10090.ENSMUSP00000000756,1.0
Rpl19,10090.ENSMUSP00000017548,1.0
Rpl19,10090.ENSMUSP00000103181,1.0
Rpl23,10090.ENSMUSP00000117316,2.0
Rpl23,10090.ENSMUSP00000099435,2.0
Rpl24,10090.ENSMUSP00000023269,1.0
Rpl27a,10090.ENSMUSP00000123410,1.0
Rpl27a,10090.ENSMUSP00000134650,1.0
Rpl34,10090.ENSMUSP00000086614,2.0
Rpl34,10090.ENSMUSP00000142486,2.0
Rpl34,10090.ENSMUSP00000142951,2.0
Rpl34,10090.ENSMUSP00000143752,2.0
Rpl34,10090.ENSMUSP00000078092,2.0
Rpl35a,10090.ENSMUSP00000077857,2.0
Rpl35a,10090.ENSMUSP00000110731,2.0
Rpl35a,10090.ENSMUSP00000110730,2.0
Rpl35a,10090.ENSMUSP00000110728,2.0
Rpl35a,10090.ENSMUSP00000110727,2.0
Rpl37a,10090.ENSMUSP00000148267,1.0
Rpl37a,10090.ENSMUSP00000058919,1.0
Rpl39,10090.ENSMUSP00000110886,1.0
Rpl8,10090.ENSMUSP00000155657,2.0
Rpl8,10090.ENSMUSP00000004072,2.0
Rpl9,10090.ENSMUSP00000142883,1.0
Rpl9,10090.ENSMUSP00000113391,1.0
Rpl9,10090.ENSMUSP00000115577,1.0
Rpl9,10090.ENSMUSP00000143264,1.0
Rpl9,10090.ENSMUSP00000113704,1.0
Rpl9,10090.ENSMUSP00000109399,1.0
Rplp0,10090.ENSMUSP00000138289,1.0
Rplp0,10090.ENSMUSP00000083705,1.0
Rplp0,10090.ENSMUSP00000114332,1.0
Rplp1,10090.ENSMUSP00000008036,1.0
Rps10,10090.ENSMUSP00000136042,1.0
Rps10,10090.ENSMUSP00000156208,1.0
Rps10,10090.ENSMUSP00000110531,1.0
Rps10,10090.ENSMUSP00000025052,1.0
Rps10,10090.ENSMUSP00000110532,1.0
Rps10,10090.ENSMUSP00000156346,1.0
Rps13,10090.ENSMUSP00000146136,1.0
Rps13,10090.ENSMUSP00000146272,1.0
Rps13,10090.ENSMUSP00000126294,1.0
Rps16,10090.ENSMUSP00000103940,1.0
Rps2,10090.ENSMUSP00000131474,1.0
Rps2,10090.ENSMUSP00000114529,1.0
Rps2,10090.ENSMUSP00000092502,1.0
Rps2,10090.ENSMUSP00000120715,1.0
Rps20,10090.ENSMUSP00000120528,1.0
Rps23,10090.ENSMUSP00000054490,1.0
Rps24,10090.ENSMUSP00000125977,2.0
Rps24,10090.ENSMUSP00000153659,2.0
Rps24,10090.ENSMUSP00000153637,2.0
Rps24,10090.ENSMUSP00000152944,2.0
Rps24,10090.ENSMUSP00000108003,2.0
Rps26,10090.ENSMUSP00000026420,1.0
Rps27,10090.ENSMUSP00000143402,2.0
Rps27,10090.ENSMUSP00000142942,2.0
Rps27,10090.ENSMUSP00000132102,2.0
Rps27,10090.ENSMUSP00000142536,2.0
Rps29,10090.ENSMUSP00000038352,2.0
Rps3,10090.ENSMUSP00000102713,1.0
Rps3,10090.ENSMUSP00000146709,1.0
Rps3,10090.ENSMUSP00000032998,1.0
Rps3a1,10090.ENSMUSP00000029722,3.0
Rps6,10090.ENSMUSP00000099878,1.0
Rps7,10090.ENSMUSP00000073880,1.0
Rps7,10090.ENSMUSP00000152456,1.0
Rps9,10090.ENSMUSP00000104265,6.0
Rps9,10090.ENSMUSP00000104264,6.0
Rps9,10090.ENSMUSP00000120736,6.0
Rps9,10090.ENSMUSP00000104263,6.0
Rps9,10090.ENSMUSP00000114894,6.0
Rps9,10090.ENSMUSP00000006496,6.0
Rps9,10090.ENSMUSP00000116623,6.0
Runx1,10090.ENSMUSP00000023673,1.0
Runx1,10090.ENSMUSP00000140419,1.0
Runx1,10090.ENSMUSP00000131079,1.0
Runx1,10090.ENSMUSP00000109589,1.0
Runx1,10090.ENSMUSP00000139819,1.0
Runx2,10090.ENSMUSP00000109198,1.0
Runx2,10090.ENSMUSP00000123743,1.0
Runx2,10090.ENSMUSP00000125284,1.0
Runx2,10090.ENSMUSP00000124918,1.0
Runx2,10090.ENSMUSP00000124494,1.0
Runx2,10090.ENSMUSP00000109201,1.0
Runx2,10090.ENSMUSP00000123707,1.0
Runx2,10090.ENSMUSP00000125498,1.0
Runx2,10090.ENSMUSP00000124374,1.0
Runx2,10090.ENSMUSP00000124199,1.0
Runx2,10090.ENSMUSP00000109202,1.0
Runx2,10090.ENSMUSP00000125196,1.0
Rybp,10090.ENSMUSP00000098677,2.0
S100a11,10090.ENSMUSP00000029515,8.0
S100a13,10090.ENSMUSP00000047737,1.0
S100a4,10090.ENSMUSP00000001046,1.0
S100a4,10090.ENSMUSP00000143522,1.0
S100a6,10090.ENSMUSP00000143111,18.0
S100a6,10090.ENSMUSP00000001051,18.0
S100a6,10090.ENSMUSP00000143720,18.0
S100a8,10090.ENSMUSP00000064385,33.0
S100a9,10090.ENSMUSP00000070842,74.0
S100a9,10090.ENSMUSP00000112843,74.0
Samsn1,10090.ENSMUSP00000109877,2.0
Sat1,10090.ENSMUSP00000026318,2.0
Sat1,10090.ENSMUSP00000138776,2.0
Sat1,10090.ENSMUSP00000108170,2.0
Sdcbp,10090.ENSMUSP00000104011,1.0
Sdcbp,10090.ENSMUSP00000119838,1.0
Sdcbp,10090.ENSMUSP00000029912,1.0
Sdcbp,10090.ENSMUSP00000100073,1.0
Sdcbp,10090.ENSMUSP00000122411,1.0
Sdcbp,10090.ENSMUSP00000135777,1.0
Sec61b,10090.ENSMUSP00000067681,1.0
Sec61b,10090.ENSMUSP00000114184,1.0
Sec61b,10090.ENSMUSP00000120880,1.0
Selenok,10090.ENSMUSP00000107887,4.0
Selenok,10090.ENSMUSP00000153053,4.0
Sell,10090.ENSMUSP00000095099,3.0
Sell,10090.ENSMUSP00000027871,3.0
Sell,10090.ENSMUSP00000142237,3.0
Sell,10090.ENSMUSP00000141365,3.0
Sema4d,10090.ENSMUSP00000105667,1.0
Sema4d,10090.ENSMUSP00000105666,1.0
Sema4d,10090.ENSMUSP00000021900,1.0
Sema4d,10090.ENSMUSP00000105669,1.0
Sf3b1,10090.ENSMUSP00000027127,1.0
Sf3b1,10090.ENSMUSP00000139469,1.0
Sfpq,10090.ENSMUSP00000030623,1.0
Sgta,10090.ENSMUSP00000151345,1.0
Sgta,10090.ENSMUSP00000005067,1.0
Sgta,10090.ENSMUSP00000151678,1.0
Sgta,10090.ENSMUSP00000151949,1.0
Sh2b2,10090.ENSMUSP00000005188,1.0
Sh2b2,10090.ENSMUSP00000142398,1.0
Sh2b2,10090.ENSMUSP00000142728,1.0
Sh2b2,10090.ENSMUSP00000142515,1.0
Sh3bgrl3,10090.ENSMUSP00000030651,1.0
Sh3bgrl3,10090.ENSMUSP00000101505,1.0
Sh3glb1,10090.ENSMUSP00000143433,1.0
Sh3glb1,10090.ENSMUSP00000143312,1.0
Sh3glb1,10090.ENSMUSP00000142716,1.0
Sh3glb1,10090.ENSMUSP00000142626,1.0
Sh3glb1,10090.ENSMUSP00000129800,1.0
Sh3glb1,10090.ENSMUSP00000143031,1.0
Shisa5,10090.ENSMUSP00000143581,1.0
Shisa5,10090.ENSMUSP00000143374,1.0
Shisa5,10090.ENSMUSP00000142835,1.0
Shisa5,10090.ENSMUSP00000143721,1.0
Shisa5,10090.ENSMUSP00000143613,1.0
Shisa5,10090.ENSMUSP00000107690,1.0
Shisa5,10090.ENSMUSP00000143648,1.0
Shisa5,10090.ENSMUSP00000142978,1.0
Shisa5,10090.ENSMUSP00000026737,1.0
Shisa5,10090.ENSMUSP00000128901,1.0
Shisa5,10090.ENSMUSP00000142867,1.0
Shisa5,10090.ENSMUSP00000142874,1.0
Shisa5,10090.ENSMUSP00000142404,1.0
Shisa5,10090.ENSMUSP00000143599,1.0
Sipa1,10090.ENSMUSP00000073618,1.0
Sipa1,10090.ENSMUSP00000158378,1.0
Sipa1,10090.ENSMUSP00000079637,1.0
Sipa1,10090.ENSMUSP00000158193,1.0
Sipa1,10090.ENSMUSP00000132345,1.0
Sipa1,10090.ENSMUSP00000128208,1.0
Sipa1,10090.ENSMUSP00000157692,1.0
Sipa1,10090.ENSMUSP00000158151,1.0
Slc11a1,10090.ENSMUSP00000027368,1.0
Slc11a1,10090.ENSMUSP00000139455,1.0
Slc16a6,10090.ENSMUSP00000032206,1.0
Slc16a6,10090.ENSMUSP00000067423,1.0
Slc16a6,10090.ENSMUSP00000125950,1.0
Slc16a6,10090.ENSMUSP00000065628,1.0
Slc25a24,10090.ENSMUSP00000029477,1.0
Slc25a24,10090.ENSMUSP00000143109,1.0
Slc2a3,10090.ENSMUSP00000128076,1.0
Slc2a3,10090.ENSMUSP00000131615,1.0
Slc2a3,10090.ENSMUSP00000129925,1.0
Slc2a3,10090.ENSMUSP00000032476,1.0
Slc2a3,10090.ENSMUSP00000129604,1.0
Slc2a3,10090.ENSMUSP00000132586,1.0
Slc4a1ap,10090.ENSMUSP00000143960,1.0
Slc4a1ap,10090.ENSMUSP00000144257,1.0
Slc4a1ap,10090.ENSMUSP00000144046,1.0
Slc4a1ap,10090.ENSMUSP00000143852,1.0
Slc4a1ap,10090.ENSMUSP00000110179,1.0
Slc4a1ap,10090.ENSMUSP00000144335,1.0
Slc4a1ap,10090.ENSMUSP00000144613,1.0
Slfn2,10090.ENSMUSP00000155071,1.0
Slfn2,10090.ENSMUSP00000154943,1.0
Slfn2,10090.ENSMUSP00000035562,1.0
Slfn2,10090.ENSMUSP00000155255,1.0
Slfn2,10090.ENSMUSP00000155257,1.0
Slfn2,10090.ENSMUSP00000154959,1.0
Slk,10090.ENSMUSP00000049977,1.0
Slk,10090.ENSMUSP00000026043,1.0
Slpi,10090.ENSMUSP00000104992,2.0
Slpi,10090.ENSMUSP00000128025,2.0
Slpi,10090.ENSMUSP00000129629,2.0
Smim14,10090.ENSMUSP00000122363,1.0
Smim14,10090.ENSMUSP00000118195,1.0
Smim14,10090.ENSMUSP00000113456,1.0
Smim14,10090.ENSMUSP00000040511,1.0
Smim3,10090.ENSMUSP00000039285,1.0
Smox,10090.ENSMUSP00000028806,1.0
Smox,10090.ENSMUSP00000105811,1.0
Smox,10090.ENSMUSP00000105812,1.0
Smox,10090.ENSMUSP00000139099,1.0
Smox,10090.ENSMUSP00000139111,1.0
Smox,10090.ENSMUSP00000105809,1.0
Smox,10090.ENSMUSP00000105817,1.0
Smox,10090.ENSMUSP00000105815,1.0
Smox,10090.ENSMUSP00000139278,1.0
Smox,10090.ENSMUSP00000114956,1.0
Smox,10090.ENSMUSP00000105810,1.0
Smox,10090.ENSMUSP00000105818,1.0
Smox,10090.ENSMUSP00000120237,1.0
Smox,10090.ENSMUSP00000105808,1.0
Snrpc,10090.ENSMUSP00000156644,1.0
Snrpc,10090.ENSMUSP00000063976,1.0
Snrpc,10090.ENSMUSP00000156707,1.0
Snrpc,10090.ENSMUSP00000156747,1.0
Snx20,10090.ENSMUSP00000034087,2.0
Son,10090.ENSMUSP00000109670,1.0
Son,10090.ENSMUSP00000109671,1.0
Son,10090.ENSMUSP00000122544,1.0
Son,10090.ENSMUSP00000122320,1.0
Son,10090.ENSMUSP00000112453,1.0
Son,10090.ENSMUSP00000113129,1.0
Son,10090.ENSMUSP00000113615,1.0
Sorl1,10090.ENSMUSP00000058613,1.0
Spag9,10090.ENSMUSP00000115864,1.0
Spag9,10090.ENSMUSP00000075115,1.0
Spag9,10090.ENSMUSP00000099457,1.0
Spag9,10090.ENSMUSP00000118850,1.0
Spag9,10090.ENSMUSP00000117502,1.0
Spag9,10090.ENSMUSP00000024979,1.0
Spag9,10090.ENSMUSP00000042271,1.0
Spag9,10090.ENSMUSP00000090452,1.0
Spcs1,10090.ENSMUSP00000154169,1.0
Spcs1,10090.ENSMUSP00000154167,1.0
Spcs1,10090.ENSMUSP00000154282,1.0
Spcs1,10090.ENSMUSP00000154732,1.0
Spcs1,10090.ENSMUSP00000139654,1.0
Spsb3,10090.ENSMUSP00000112380,1.0
Spsb3,10090.ENSMUSP00000126878,1.0
Spsb3,10090.ENSMUSP00000024976,1.0
Spsb3,10090.ENSMUSP00000112492,1.0
Spsb3,10090.ENSMUSP00000112589,1.0
Spsb3,10090.ENSMUSP00000068567,1.0
Srgn,10090.ENSMUSP00000020271,22.0
Srgn,10090.ENSMUSP00000125622,22.0
Srgn,10090.ENSMUSP00000125533,22.0
Srgn,10090.ENSMUSP00000124365,22.0
Srgn,10090.ENSMUSP00000125385,22.0
Srp14,10090.ENSMUSP00000009693,1.0
Srp14,10090.ENSMUSP00000106486,1.0
Stat3,10090.ENSMUSP00000099403,2.0
Stat3,10090.ENSMUSP00000090342,2.0
Stat3,10090.ENSMUSP00000121677,2.0
Stat3,10090.ENSMUSP00000120152,2.0
Stfa2l1,10090.ENSMUSP00000078181,2.0
Stmn1,10090.ENSMUSP00000101494,1.0
Stmn1,10090.ENSMUSP00000030636,1.0
Stmn1,10090.ENSMUSP00000119547,1.0
Stmn1,10090.ENSMUSP00000101493,1.0
Sub1,10090.ENSMUSP00000106130,1.0
Sub1,10090.ENSMUSP00000022816,1.0
Syngr2,10090.ENSMUSP00000113941,1.0
Syngr2,10090.ENSMUSP00000026649,1.0
Syngr2,10090.ENSMUSP00000135171,1.0
Syngr2,10090.ENSMUSP00000135529,1.0
Syngr2,10090.ENSMUSP00000134879,1.0
Syngr2,10090.ENSMUSP00000134789,1.0
Taldo1,10090.ENSMUSP00000026576,2.0
Taldo1,10090.ENSMUSP00000147332,2.0
Taok3,10090.ENSMUSP00000119998,1.0
Taok3,10090.ENSMUSP00000136750,1.0
Taok3,10090.ENSMUSP00000116920,1.0
Taok3,10090.ENSMUSP00000117841,1.0
Taok3,10090.ENSMUSP00000090565,1.0
Taok3,10090.ENSMUSP00000107606,1.0
Taok3,10090.ENSMUSP00000107609,1.0
Tbk1,10090.ENSMUSP00000020316,1.0
Tbk1,10090.ENSMUSP00000151935,1.0
Tbk1,10090.ENSMUSP00000151440,1.0
Tchh,10090.ENSMUSP00000069525,3.0
Tfip11,10090.ENSMUSP00000031288,1.0
Tfip11,10090.ENSMUSP00000142844,1.0
Tfip11,10090.ENSMUSP00000115225,1.0
Thbs1,10090.ENSMUSP00000044903,18.0
Timm10b,10090.ENSMUSP00000148071,1.0
Timm10b,10090.ENSMUSP00000057061,1.0
Timm10b,10090.ENSMUSP00000147720,1.0
Timm10b,10090.ENSMUSP00000102396,1.0
Timm10b,10090.ENSMUSP00000102397,1.0
Timm10b,10090.ENSMUSP00000147436,1.0
Timm10b,10090.ENSMUSP00000147316,1.0
Timm10b,10090.ENSMUSP00000147549,1.0
Timm10b,10090.ENSMUSP00000148105,1.0
Timm10b,10090.ENSMUSP00000147351,1.0
Timm10b,10090.ENSMUSP00000121793,1.0
Timm10b,10090.ENSMUSP00000102395,1.0
Timm10b,10090.ENSMUSP00000102398,1.0
Timm10b,10090.ENSMUSP00000147612,1.0
Timm10b,10090.ENSMUSP00000147621,1.0
Timm10b,10090.ENSMUSP00000148176,1.0
Timm10b,10090.ENSMUSP00000122446,1.0
Timm10b,10090.ENSMUSP00000102392,1.0
Tm2d2,10090.ENSMUSP00000148166,1.0
Tm2d2,10090.ENSMUSP00000148091,1.0
Tm2d2,10090.ENSMUSP00000033961,1.0
Tmed5,10090.ENSMUSP00000113422,1.0
Tmed5,10090.ENSMUSP00000113922,1.0
Tmed5,10090.ENSMUSP00000002837,1.0
Tmed5,10090.ENSMUSP00000112406,1.0
Tmed5,10090.ENSMUSP00000112612,1.0
Tmed5,10090.ENSMUSP00000056449,1.0
Tmem167,10090.ENSMUSP00000125314,1.0
Tmem167,10090.ENSMUSP00000012566,1.0
Tmem167,10090.ENSMUSP00000124571,1.0
Tmem184b,10090.ENSMUSP00000154210,1.0
Tmem184b,10090.ENSMUSP00000136416,1.0
Tmem184b,10090.ENSMUSP00000154053,1.0
Tmem184b,10090.ENSMUSP00000155214,1.0
Tmem184b,10090.ENSMUSP00000155585,1.0
Tmem184b,10090.ENSMUSP00000074518,1.0
Tmem189,10090.ENSMUSP00000006587,2.0
Tmem33,10090.ENSMUSP00000144531,1.0
Tmem33,10090.ENSMUSP00000123834,1.0
Tmem33,10090.ENSMUSP00000124390,1.0
Tmem33,10090.ENSMUSP00000042852,1.0
Tmem33,10090.ENSMUSP00000124766,1.0
Tmem33,10090.ENSMUSP00000124765,1.0
Tmem33,10090.ENSMUSP00000124623,1.0
Tmsb4x,10090.ENSMUSP00000107795,27.0
Tmsb4x,10090.ENSMUSP00000107797,27.0
Tmsb4x,10090.ENSMUSP00000107798,27.0
Tnfrsf1b,10090.ENSMUSP00000030336,2.0
Tnfrsf1b,10090.ENSMUSP00000115702,2.0
Tnrc18,10090.ENSMUSP00000114769,1.0
Tnrc18,10090.ENSMUSP00000143178,1.0
Tnrc18,10090.ENSMUSP00000117651,1.0
Tnrc6a,10090.ENSMUSP00000091595,1.0
Tnrc6a,10090.ENSMUSP00000145912,1.0
Tnrc6a,10090.ENSMUSP00000145963,1.0
Tnrc6a,10090.ENSMUSP00000146266,1.0
Tnrc6a,10090.ENSMUSP00000146300,1.0
Tomm34,10090.ENSMUSP00000018466,1.0
Tomm34,10090.ENSMUSP00000105010,1.0
Tpd52,10090.ENSMUSP00000091943,7.0
Tpd52,10090.ENSMUSP00000123147,7.0
Tpd52,10090.ENSMUSP00000119077,7.0
Tpd52,10090.ENSMUSP00000088914,7.0
Tpd52,10090.ENSMUSP00000066826,7.0
Tpd52,10090.ENSMUSP00000112830,7.0
Tpd52,10090.ENSMUSP00000113368,7.0
Tpd52,10090.ENSMUSP00000119899,7.0
Tpd52,10090.ENSMUSP00000088913,7.0
Tpd52,10090.ENSMUSP00000120317,7.0
Tpm4,10090.ENSMUSP00000003575,2.0
Tpst2,10090.ENSMUSP00000071399,1.0
Tpst2,10090.ENSMUSP00000114592,1.0
Tpst2,10090.ENSMUSP00000116816,1.0
Tpst2,10090.ENSMUSP00000031287,1.0
Tpst2,10090.ENSMUSP00000142679,1.0
Tpt1,10090.ENSMUSP00000106519,8.0
Tpt1,10090.ENSMUSP00000121225,8.0
Trf,10090.ENSMUSP00000128390,2.0
Trf,10090.ENSMUSP00000128647,2.0
Trf,10090.ENSMUSP00000128609,2.0
Trf,10090.ENSMUSP00000035158,2.0
Trf,10090.ENSMUSP00000108264,2.0
Trf,10090.ENSMUSP00000120472,2.0
Trf,10090.ENSMUSP00000129013,2.0
Trib1,10090.ENSMUSP00000068834,4.0
Trib1,10090.ENSMUSP00000112828,4.0
Trim25,10090.ENSMUSP00000000284,1.0
Trim25,10090.ENSMUSP00000103528,1.0
Trim25,10090.ENSMUSP00000098192,1.0
Trim56,10090.ENSMUSP00000117874,1.0
Trim56,10090.ENSMUSP00000058109,1.0
Tsc22d4,10090.ENSMUSP00000106613,1.0
Tsc22d4,10090.ENSMUSP00000098108,1.0
Tsc22d4,10090.ENSMUSP00000098107,1.0
Tsc22d4,10090.ENSMUSP00000031738,1.0
Tsc22d4,10090.ENSMUSP00000120835,1.0
Tsc22d4,10090.ENSMUSP00000106611,1.0
Tslp,10090.ENSMUSP00000025237,1.0
Tspan13,10090.ENSMUSP00000152258,1.0
Tspan13,10090.ENSMUSP00000152769,1.0
Tspan13,10090.ENSMUSP00000020896,1.0
Txndc5,10090.ENSMUSP00000124401,1.0
Txndc5,10090.ENSMUSP00000041839,1.0
Txndc5,10090.ENSMUSP00000124516,1.0
Txnip,10090.ENSMUSP00000102710,1.0
Txnip,10090.ENSMUSP00000041467,1.0
Tyrobp,10090.ENSMUSP00000146494,19.0
Tyrobp,10090.ENSMUSP00000146653,19.0
Tyrobp,10090.ENSMUSP00000032800,19.0
Ubald2,10090.ENSMUSP00000058894,1.0
Ubb,10090.ENSMUSP00000019649,2.0
Ubb,10090.ENSMUSP00000117361,2.0
Ubc,10090.ENSMUSP00000115578,3.0
Ubc,10090.ENSMUSP00000114180,3.0
Ubc,10090.ENSMUSP00000104347,3.0
Ube2d3,10090.ENSMUSP00000143065,1.0
Ube2d3,10090.ENSMUSP00000142974,1.0
Ube2d3,10090.ENSMUSP00000143606,1.0
Ube2d3,10090.ENSMUSP00000101898,1.0
Ube2d3,10090.ENSMUSP00000143013,1.0
Ube2d3,10090.ENSMUSP00000130096,1.0
Ube2d3,10090.ENSMUSP00000143608,1.0
Ube2d3,10090.ENSMUSP00000143758,1.0
Ube2d3,10090.ENSMUSP00000142763,1.0
Ube2d3,10090.ENSMUSP00000142612,1.0
Ube2d3,10090.ENSMUSP00000143301,1.0
Ubn1,10090.ENSMUSP00000155263,1.0
Ubn1,10090.ENSMUSP00000061843,1.0
Ubn1,10090.ENSMUSP00000155223,1.0
Ubn1,10090.ENSMUSP00000155604,1.0
Ubxn1,10090.ENSMUSP00000157971,1.0
Ubxn1,10090.ENSMUSP00000133250,1.0
Ubxn1,10090.ENSMUSP00000093974,1.0
Unc93a,10090.ENSMUSP00000156756,1.0
Unc93a,10090.ENSMUSP00000082032,1.0
Unc93a,10090.ENSMUSP00000156970,1.0
Uqcr10,10090.ENSMUSP00000054856,1.0
Usp37,10090.ENSMUSP00000035445,1.0
Usp37,10090.ENSMUSP00000140158,1.0
Usp37,10090.ENSMUSP00000140670,1.0
Usp8,10090.ENSMUSP00000028841,1.0
Usp8,10090.ENSMUSP00000106046,1.0
Vim,10090.ENSMUSP00000028062,6.0
Vim,10090.ENSMUSP00000141494,6.0
Vim,10090.ENSMUSP00000114742,6.0
Vipas39,10090.ENSMUSP00000137190,1.0
Vipas39,10090.ENSMUSP00000072527,1.0
Vipas39,10090.ENSMUSP00000021426,1.0
Vps18,10090.ENSMUSP00000036915,1.0
Vps26a,10090.ENSMUSP00000090130,1.0
Vps26a,10090.ENSMUSP00000151774,1.0
Vps26a,10090.ENSMUSP00000151888,1.0
Vps26a,10090.ENSMUSP00000101087,1.0
Wbp1l,10090.ENSMUSP00000096975,1.0
Wbp1l,10090.ENSMUSP00000121821,1.0
Wbp1l,10090.ENSMUSP00000107486,1.0
Wbp1l,10090.ENSMUSP00000117929,1.0
Wdfy4,10090.ENSMUSP00000120118,1.0
Wdfy4,10090.ENSMUSP00000117068,1.0
Wdfy4,10090.ENSMUSP00000124728,1.0
Wdfy4,10090.ENSMUSP00000057556,1.0
Wfdc17,10090.ENSMUSP00000090511,7.0
Wipf1,10090.ENSMUSP00000119190,1.0
Wipf1,10090.ENSMUSP00000121335,1.0
Wipf1,10090.ENSMUSP00000099741,1.0
Wipf1,10090.ENSMUSP00000092268,1.0
Wipf1,10090.ENSMUSP00000099740,1.0
Wsb1,10090.ENSMUSP00000128181,1.0
Wsb1,10090.ENSMUSP00000017821,1.0
Wsb1,10090.ENSMUSP00000137999,1.0
Wsb1,10090.ENSMUSP00000131290,1.0
Yipf5,10090.ENSMUSP00000025364,1.0
Zfand5,10090.ENSMUSP00000158187,1.0
Zfand5,10090.ENSMUSP00000025659,1.0
Zfand5,10090.ENSMUSP00000122782,1.0
Zfat,10090.ENSMUSP00000124974,1.0
Zfat,10090.ENSMUSP00000125257,1.0
Zfat,10090.ENSMUSP00000125732,1.0
Zfp236,10090.ENSMUSP00000138179,1.0
Zfp236,10090.ENSMUSP00000138434,1.0
Zfp236,10090.ENSMUSP00000130004,1.0
Zfp236,10090.ENSMUSP00000138557,1.0
Zfp236,10090.ENSMUSP00000138344,1.0
Zfp263,10090.ENSMUSP00000124433,1.0
Zfp263,10090.ENSMUSP00000123725,1.0
Zfp263,10090.ENSMUSP00000023176,1.0
Zfp36,10090.ENSMUSP00000146830,1.0
Zfp36,10090.ENSMUSP00000057815,1.0
Zfp36l1,10090.ENSMUSP00000127522,1.0
Zfp36l1,10090.ENSMUSP00000151269,1.0
Zfp36l1,10090.ENSMUSP00000021552,1.0
Zfp36l1,10090.ENSMUSP00000151682,1.0
Zfp36l2,10090.ENSMUSP00000050820,1.0
Zfp469,10090.ENSMUSP00000114769,1.0
Zfp469,10090.ENSMUSP00000143178,1.0
Zfp469,10090.ENSMUSP00000117651,1.0
Zfp560,10090.ENSMUSP00000150927,1.0
Zfp560,10090.ENSMUSP00000065620,1.0
Zfp608,10090.ENSMUSP00000157650,1.0
Zfp608,10090.ENSMUSP00000068192,1.0
Zyx,10090.ENSMUSP00000070427,1.0
Zyx,10090.ENSMUSP00000145052,1.0
Zyx,10090.ENSMUSP00000145189,1.0
Zyx,10090.ENSMUSP00000145451,1.0
Zyx,10090.ENSMUSP00000144863,1.0
Zyx,10090.ENSMUSP00000145236,1.0
Zyx,10090.ENSMUSP00000126622,1.0
mt-Co1,10090.ENSMUSP00000080993,1.0
mt-Co2,10090.ENSMUSP00000080994,2.0
mt-Co3,10090.ENSMUSP00000080997,2.0
mt-Nd5,10090.ENSMUSP00000081001,1.0
