10090.ENSMUSP00000102037,1.0
10090.ENSMUSP00000032203,1.0
10090.ENSMUSP00000144862,1.0
10090.ENSMUSP00000116199,1.0
10090.ENSMUSP00000156342,1.0
10090.ENSMUSP00000156204,1.0
10090.ENSMUSP00000079081,1.0
10090.ENSMUSP00000156360,1.0
10090.ENSMUSP00000156249,1.0
10090.ENSMUSP00000156365,1.0
10090.ENSMUSP00000007251,1.0
10090.ENSMUSP00000133505,1.0
10090.ENSMUSP00000151461,1.0
10090.ENSMUSP00000151841,1.0
10090.ENSMUSP00000151794,1.0
10090.ENSMUSP00000020002,1.0
10090.ENSMUSP00000034547,1.0
10090.ENSMUSP00000022793,1.0
10090.ENSMUSP00000117210,1.0
10090.ENSMUSP00000125776,1.0
10090.ENSMUSP00000119080,1.0
10090.ENSMUSP00000120445,1.0
10090.ENSMUSP00000022794,1.0
10090.ENSMUSP00000114546,1.0
10090.ENSMUSP00000119326,1.0
10090.ENSMUSP00000122003,1.0
10090.ENSMUSP00000116664,1.0
10090.ENSMUSP00000118069,1.0
10090.ENSMUSP00000107109,1.0
10090.ENSMUSP00000127632,2.0
10090.ENSMUSP00000103008,2.0
10090.ENSMUSP00000103012,2.0
10090.ENSMUSP00000007131,2.0
10090.ENSMUSP00000132135,8.0
10090.ENSMUSP00000130611,8.0
10090.ENSMUSP00000098066,8.0
10090.ENSMUSP00000101823,8.0
10090.ENSMUSP00000127663,8.0
10090.ENSMUSP00000134070,7.0
10090.ENSMUSP00000071486,7.0
10090.ENSMUSP00000134296,7.0
10090.ENSMUSP00000101821,7.0
10090.ENSMUSP00000087043,7.0
10090.ENSMUSP00000101822,7.0
10090.ENSMUSP00000157773,1.0
10090.ENSMUSP00000158084,1.0
10090.ENSMUSP00000039844,1.0
10090.ENSMUSP00000158413,1.0
10090.ENSMUSP00000139674,2.0
10090.ENSMUSP00000139886,2.0
10090.ENSMUSP00000140082,2.0
10090.ENSMUSP00000140953,2.0
10090.ENSMUSP00000140000,2.0
10090.ENSMUSP00000027579,2.0
10090.ENSMUSP00000137503,2.0
10090.ENSMUSP00000140535,2.0
10090.ENSMUSP00000118471,8.0
10090.ENSMUSP00000023610,8.0
10090.ENSMUSP00000106947,1.0
10090.ENSMUSP00000151387,1.0
10090.ENSMUSP00000106946,1.0
10090.ENSMUSP00000069644,1.0
10090.ENSMUSP00000124848,1.0
10090.ENSMUSP00000109065,1.0
10090.ENSMUSP00000126498,1.0
10090.ENSMUSP00000105454,1.0
10090.ENSMUSP00000099987,1.0
10090.ENSMUSP00000042207,1.0
10090.ENSMUSP00000134806,1.0
10090.ENSMUSP00000134773,1.0
10090.ENSMUSP00000135457,1.0
10090.ENSMUSP00000107583,1.0
10090.ENSMUSP00000041967,1.0
10090.ENSMUSP00000090632,2.0
10090.ENSMUSP00000090633,2.0
10090.ENSMUSP00000158470,2.0
10090.ENSMUSP00000157404,2.0
10090.ENSMUSP00000142129,1.0
10090.ENSMUSP00000104795,1.0
10090.ENSMUSP00000141649,1.0
10090.ENSMUSP00000146779,3.0
10090.ENSMUSP00000147237,3.0
10090.ENSMUSP00000146990,3.0
10090.ENSMUSP00000146401,3.0
10090.ENSMUSP00000146503,3.0
10090.ENSMUSP00000129784,3.0
10090.ENSMUSP00000031411,1.0
10090.ENSMUSP00000143034,1.0
10090.ENSMUSP00000123545,1.0
10090.ENSMUSP00000143261,1.0
10090.ENSMUSP00000142906,1.0
10090.ENSMUSP00000036085,1.0
10090.ENSMUSP00000030840,1.0
10090.ENSMUSP00000022875,1.0
10090.ENSMUSP00000123270,1.0
10090.ENSMUSP00000122136,1.0
10090.ENSMUSP00000117110,1.0
10090.ENSMUSP00000112352,1.0
10090.ENSMUSP00000115837,1.0
10090.ENSMUSP00000040300,1.0
10090.ENSMUSP00000116462,1.0
10090.ENSMUSP00000006205,1.0
10090.ENSMUSP00000116047,1.0
10090.ENSMUSP00000122175,1.0
10090.ENSMUSP00000117855,1.0
10090.ENSMUSP00000117979,1.0
10090.ENSMUSP00000034756,1.0
10090.ENSMUSP00000143650,1.0
10090.ENSMUSP00000029266,1.0
10090.ENSMUSP00000110885,22.0
10090.ENSMUSP00000119827,22.0
10090.ENSMUSP00000134622,1.0
10090.ENSMUSP00000133447,1.0
10090.ENSMUSP00000133359,1.0
10090.ENSMUSP00000134160,1.0
10090.ENSMUSP00000134429,1.0
10090.ENSMUSP00000134558,1.0
10090.ENSMUSP00000133302,1.0
10090.ENSMUSP00000133371,1.0
10090.ENSMUSP00000003066,1.0
10090.ENSMUSP00000038865,1.0
10090.ENSMUSP00000124919,1.0
10090.ENSMUSP00000131169,1.0
10090.ENSMUSP00000125711,1.0
10090.ENSMUSP00000154061,1.0
10090.ENSMUSP00000005406,1.0
10090.ENSMUSP00000153907,1.0
10090.ENSMUSP00000154097,1.0
10090.ENSMUSP00000154401,1.0
10090.ENSMUSP00000154389,1.0
10090.ENSMUSP00000107937,1.0
10090.ENSMUSP00000022429,1.0
10090.ENSMUSP00000155713,1.0
10090.ENSMUSP00000132159,1.0
10090.ENSMUSP00000154967,1.0
10090.ENSMUSP00000155146,1.0
10090.ENSMUSP00000155132,1.0
10090.ENSMUSP00000127272,1.0
10090.ENSMUSP00000127281,1.0
10090.ENSMUSP00000020717,1.0
10090.ENSMUSP00000133347,1.0
10090.ENSMUSP00000133539,1.0
10090.ENSMUSP00000122271,1.0
10090.ENSMUSP00000133851,1.0
10090.ENSMUSP00000110241,1.0
10090.ENSMUSP00000122497,1.0
10090.ENSMUSP00000123403,1.0
10090.ENSMUSP00000120357,1.0
10090.ENSMUSP00000152177,1.0
10090.ENSMUSP00000106165,1.0
10090.ENSMUSP00000106162,1.0
10090.ENSMUSP00000106163,1.0
10090.ENSMUSP00000043889,1.0
10090.ENSMUSP00000118687,1.0
10090.ENSMUSP00000152798,1.0
10090.ENSMUSP00000158118,1.0
10090.ENSMUSP00000026009,1.0
10090.ENSMUSP00000114421,1.0
10090.ENSMUSP00000143026,1.0
10090.ENSMUSP00000031625,1.0
10090.ENSMUSP00000122340,3.0
10090.ENSMUSP00000082822,3.0
10090.ENSMUSP00000115022,3.0
10090.ENSMUSP00000143438,3.0
10090.ENSMUSP00000115515,3.0
10090.ENSMUSP00000106047,1.0
10090.ENSMUSP00000117362,1.0
10090.ENSMUSP00000034000,1.0
10090.ENSMUSP00000033818,1.0
10090.ENSMUSP00000121989,1.0
10090.ENSMUSP00000117091,1.0
10090.ENSMUSP00000121567,1.0
10090.ENSMUSP00000120625,1.0
10090.ENSMUSP00000088779,1.0
10090.ENSMUSP00000114312,1.0
10090.ENSMUSP00000039657,1.0
10090.ENSMUSP00000031423,1.0
10090.ENSMUSP00000136104,1.0
10090.ENSMUSP00000135935,1.0
10090.ENSMUSP00000151598,1.0
10090.ENSMUSP00000151572,1.0
10090.ENSMUSP00000020107,1.0
10090.ENSMUSP00000151441,1.0
10090.ENSMUSP00000151934,1.0
10090.ENSMUSP00000151970,1.0
10090.ENSMUSP00000151791,1.0
10090.ENSMUSP00000026459,1.0
10090.ENSMUSP00000003156,3.0
10090.ENSMUSP00000101005,3.0
10090.ENSMUSP00000101006,3.0
10090.ENSMUSP00000016396,1.0
10090.ENSMUSP00000143734,3.0
10090.ENSMUSP00000115496,3.0
10090.ENSMUSP00000113022,3.0
10090.ENSMUSP00000103312,1.0
10090.ENSMUSP00000088029,1.0
10090.ENSMUSP00000103314,1.0
10090.ENSMUSP00000137633,1.0
10090.ENSMUSP00000123904,1.0
10090.ENSMUSP00000039726,1.0
10090.ENSMUSP00000138039,1.0
10090.ENSMUSP00000125504,1.0
10090.ENSMUSP00000047960,3.0
10090.ENSMUSP00000015719,1.0
10090.ENSMUSP00000158131,1.0
10090.ENSMUSP00000158156,1.0
10090.ENSMUSP00000158492,1.0
10090.ENSMUSP00000127552,1.0
10090.ENSMUSP00000133099,1.0
10090.ENSMUSP00000064282,1.0
10090.ENSMUSP00000114634,1.0
10090.ENSMUSP00000116971,1.0
10090.ENSMUSP00000114980,1.0
10090.ENSMUSP00000044350,1.0
10090.ENSMUSP00000118765,1.0
10090.ENSMUSP00000121245,1.0
10090.ENSMUSP00000122063,1.0
10090.ENSMUSP00000155950,1.0
10090.ENSMUSP00000156259,1.0
10090.ENSMUSP00000109358,1.0
10090.ENSMUSP00000156187,1.0
10090.ENSMUSP00000113241,1.0
10090.ENSMUSP00000156366,1.0
10090.ENSMUSP00000155960,1.0
10090.ENSMUSP00000123652,1.0
10090.ENSMUSP00000019276,1.0
10090.ENSMUSP00000155906,1.0
10090.ENSMUSP00000043918,1.0
10090.ENSMUSP00000156270,1.0
10090.ENSMUSP00000002091,2.0
10090.ENSMUSP00000126768,1.0
10090.ENSMUSP00000033741,1.0
10090.ENSMUSP00000132157,1.0
10090.ENSMUSP00000032194,1.0
10090.ENSMUSP00000115106,1.0
10090.ENSMUSP00000113466,1.0
10090.ENSMUSP00000117957,1.0
10090.ENSMUSP00000034754,1.0
10090.ENSMUSP00000082513,1.0
10090.ENSMUSP00000133200,1.0
10090.ENSMUSP00000101977,1.0
10090.ENSMUSP00000114873,1.0
10090.ENSMUSP00000109708,1.0
10090.ENSMUSP00000127772,1.0
10090.ENSMUSP00000123031,1.0
10090.ENSMUSP00000033544,1.0
10090.ENSMUSP00000114057,1.0
10090.ENSMUSP00000101020,1.0
10090.ENSMUSP00000070751,1.0
10090.ENSMUSP00000136487,1.0
10090.ENSMUSP00000137126,1.0
10090.ENSMUSP00000115500,2.0
10090.ENSMUSP00000118093,2.0
10090.ENSMUSP00000022163,2.0
10090.ENSMUSP00000001204,2.0
10090.ENSMUSP00000105709,2.0
10090.ENSMUSP00000048857,3.0
10090.ENSMUSP00000157025,3.0
10090.ENSMUSP00000003912,4.0
10090.ENSMUSP00000119067,1.0
10090.ENSMUSP00000118969,1.0
10090.ENSMUSP00000054804,1.0
10090.ENSMUSP00000095381,1.0
10090.ENSMUSP00000101293,1.0
10090.ENSMUSP00000127916,1.0
10090.ENSMUSP00000149268,1.0
10090.ENSMUSP00000134684,1.0
10090.ENSMUSP00000101295,1.0
10090.ENSMUSP00000121221,1.0
10090.ENSMUSP00000117440,1.0
10090.ENSMUSP00000109705,1.0
10090.ENSMUSP00000109706,1.0
10090.ENSMUSP00000063389,1.0
10090.ENSMUSP00000118022,1.0
10090.ENSMUSP00000121121,1.0
10090.ENSMUSP00000120363,1.0
10090.ENSMUSP00000117951,1.0
10090.ENSMUSP00000103831,1.0
10090.ENSMUSP00000001845,1.0
10090.ENSMUSP00000030518,1.0
10090.ENSMUSP00000038011,1.0
10090.ENSMUSP00000099566,1.0
10090.ENSMUSP00000114973,1.0
10090.ENSMUSP00000119252,1.0
10090.ENSMUSP00000099565,1.0
10090.ENSMUSP00000122077,1.0
10090.ENSMUSP00000047569,2.0
10090.ENSMUSP00000124402,1.0
10090.ENSMUSP00000027012,1.0
10090.ENSMUSP00000124249,1.0
10090.ENSMUSP00000124535,1.0
10090.ENSMUSP00000007799,1.0
10090.ENSMUSP00000111115,1.0
10090.ENSMUSP00000111116,1.0
10090.ENSMUSP00000120252,1.0
10090.ENSMUSP00000111113,1.0
10090.ENSMUSP00000135374,1.0
10090.ENSMUSP00000111114,1.0
10090.ENSMUSP00000135875,1.0
10090.ENSMUSP00000110091,1.0
10090.ENSMUSP00000031862,1.0
10090.ENSMUSP00000110088,1.0
10090.ENSMUSP00000110089,1.0
10090.ENSMUSP00000121370,1.0
10090.ENSMUSP00000103555,1.0
10090.ENSMUSP00000030181,1.0
10090.ENSMUSP00000052546,1.0
10090.ENSMUSP00000153023,1.0
10090.ENSMUSP00000000342,12.0
10090.ENSMUSP00000000193,100.0
10090.ENSMUSP00000021011,10.0
10090.ENSMUSP00000009329,6.0
10090.ENSMUSP00000097087,1.0
10090.ENSMUSP00000097088,1.0
10090.ENSMUSP00000125961,1.0
10090.ENSMUSP00000062496,1.0
10090.ENSMUSP00000029416,1.0
10090.ENSMUSP00000119229,1.0
10090.ENSMUSP00000118394,1.0
10090.ENSMUSP00000122824,1.0
10090.ENSMUSP00000118377,1.0
10090.ENSMUSP00000122314,1.0
10090.ENSMUSP00000028356,2.0
10090.ENSMUSP00000074188,2.0
10090.ENSMUSP00000106823,3.0
10090.ENSMUSP00000106825,3.0
10090.ENSMUSP00000005218,3.0
10090.ENSMUSP00000106821,3.0
10090.ENSMUSP00000106822,3.0
10090.ENSMUSP00000106829,3.0
10090.ENSMUSP00000097265,3.0
10090.ENSMUSP00000062330,3.0
10090.ENSMUSP00000099853,1.0
10090.ENSMUSP00000155856,1.0
10090.ENSMUSP00000155699,1.0
10090.ENSMUSP00000154914,1.0
10090.ENSMUSP00000155178,1.0
10090.ENSMUSP00000110140,1.0
10090.ENSMUSP00000155684,1.0
10090.ENSMUSP00000155289,1.0
10090.ENSMUSP00000155544,1.0
10090.ENSMUSP00000151313,7.0
10090.ENSMUSP00000100862,7.0
10090.ENSMUSP00000151955,7.0
10090.ENSMUSP00000026407,7.0
10090.ENSMUSP00000032492,3.0
10090.ENSMUSP00000070527,1.0
10090.ENSMUSP00000101225,1.0
10090.ENSMUSP00000101223,1.0
10090.ENSMUSP00000070355,1.0
10090.ENSMUSP00000150690,1.0
10090.ENSMUSP00000149967,1.0
10090.ENSMUSP00000150873,1.0
10090.ENSMUSP00000149297,1.0
10090.ENSMUSP00000069850,2.0
10090.ENSMUSP00000148145,3.0
10090.ENSMUSP00000107076,1.0
10090.ENSMUSP00000107082,1.0
10090.ENSMUSP00000005643,1.0
10090.ENSMUSP00000107075,1.0
10090.ENSMUSP00000070438,1.0
10090.ENSMUSP00000064323,1.0
10090.ENSMUSP00000107079,1.0
10090.ENSMUSP00000107078,1.0
10090.ENSMUSP00000150186,1.0
10090.ENSMUSP00000149473,1.0
10090.ENSMUSP00000150050,1.0
10090.ENSMUSP00000150227,1.0
10090.ENSMUSP00000136109,1.0
10090.ENSMUSP00000149376,1.0
10090.ENSMUSP00000150428,1.0
10090.ENSMUSP00000149154,1.0
10090.ENSMUSP00000149393,1.0
10090.ENSMUSP00000150191,1.0
10090.ENSMUSP00000112259,3.0
10090.ENSMUSP00000157562,3.0
10090.ENSMUSP00000147514,3.0
10090.ENSMUSP00000091835,5.0
10090.ENSMUSP00000074903,1.0
10090.ENSMUSP00000123498,1.0
10090.ENSMUSP00000077752,1.0
10090.ENSMUSP00000145646,1.0
10090.ENSMUSP00000148804,1.0
10090.ENSMUSP00000148362,1.0
10090.ENSMUSP00000034342,1.0
10090.ENSMUSP00000148697,1.0
10090.ENSMUSP00000148371,1.0
10090.ENSMUSP00000148816,1.0
10090.ENSMUSP00000096064,1.0
10090.ENSMUSP00000023154,1.0
10090.ENSMUSP00000041453,4.0
10090.ENSMUSP00000115894,1.0
10090.ENSMUSP00000090820,1.0
10090.ENSMUSP00000118972,1.0
10090.ENSMUSP00000104739,1.0
10090.ENSMUSP00000123133,1.0
10090.ENSMUSP00000104741,1.0
10090.ENSMUSP00000120822,1.0
10090.ENSMUSP00000026506,1.0
10090.ENSMUSP00000100900,1.0
10090.ENSMUSP00000151501,1.0
10090.ENSMUSP00000130192,1.0
10090.ENSMUSP00000132315,1.0
10090.ENSMUSP00000132152,1.0
10090.ENSMUSP00000151847,1.0
10090.ENSMUSP00000020374,1.0
10090.ENSMUSP00000127830,1.0
10090.ENSMUSP00000128720,1.0
10090.ENSMUSP00000100902,1.0
10090.ENSMUSP00000128837,1.0
10090.ENSMUSP00000099981,3.0
10090.ENSMUSP00000118637,3.0
10090.ENSMUSP00000119292,3.0
10090.ENSMUSP00000080921,3.0
10090.ENSMUSP00000103358,3.0
10090.ENSMUSP00000103359,3.0
10090.ENSMUSP00000101049,1.0
10090.ENSMUSP00000122580,1.0
10090.ENSMUSP00000151291,1.0
10090.ENSMUSP00000072538,1.0
10090.ENSMUSP00000080358,1.0
10090.ENSMUSP00000001547,11.0
10090.ENSMUSP00000031668,13.0
10090.ENSMUSP00000125275,13.0
10090.ENSMUSP00000139894,13.0
10090.ENSMUSP00000139802,13.0
10090.ENSMUSP00000085192,13.0
10090.ENSMUSP00000033899,1.0
10090.ENSMUSP00000083620,1.0
10090.ENSMUSP00000101053,2.0
10090.ENSMUSP00000001181,2.0
10090.ENSMUSP00000157132,1.0
10090.ENSMUSP00000043220,1.0
10090.ENSMUSP00000018816,1.0
10090.ENSMUSP00000119593,1.0
10090.ENSMUSP00000118356,1.0
10090.ENSMUSP00000126329,1.0
10090.ENSMUSP00000034285,1.0
10090.ENSMUSP00000148448,1.0
10090.ENSMUSP00000138053,1.0
10090.ENSMUSP00000138019,1.0
10090.ENSMUSP00000138063,1.0
10090.ENSMUSP00000034276,1.0
10090.ENSMUSP00000141554,1.0
10090.ENSMUSP00000079944,1.0
10090.ENSMUSP00000141224,1.0
10090.ENSMUSP00000075150,1.0
10090.ENSMUSP00000146959,1.0
10090.ENSMUSP00000014457,2.0
10090.ENSMUSP00000123609,2.0
10090.ENSMUSP00000122391,2.0
10090.ENSMUSP00000121106,2.0
10090.ENSMUSP00000034881,1.0
10090.ENSMUSP00000033582,2.0
10090.ENSMUSP00000119276,1.0
10090.ENSMUSP00000115419,1.0
10090.ENSMUSP00000117385,1.0
10090.ENSMUSP00000040717,2.0
10090.ENSMUSP00000157524,2.0
10090.ENSMUSP00000028897,1.0
10090.ENSMUSP00000146382,1.0
10090.ENSMUSP00000033149,1.0
10090.ENSMUSP00000028663,1.0
10090.ENSMUSP00000006523,1.0
10090.ENSMUSP00000142803,1.0
10090.ENSMUSP00000143680,1.0
10090.ENSMUSP00000081941,1.0
10090.ENSMUSP00000018274,1.0
10090.ENSMUSP00000117472,1.0
10090.ENSMUSP00000070721,1.0
10090.ENSMUSP00000115055,1.0
10090.ENSMUSP00000028938,3.0
10090.ENSMUSP00000117672,3.0
10090.ENSMUSP00000005185,2.0
10090.ENSMUSP00000028599,1.0
10090.ENSMUSP00000005749,1.0
10090.ENSMUSP00000006235,2.0
10090.ENSMUSP00000034915,1.0
10090.ENSMUSP00000117599,1.0
10090.ENSMUSP00000114427,1.0
10090.ENSMUSP00000140437,1.0
10090.ENSMUSP00000122108,1.0
10090.ENSMUSP00000152551,2.0
10090.ENSMUSP00000152497,2.0
10090.ENSMUSP00000152169,2.0
10090.ENSMUSP00000152819,2.0
10090.ENSMUSP00000021933,2.0
10090.ENSMUSP00000152357,2.0
10090.ENSMUSP00000016400,1.0
10090.ENSMUSP00000149476,1.0
10090.ENSMUSP00000151148,1.0
10090.ENSMUSP00000004200,1.0
10090.ENSMUSP00000031327,9.0
10090.ENSMUSP00000108492,2.0
10090.ENSMUSP00000108487,2.0
10090.ENSMUSP00000072800,2.0
10090.ENSMUSP00000144334,29.0
10090.ENSMUSP00000074885,29.0
10090.ENSMUSP00000031326,1.0
10090.ENSMUSP00000031318,7.0
10090.ENSMUSP00000125636,1.0
10090.ENSMUSP00000124062,1.0
10090.ENSMUSP00000018186,1.0
10090.ENSMUSP00000124523,2.0
10090.ENSMUSP00000024894,2.0
10090.ENSMUSP00000157101,2.0
10090.ENSMUSP00000157049,2.0
10090.ENSMUSP00000022781,2.0
10090.ENSMUSP00000122366,2.0
10090.ENSMUSP00000141385,1.0
10090.ENSMUSP00000142109,1.0
10090.ENSMUSP00000079294,1.0
10090.ENSMUSP00000141921,1.0
10090.ENSMUSP00000128531,1.0
10090.ENSMUSP00000130626,1.0
10090.ENSMUSP00000138014,17.0
10090.ENSMUSP00000027634,17.0
10090.ENSMUSP00000108267,17.0
10090.ENSMUSP00000114705,17.0
10090.ENSMUSP00000131431,35.0
10090.ENSMUSP00000100924,35.0
10090.ENSMUSP00000151241,35.0
10090.ENSMUSP00000055535,1.0
10090.ENSMUSP00000155365,1.0
10090.ENSMUSP00000155737,1.0
10090.ENSMUSP00000155307,1.0
10090.ENSMUSP00000047898,1.0
10090.ENSMUSP00000034612,1.0
10090.ENSMUSP00000021062,1.0
10090.ENSMUSP00000121733,1.0
10090.ENSMUSP00000138237,1.0
10090.ENSMUSP00000116859,1.0
10090.ENSMUSP00000138184,1.0
10090.ENSMUSP00000139626,1.0
10090.ENSMUSP00000027517,1.0
10090.ENSMUSP00000139658,1.0
10090.ENSMUSP00000140070,1.0
10090.ENSMUSP00000110850,1.0
10090.ENSMUSP00000110859,1.0
10090.ENSMUSP00000138782,1.0
10090.ENSMUSP00000115954,1.0
10090.ENSMUSP00000138804,1.0
10090.ENSMUSP00000064280,1.0
10090.ENSMUSP00000097581,1.0
10090.ENSMUSP00000110855,1.0
10090.ENSMUSP00000023454,1.0
10090.ENSMUSP00000126321,1.0
10090.ENSMUSP00000088980,1.0
10090.ENSMUSP00000132289,1.0
10090.ENSMUSP00000126716,1.0
10090.ENSMUSP00000129176,1.0
10090.ENSMUSP00000128687,1.0
10090.ENSMUSP00000028072,1.0
10090.ENSMUSP00000103830,1.0
10090.ENSMUSP00000113514,1.0
10090.ENSMUSP00000113484,1.0
10090.ENSMUSP00000011029,1.0
10090.ENSMUSP00000116171,1.0
10090.ENSMUSP00000123172,1.0
10090.ENSMUSP00000092680,1.0
10090.ENSMUSP00000118048,1.0
10090.ENSMUSP00000114320,1.0
10090.ENSMUSP00000022734,1.0
10090.ENSMUSP00000028151,1.0
10090.ENSMUSP00000124665,1.0
10090.ENSMUSP00000025853,1.0
10090.ENSMUSP00000133692,1.0
10090.ENSMUSP00000109303,1.0
10090.ENSMUSP00000121162,1.0
10090.ENSMUSP00000109304,1.0
10090.ENSMUSP00000148563,2.0
10090.ENSMUSP00000142098,2.0
10090.ENSMUSP00000141811,2.0
10090.ENSMUSP00000138426,2.0
10090.ENSMUSP00000095393,2.0
10090.ENSMUSP00000138591,2.0
10090.ENSMUSP00000138376,2.0
10090.ENSMUSP00000139888,2.0
10090.ENSMUSP00000095392,2.0
10090.ENSMUSP00000138308,2.0
10090.ENSMUSP00000110756,2.0
10090.ENSMUSP00000138570,2.0
10090.ENSMUSP00000140560,2.0
10090.ENSMUSP00000141127,2.0
10090.ENSMUSP00000099461,1.0
10090.ENSMUSP00000144834,1.0
10090.ENSMUSP00000144784,1.0
10090.ENSMUSP00000115925,1.0
10090.ENSMUSP00000098419,1.0
10090.ENSMUSP00000144917,1.0
10090.ENSMUSP00000062493,1.0
10090.ENSMUSP00000065702,1.0
10090.ENSMUSP00000022494,1.0
10090.ENSMUSP00000122243,2.0
10090.ENSMUSP00000120820,2.0
10090.ENSMUSP00000120300,2.0
10090.ENSMUSP00000115524,2.0
10090.ENSMUSP00000114659,2.0
10090.ENSMUSP00000114747,2.0
10090.ENSMUSP00000112665,2.0
10090.ENSMUSP00000029753,2.0
10090.ENSMUSP00000120438,7.0
10090.ENSMUSP00000116821,7.0
10090.ENSMUSP00000042457,7.0
10090.ENSMUSP00000137671,2.0
10090.ENSMUSP00000116492,2.0
10090.ENSMUSP00000137835,2.0
10090.ENSMUSP00000137881,2.0
10090.ENSMUSP00000140895,2.0
10090.ENSMUSP00000134341,2.0
10090.ENSMUSP00000133545,2.0
10090.ENSMUSP00000001757,1.0
10090.ENSMUSP00000046101,1.0
10090.ENSMUSP00000116027,1.0
10090.ENSMUSP00000001319,1.0
10090.ENSMUSP00000041538,13.0
10090.ENSMUSP00000136642,13.0
10090.ENSMUSP00000137558,13.0
10090.ENSMUSP00000084387,1.0
10090.ENSMUSP00000147087,1.0
10090.ENSMUSP00000147214,1.0
10090.ENSMUSP00000066038,1.0
10090.ENSMUSP00000146940,1.0
10090.ENSMUSP00000127034,1.0
10090.ENSMUSP00000099649,1.0
10090.ENSMUSP00000029803,1.0
10090.ENSMUSP00000143104,1.0
10090.ENSMUSP00000143772,1.0
10090.ENSMUSP00000143481,1.0
10090.ENSMUSP00000143690,1.0
10090.ENSMUSP00000033880,1.0
10090.ENSMUSP00000047008,5.0
10090.ENSMUSP00000123402,5.0
10090.ENSMUSP00000104247,5.0
10090.ENSMUSP00000067077,5.0
10090.ENSMUSP00000104249,5.0
10090.ENSMUSP00000104253,5.0
10090.ENSMUSP00000137459,5.0
10090.ENSMUSP00000132717,5.0
10090.ENSMUSP00000104250,5.0
10090.ENSMUSP00000104248,5.0
10090.ENSMUSP00000068651,5.0
10090.ENSMUSP00000104251,5.0
10090.ENSMUSP00000104252,5.0
10090.ENSMUSP00000120206,1.0
10090.ENSMUSP00000115715,1.0
10090.ENSMUSP00000123190,1.0
10090.ENSMUSP00000105266,1.0
10090.ENSMUSP00000029142,1.0
10090.ENSMUSP00000153956,2.0
10090.ENSMUSP00000106459,2.0
10090.ENSMUSP00000046515,2.0
10090.ENSMUSP00000152827,1.0
10090.ENSMUSP00000152427,1.0
10090.ENSMUSP00000152085,1.0
10090.ENSMUSP00000152557,1.0
10090.ENSMUSP00000001583,1.0
10090.ENSMUSP00000152107,1.0
10090.ENSMUSP00000066210,1.0
10090.ENSMUSP00000156963,1.0
10090.ENSMUSP00000120171,1.0
10090.ENSMUSP00000123121,1.0
10090.ENSMUSP00000034904,1.0
10090.ENSMUSP00000113141,1.0
10090.ENSMUSP00000113509,1.0
10090.ENSMUSP00000116293,1.0
10090.ENSMUSP00000138068,1.0
10090.ENSMUSP00000137850,1.0
10090.ENSMUSP00000034277,1.0
10090.ENSMUSP00000137932,1.0
10090.ENSMUSP00000137970,1.0
10090.ENSMUSP00000137767,1.0
10090.ENSMUSP00000138789,2.0
10090.ENSMUSP00000107538,2.0
10090.ENSMUSP00000032330,2.0
10090.ENSMUSP00000145069,2.0
10090.ENSMUSP00000147800,2.0
10090.ENSMUSP00000037289,2.0
10090.ENSMUSP00000148129,2.0
10090.ENSMUSP00000132519,2.0
10090.ENSMUSP00000045937,1.0
10090.ENSMUSP00000051799,1.0
10090.ENSMUSP00000028328,1.0
10090.ENSMUSP00000021676,1.0
10090.ENSMUSP00000114987,1.0
10090.ENSMUSP00000102412,1.0
10090.ENSMUSP00000001059,1.0
10090.ENSMUSP00000102413,1.0
10090.ENSMUSP00000102411,1.0
10090.ENSMUSP00000030811,6.0
10090.ENSMUSP00000073285,6.0
10090.ENSMUSP00000036523,1.0
10090.ENSMUSP00000073034,1.0
10090.ENSMUSP00000078867,1.0
10090.ENSMUSP00000099994,1.0
10090.ENSMUSP00000066827,1.0
10090.ENSMUSP00000091057,1.0
10090.ENSMUSP00000125434,1.0
10090.ENSMUSP00000123825,1.0
10090.ENSMUSP00000124012,1.0
10090.ENSMUSP00000135757,1.0
10090.ENSMUSP00000110705,1.0
10090.ENSMUSP00000135846,1.0
10090.ENSMUSP00000027965,1.0
10090.ENSMUSP00000110706,1.0
10090.ENSMUSP00000135325,1.0
10090.ENSMUSP00000154419,1.0
10090.ENSMUSP00000110707,1.0
10090.ENSMUSP00000110704,1.0
10090.ENSMUSP00000116985,1.0
10090.ENSMUSP00000026635,1.0
10090.ENSMUSP00000003906,1.0
10090.ENSMUSP00000105376,1.0
10090.ENSMUSP00000120609,1.0
10090.ENSMUSP00000157878,2.0
10090.ENSMUSP00000042835,2.0
10090.ENSMUSP00000157825,2.0
10090.ENSMUSP00000136358,2.0
10090.ENSMUSP00000136803,2.0
10090.ENSMUSP00000157416,2.0
10090.ENSMUSP00000158381,2.0
10090.ENSMUSP00000048334,1.0
10090.ENSMUSP00000116302,1.0
10090.ENSMUSP00000120101,1.0
10090.ENSMUSP00000109126,1.0
10090.ENSMUSP00000116456,1.0
10090.ENSMUSP00000028633,1.0
10090.ENSMUSP00000099524,1.0
10090.ENSMUSP00000113557,1.0
10090.ENSMUSP00000142582,1.0
10090.ENSMUSP00000116720,1.0
10090.ENSMUSP00000045792,1.0
10090.ENSMUSP00000120338,1.0
10090.ENSMUSP00000084733,1.0
10090.ENSMUSP00000143703,1.0
10090.ENSMUSP00000112444,1.0
10090.ENSMUSP00000109681,1.0
10090.ENSMUSP00000061305,2.0
10090.ENSMUSP00000125231,2.0
10090.ENSMUSP00000035948,2.0
10090.ENSMUSP00000125666,2.0
10090.ENSMUSP00000025847,1.0
10090.ENSMUSP00000153409,1.0
10090.ENSMUSP00000033699,1.0
10090.ENSMUSP00000117324,1.0
10090.ENSMUSP00000098997,1.0
10090.ENSMUSP00000114827,1.0
10090.ENSMUSP00000123278,1.0
10090.ENSMUSP00000116758,1.0
10090.ENSMUSP00000109938,1.0
10090.ENSMUSP00000121082,1.0
10090.ENSMUSP00000020617,1.0
10090.ENSMUSP00000141985,1.0
10090.ENSMUSP00000141578,1.0
10090.ENSMUSP00000082777,1.0
10090.ENSMUSP00000141888,2.0
10090.ENSMUSP00000141620,2.0
10090.ENSMUSP00000041495,2.0
10090.ENSMUSP00000146569,1.0
10090.ENSMUSP00000146949,1.0
10090.ENSMUSP00000146789,1.0
10090.ENSMUSP00000003640,1.0
10090.ENSMUSP00000147210,1.0
10090.ENSMUSP00000146525,1.0
10090.ENSMUSP00000135380,1.0
10090.ENSMUSP00000050683,1.0
10090.ENSMUSP00000101140,1.0
10090.ENSMUSP00000101141,1.0
10090.ENSMUSP00000135355,1.0
10090.ENSMUSP00000157992,14.0
10090.ENSMUSP00000025563,14.0
10090.ENSMUSP00000158539,14.0
10090.ENSMUSP00000158177,14.0
10090.ENSMUSP00000157595,14.0
10090.ENSMUSP00000147389,8.0
10090.ENSMUSP00000092002,8.0
10090.ENSMUSP00000147526,8.0
10090.ENSMUSP00000123142,1.0
10090.ENSMUSP00000147548,1.0
10090.ENSMUSP00000127680,1.0
10090.ENSMUSP00000147563,1.0
10090.ENSMUSP00000068380,1.0
10090.ENSMUSP00000147603,1.0
10090.ENSMUSP00000018711,1.0
10090.ENSMUSP00000104233,1.0
10090.ENSMUSP00000015456,1.0
10090.ENSMUSP00000151426,1.0
10090.ENSMUSP00000021903,5.0
10090.ENSMUSP00000037783,1.0
10090.ENSMUSP00000138403,2.0
10090.ENSMUSP00000138508,2.0
10090.ENSMUSP00000113942,2.0
10090.ENSMUSP00000138295,2.0
10090.ENSMUSP00000113213,2.0
10090.ENSMUSP00000073289,2.0
10090.ENSMUSP00000115892,1.0
10090.ENSMUSP00000099794,1.0
10090.ENSMUSP00000037131,1.0
10090.ENSMUSP00000020629,1.0
10090.ENSMUSP00000152428,1.0
10090.ENSMUSP00000152789,1.0
10090.ENSMUSP00000152645,1.0
10090.ENSMUSP00000152754,1.0
10090.ENSMUSP00000152753,1.0
10090.ENSMUSP00000152512,1.0
10090.ENSMUSP00000152305,1.0
10090.ENSMUSP00000152649,1.0
10090.ENSMUSP00000126603,1.0
10090.ENSMUSP00000152355,1.0
10090.ENSMUSP00000053307,1.0
10090.ENSMUSP00000101696,1.0
10090.ENSMUSP00000116901,1.0
10090.ENSMUSP00000110158,1.0
10090.ENSMUSP00000121408,1.0
10090.ENSMUSP00000115358,1.0
10090.ENSMUSP00000110157,1.0
10090.ENSMUSP00000110155,1.0
10090.ENSMUSP00000123157,4.0
10090.ENSMUSP00000083375,4.0
10090.ENSMUSP00000114377,4.0
10090.ENSMUSP00000036898,1.0
10090.ENSMUSP00000107914,1.0
10090.ENSMUSP00000057543,1.0
10090.ENSMUSP00000142060,1.0
10090.ENSMUSP00000141472,1.0
10090.ENSMUSP00000142326,1.0
10090.ENSMUSP00000141929,1.0
10090.ENSMUSP00000106652,1.0
10090.ENSMUSP00000128038,1.0
10090.ENSMUSP00000119725,1.0
10090.ENSMUSP00000031726,1.0
10090.ENSMUSP00000106649,1.0
10090.ENSMUSP00000121942,1.0
10090.ENSMUSP00000126823,1.0
10090.ENSMUSP00000129353,1.0
10090.ENSMUSP00000106656,1.0
10090.ENSMUSP00000132908,1.0
10090.ENSMUSP00000031670,1.0
10090.ENSMUSP00000114014,1.0
10090.ENSMUSP00000113018,1.0
10090.ENSMUSP00000087485,1.0
10090.ENSMUSP00000064131,1.0
10090.ENSMUSP00000110507,1.0
10090.ENSMUSP00000033450,1.0
10090.ENSMUSP00000136621,1.0
10090.ENSMUSP00000107077,1.0
10090.ENSMUSP00000081010,1.0
10090.ENSMUSP00000141279,1.0
10090.ENSMUSP00000142257,1.0
10090.ENSMUSP00000119165,1.0
10090.ENSMUSP00000081011,1.0
10090.ENSMUSP00000119882,1.0
10090.ENSMUSP00000139709,1.0
10090.ENSMUSP00000001280,1.0
10090.ENSMUSP00000139681,1.0
10090.ENSMUSP00000146147,1.0
10090.ENSMUSP00000144034,1.0
10090.ENSMUSP00000152547,1.0
10090.ENSMUSP00000146045,1.0
10090.ENSMUSP00000140195,1.0
10090.ENSMUSP00000140674,1.0
10090.ENSMUSP00000082778,1.0
10090.ENSMUSP00000062284,1.0
10090.ENSMUSP00000107536,1.0
10090.ENSMUSP00000142696,1.0
10090.ENSMUSP00000139706,1.0
10090.ENSMUSP00000140710,1.0
10090.ENSMUSP00000140452,1.0
10090.ENSMUSP00000023507,1.0
10090.ENSMUSP00000156065,1.0
10090.ENSMUSP00000110398,1.0
10090.ENSMUSP00000144217,13.0
10090.ENSMUSP00000144561,13.0
10090.ENSMUSP00000118120,13.0
10090.ENSMUSP00000028239,13.0
10090.ENSMUSP00000144470,13.0
10090.ENSMUSP00000144296,13.0
10090.ENSMUSP00000113839,1.0
10090.ENSMUSP00000117130,1.0
10090.ENSMUSP00000001713,1.0
10090.ENSMUSP00000112251,1.0
10090.ENSMUSP00000113501,1.0
10090.ENSMUSP00000113061,1.0
10090.ENSMUSP00000121840,1.0
10090.ENSMUSP00000116962,1.0
10090.ENSMUSP00000113109,1.0
10090.ENSMUSP00000113697,1.0
10090.ENSMUSP00000078236,1.0
10090.ENSMUSP00000105450,1.0
10090.ENSMUSP00000120068,1.0
10090.ENSMUSP00000086460,1.0
10090.ENSMUSP00000134582,1.0
10090.ENSMUSP00000134570,1.0
10090.ENSMUSP00000133518,1.0
10090.ENSMUSP00000025181,3.0
10090.ENSMUSP00000158220,3.0
10090.ENSMUSP00000157631,3.0
10090.ENSMUSP00000157920,3.0
10090.ENSMUSP00000157649,3.0
10090.ENSMUSP00000084436,3.0
10090.ENSMUSP00000133847,3.0
10090.ENSMUSP00000134004,3.0
10090.ENSMUSP00000105359,1.0
10090.ENSMUSP00000091037,1.0
10090.ENSMUSP00000133339,5.0
10090.ENSMUSP00000133541,5.0
10090.ENSMUSP00000036907,5.0
10090.ENSMUSP00000134059,5.0
10090.ENSMUSP00000079816,3.0
10090.ENSMUSP00000125754,3.0
10090.ENSMUSP00000125104,3.0
10090.ENSMUSP00000124040,3.0
10090.ENSMUSP00000124509,3.0
10090.ENSMUSP00000123946,3.0
10090.ENSMUSP00000016703,9.0
10090.ENSMUSP00000102062,9.0
10090.ENSMUSP00000142445,1.0
10090.ENSMUSP00000142741,1.0
10090.ENSMUSP00000143663,1.0
10090.ENSMUSP00000143155,1.0
10090.ENSMUSP00000143557,1.0
10090.ENSMUSP00000078661,1.0
10090.ENSMUSP00000142627,1.0
10090.ENSMUSP00000143136,1.0
10090.ENSMUSP00000057339,1.0
10090.ENSMUSP00000116569,1.0
10090.ENSMUSP00000089299,1.0
10090.ENSMUSP00000089298,1.0
10090.ENSMUSP00000006787,1.0
10090.ENSMUSP00000121914,1.0
10090.ENSMUSP00000102152,1.0
10090.ENSMUSP00000043789,1.0
10090.ENSMUSP00000020504,1.0
10090.ENSMUSP00000114037,1.0
10090.ENSMUSP00000125986,1.0
10090.ENSMUSP00000128572,1.0
10090.ENSMUSP00000000642,1.0
10090.ENSMUSP00000087453,2.0
10090.ENSMUSP00000067491,2.0
10090.ENSMUSP00000145245,2.0
10090.ENSMUSP00000145374,2.0
10090.ENSMUSP00000145383,2.0
10090.ENSMUSP00000144736,2.0
10090.ENSMUSP00000145028,2.0
10090.ENSMUSP00000110103,2.0
10090.ENSMUSP00000116125,1.0
10090.ENSMUSP00000107592,1.0
10090.ENSMUSP00000088298,1.0
10090.ENSMUSP00000107595,1.0
10090.ENSMUSP00000126069,1.0
10090.ENSMUSP00000107593,1.0
10090.ENSMUSP00000104770,2.0
10090.ENSMUSP00000070503,2.0
10090.ENSMUSP00000076989,2.0
10090.ENSMUSP00000124147,1.0
10090.ENSMUSP00000150469,1.0
10090.ENSMUSP00000047571,1.0
10090.ENSMUSP00000148926,1.0
10090.ENSMUSP00000139751,1.0
10090.ENSMUSP00000139959,1.0
10090.ENSMUSP00000149416,1.0
10090.ENSMUSP00000150782,1.0
10090.ENSMUSP00000125226,1.0
10090.ENSMUSP00000125662,1.0
10090.ENSMUSP00000026194,1.0
10090.ENSMUSP00000071069,1.0
10090.ENSMUSP00000124209,1.0
10090.ENSMUSP00000125483,1.0
10090.ENSMUSP00000043066,1.0
10090.ENSMUSP00000123816,1.0
10090.ENSMUSP00000034300,1.0
10090.ENSMUSP00000148390,1.0
10090.ENSMUSP00000154356,1.0
10090.ENSMUSP00000154526,1.0
10090.ENSMUSP00000072617,1.0
10090.ENSMUSP00000154328,1.0
10090.ENSMUSP00000155104,1.0
10090.ENSMUSP00000154602,1.0
10090.ENSMUSP00000154346,1.0
10090.ENSMUSP00000154386,1.0
10090.ENSMUSP00000154799,1.0
10090.ENSMUSP00000154638,1.0
10090.ENSMUSP00000118189,2.0
10090.ENSMUSP00000091921,2.0
10090.ENSMUSP00000114201,2.0
10090.ENSMUSP00000021698,2.0
10090.ENSMUSP00000121138,2.0
10090.ENSMUSP00000119678,1.0
10090.ENSMUSP00000127338,1.0
10090.ENSMUSP00000126239,1.0
10090.ENSMUSP00000131601,1.0
10090.ENSMUSP00000024739,1.0
10090.ENSMUSP00000020238,2.0
10090.ENSMUSP00000122710,2.0
10090.ENSMUSP00000141966,1.0
10090.ENSMUSP00000097747,1.0
10090.ENSMUSP00000028222,1.0
10090.ENSMUSP00000015800,4.0
10090.ENSMUSP00000113722,4.0
10090.ENSMUSP00000117285,4.0
10090.ENSMUSP00000005077,7.0
10090.ENSMUSP00000106785,7.0
10090.ENSMUSP00000086052,1.0
10090.ENSMUSP00000112402,1.0
10090.ENSMUSP00000112840,1.0
10090.ENSMUSP00000043390,1.0
10090.ENSMUSP00000133950,1.0
10090.ENSMUSP00000008016,15.0
10090.ENSMUSP00000135349,1.0
10090.ENSMUSP00000135770,1.0
10090.ENSMUSP00000135861,1.0
10090.ENSMUSP00000132780,1.0
10090.ENSMUSP00000056948,1.0
10090.ENSMUSP00000079976,1.0
10090.ENSMUSP00000114221,1.0
10090.ENSMUSP00000121480,1.0
10090.ENSMUSP00000042071,1.0
10090.ENSMUSP00000122424,1.0
10090.ENSMUSP00000010502,1.0
10090.ENSMUSP00000117189,1.0
10090.ENSMUSP00000071470,3.0
10090.ENSMUSP00000026565,4.0
10090.ENSMUSP00000127673,1.0
10090.ENSMUSP00000128635,1.0
10090.ENSMUSP00000133028,1.0
10090.ENSMUSP00000001672,1.0
10090.ENSMUSP00000130846,1.0
10090.ENSMUSP00000130824,1.0
10090.ENSMUSP00000127553,1.0
10090.ENSMUSP00000051699,1.0
10090.ENSMUSP00000118015,1.0
10090.ENSMUSP00000103910,1.0
10090.ENSMUSP00000023807,1.0
10090.ENSMUSP00000045057,1.0
10090.ENSMUSP00000128318,1.0
10090.ENSMUSP00000103675,1.0
10090.ENSMUSP00000103676,1.0
10090.ENSMUSP00000095736,1.0
10090.ENSMUSP00000103677,1.0
10090.ENSMUSP00000143157,2.0
10090.ENSMUSP00000026845,2.0
10090.ENSMUSP00000143293,2.0
10090.ENSMUSP00000143544,2.0
10090.ENSMUSP00000139227,1.0
10090.ENSMUSP00000138915,1.0
10090.ENSMUSP00000138820,1.0
10090.ENSMUSP00000138987,1.0
10090.ENSMUSP00000139016,1.0
10090.ENSMUSP00000138836,1.0
10090.ENSMUSP00000139311,1.0
10090.ENSMUSP00000064205,1.0
10090.ENSMUSP00000139060,1.0
10090.ENSMUSP00000139180,1.0
10090.ENSMUSP00000061877,1.0
10090.ENSMUSP00000145556,1.0
10090.ENSMUSP00000145991,1.0
10090.ENSMUSP00000128278,1.0
10090.ENSMUSP00000146126,1.0
10090.ENSMUSP00000116167,1.0
10090.ENSMUSP00000117379,1.0
10090.ENSMUSP00000064448,1.0
10090.ENSMUSP00000122519,1.0
10090.ENSMUSP00000118570,1.0
10090.ENSMUSP00000121016,1.0
10090.ENSMUSP00000099001,1.0
10090.ENSMUSP00000115508,1.0
10090.ENSMUSP00000117042,1.0
10090.ENSMUSP00000110000,1.0
10090.ENSMUSP00000033769,1.0
10090.ENSMUSP00000109993,1.0
10090.ENSMUSP00000109992,1.0
10090.ENSMUSP00000109994,1.0
10090.ENSMUSP00000101849,1.0
10090.ENSMUSP00000121676,1.0
10090.ENSMUSP00000068468,1.0
10090.ENSMUSP00000113957,1.0
10090.ENSMUSP00000101847,1.0
10090.ENSMUSP00000107369,1.0
10090.ENSMUSP00000118016,1.0
10090.ENSMUSP00000028499,1.0
10090.ENSMUSP00000121295,1.0
10090.ENSMUSP00000122730,1.0
10090.ENSMUSP00000119699,1.0
10090.ENSMUSP00000087457,1.0
10090.ENSMUSP00000120026,1.0
10090.ENSMUSP00000033591,1.0
10090.ENSMUSP00000022704,4.0
10090.ENSMUSP00000153948,4.0
10090.ENSMUSP00000154011,4.0
10090.ENSMUSP00000122957,2.0
10090.ENSMUSP00000099842,2.0
10090.ENSMUSP00000154840,1.0
10090.ENSMUSP00000155528,1.0
10090.ENSMUSP00000134551,1.0
10090.ENSMUSP00000155786,1.0
10090.ENSMUSP00000134246,1.0
10090.ENSMUSP00000133700,1.0
10090.ENSMUSP00000155423,1.0
10090.ENSMUSP00000056227,1.0
10090.ENSMUSP00000021083,1.0
10090.ENSMUSP00000102711,1.0
10090.ENSMUSP00000064680,1.0
10090.ENSMUSP00000092901,1.0
10090.ENSMUSP00000150017,1.0
10090.ENSMUSP00000112890,1.0
10090.ENSMUSP00000120301,1.0
10090.ENSMUSP00000122690,1.0
10090.ENSMUSP00000156477,1.0
10090.ENSMUSP00000156907,1.0
10090.ENSMUSP00000062282,1.0
10090.ENSMUSP00000156877,1.0
10090.ENSMUSP00000131435,1.0
10090.ENSMUSP00000156936,1.0
10090.ENSMUSP00000156448,1.0
10090.ENSMUSP00000112957,1.0
10090.ENSMUSP00000156849,1.0
10090.ENSMUSP00000113740,1.0
10090.ENSMUSP00000156575,1.0
10090.ENSMUSP00000156465,1.0
10090.ENSMUSP00000156738,1.0
10090.ENSMUSP00000156175,1.0
10090.ENSMUSP00000082821,1.0
10090.ENSMUSP00000141861,1.0
10090.ENSMUSP00000141863,1.0
10090.ENSMUSP00000002855,1.0
10090.ENSMUSP00000148258,1.0
10090.ENSMUSP00000147273,1.0
10090.ENSMUSP00000091620,1.0
10090.ENSMUSP00000031053,1.0
10090.ENSMUSP00000144050,1.0
10090.ENSMUSP00000144226,1.0
10090.ENSMUSP00000143850,1.0
10090.ENSMUSP00000120537,1.0
10090.ENSMUSP00000109720,1.0
10090.ENSMUSP00000054674,1.0
10090.ENSMUSP00000045639,1.0
10090.ENSMUSP00000134487,1.0
10090.ENSMUSP00000134361,1.0
10090.ENSMUSP00000134439,1.0
10090.ENSMUSP00000043439,1.0
10090.ENSMUSP00000134474,1.0
10090.ENSMUSP00000043540,1.0
10090.ENSMUSP00000130372,1.0
10090.ENSMUSP00000027752,1.0
10090.ENSMUSP00000124216,1.0
10090.ENSMUSP00000124662,1.0
10090.ENSMUSP00000052283,3.0
10090.ENSMUSP00000074448,3.0
10090.ENSMUSP00000016678,3.0
10090.ENSMUSP00000112936,1.0
10090.ENSMUSP00000029698,1.0
10090.ENSMUSP00000020909,2.0
10090.ENSMUSP00000155529,1.0
10090.ENSMUSP00000155601,1.0
10090.ENSMUSP00000097780,1.0
10090.ENSMUSP00000155661,1.0
10090.ENSMUSP00000086964,1.0
10090.ENSMUSP00000029588,1.0
10090.ENSMUSP00000143331,1.0
10090.ENSMUSP00000016168,1.0
10090.ENSMUSP00000105117,1.0
10090.ENSMUSP00000118297,1.0
10090.ENSMUSP00000102534,1.0
10090.ENSMUSP00000037385,1.0
10090.ENSMUSP00000099838,1.0
10090.ENSMUSP00000123654,1.0
10090.ENSMUSP00000086795,3.0
10090.ENSMUSP00000155144,3.0
10090.ENSMUSP00000108584,1.0
10090.ENSMUSP00000108585,1.0
10090.ENSMUSP00000135776,1.0
10090.ENSMUSP00000108591,1.0
10090.ENSMUSP00000108590,1.0
10090.ENSMUSP00000108587,1.0
10090.ENSMUSP00000135693,1.0
10090.ENSMUSP00000158495,1.0
10090.ENSMUSP00000113326,1.0
10090.ENSMUSP00000116433,1.0
10090.ENSMUSP00000040140,1.0
10090.ENSMUSP00000021940,1.0
10090.ENSMUSP00000029699,2.0
10090.ENSMUSP00000040265,2.0
10090.ENSMUSP00000120784,2.0
10090.ENSMUSP00000113093,2.0
10090.ENSMUSP00000028689,1.0
10090.ENSMUSP00000147745,1.0
10090.ENSMUSP00000048691,1.0
10090.ENSMUSP00000147342,1.0
10090.ENSMUSP00000081486,1.0
10090.ENSMUSP00000063912,1.0
10090.ENSMUSP00000016033,1.0
10090.ENSMUSP00000157016,1.0
10090.ENSMUSP00000108133,1.0
10090.ENSMUSP00000001927,1.0
10090.ENSMUSP00000157367,1.0
10090.ENSMUSP00000108135,1.0
10090.ENSMUSP00000116890,1.0
10090.ENSMUSP00000125527,1.0
10090.ENSMUSP00000125111,1.0
10090.ENSMUSP00000125573,1.0
10090.ENSMUSP00000055254,1.0
10090.ENSMUSP00000123970,1.0
10090.ENSMUSP00000125394,1.0
10090.ENSMUSP00000124010,1.0
10090.ENSMUSP00000040877,1.0
10090.ENSMUSP00000094076,1.0
10090.ENSMUSP00000155516,1.0
10090.ENSMUSP00000131628,1.0
10090.ENSMUSP00000154850,1.0
10090.ENSMUSP00000026142,2.0
10090.ENSMUSP00000026302,2.0
10090.ENSMUSP00000108317,2.0
10090.ENSMUSP00000115770,2.0
10090.ENSMUSP00000119088,2.0
10090.ENSMUSP00000120903,2.0
10090.ENSMUSP00000108320,2.0
10090.ENSMUSP00000116332,2.0
10090.ENSMUSP00000108319,2.0
10090.ENSMUSP00000030348,1.0
10090.ENSMUSP00000123907,1.0
10090.ENSMUSP00000124562,1.0
10090.ENSMUSP00000124453,1.0
10090.ENSMUSP00000066534,1.0
10090.ENSMUSP00000125424,1.0
10090.ENSMUSP00000029128,4.0
10090.ENSMUSP00000034920,1.0
10090.ENSMUSP00000106199,1.0
10090.ENSMUSP00000126006,1.0
10090.ENSMUSP00000047812,1.0
10090.ENSMUSP00000106196,1.0
10090.ENSMUSP00000111396,1.0
10090.ENSMUSP00000156250,1.0
10090.ENSMUSP00000156154,1.0
10090.ENSMUSP00000156214,1.0
10090.ENSMUSP00000065983,1.0
10090.ENSMUSP00000146161,1.0
10090.ENSMUSP00000146179,1.0
10090.ENSMUSP00000088880,1.0
10090.ENSMUSP00000051619,1.0
10090.ENSMUSP00000101969,1.0
10090.ENSMUSP00000028981,1.0
10090.ENSMUSP00000055637,1.0
10090.ENSMUSP00000128779,1.0
10090.ENSMUSP00000132482,1.0
10090.ENSMUSP00000129067,1.0
10090.ENSMUSP00000131684,1.0
10090.ENSMUSP00000128560,1.0
10090.ENSMUSP00000128549,1.0
10090.ENSMUSP00000129894,1.0
10090.ENSMUSP00000131266,1.0
10090.ENSMUSP00000129490,1.0
10090.ENSMUSP00000126468,1.0
10090.ENSMUSP00000125944,1.0
10090.ENSMUSP00000108969,1.0
10090.ENSMUSP00000129924,1.0
10090.ENSMUSP00000129506,1.0
10090.ENSMUSP00000127827,1.0
10090.ENSMUSP00000032557,1.0
10090.ENSMUSP00000126753,1.0
10090.ENSMUSP00000025921,1.0
10090.ENSMUSP00000142136,1.0
10090.ENSMUSP00000145592,1.0
10090.ENSMUSP00000145651,1.0
10090.ENSMUSP00000145902,1.0
10090.ENSMUSP00000145760,1.0
10090.ENSMUSP00000146216,1.0
10090.ENSMUSP00000087118,1.0
10090.ENSMUSP00000145603,1.0
10090.ENSMUSP00000146319,1.0
10090.ENSMUSP00000145983,1.0
10090.ENSMUSP00000146301,1.0
10090.ENSMUSP00000145696,1.0
10090.ENSMUSP00000153085,1.0
10090.ENSMUSP00000153428,1.0
10090.ENSMUSP00000095137,1.0
10090.ENSMUSP00000135915,2.0
10090.ENSMUSP00000044048,2.0
10090.ENSMUSP00000152879,1.0
10090.ENSMUSP00000152842,1.0
10090.ENSMUSP00000152144,1.0
10090.ENSMUSP00000022089,1.0
10090.ENSMUSP00000038126,1.0
10090.ENSMUSP00000101695,1.0
10090.ENSMUSP00000122949,1.0
10090.ENSMUSP00000132711,1.0
10090.ENSMUSP00000071868,1.0
10090.ENSMUSP00000032342,1.0
10090.ENSMUSP00000102115,1.0
10090.ENSMUSP00000102116,1.0
10090.ENSMUSP00000021087,1.0
10090.ENSMUSP00000119643,1.0
10090.ENSMUSP00000034187,3.0
10090.ENSMUSP00000147838,3.0
10090.ENSMUSP00000091087,1.0
10090.ENSMUSP00000094176,1.0
10090.ENSMUSP00000120211,1.0
10090.ENSMUSP00000146833,1.0
10090.ENSMUSP00000146331,1.0
10090.ENSMUSP00000147078,1.0
10090.ENSMUSP00000055934,1.0
10090.ENSMUSP00000116307,1.0
10090.ENSMUSP00000119443,1.0
10090.ENSMUSP00000122214,1.0
10090.ENSMUSP00000119901,1.0
10090.ENSMUSP00000045654,1.0
10090.ENSMUSP00000118386,1.0
10090.ENSMUSP00000142329,1.0
10090.ENSMUSP00000027853,1.0
10090.ENSMUSP00000032735,1.0
10090.ENSMUSP00000067135,1.0
10090.ENSMUSP00000030942,1.0
10090.ENSMUSP00000139122,1.0
10090.ENSMUSP00000139169,1.0
10090.ENSMUSP00000139007,1.0
10090.ENSMUSP00000147311,1.0
10090.ENSMUSP00000039784,1.0
10090.ENSMUSP00000148138,1.0
10090.ENSMUSP00000119535,1.0
10090.ENSMUSP00000148443,16.0
10090.ENSMUSP00000034215,16.0
10090.ENSMUSP00000148764,16.0
10090.ENSMUSP00000148308,4.0
10090.ENSMUSP00000034214,4.0
10090.ENSMUSP00000118566,1.0
10090.ENSMUSP00000107093,1.0
10090.ENSMUSP00000107092,1.0
10090.ENSMUSP00000149233,1.0
10090.ENSMUSP00000121851,1.0
10090.ENSMUSP00000150912,1.0
10090.ENSMUSP00000151033,1.0
10090.ENSMUSP00000149651,1.0
10090.ENSMUSP00000128288,2.0
10090.ENSMUSP00000131814,2.0
10090.ENSMUSP00000129500,2.0
10090.ENSMUSP00000022865,2.0
10090.ENSMUSP00000154553,2.0
10090.ENSMUSP00000130190,2.0
10090.ENSMUSP00000126167,2.0
10090.ENSMUSP00000123821,1.0
10090.ENSMUSP00000141139,1.0
10090.ENSMUSP00000022971,1.0
10090.ENSMUSP00000124758,1.0
10090.ENSMUSP00000130285,1.0
10090.ENSMUSP00000125480,1.0
10090.ENSMUSP00000140183,1.0
10090.ENSMUSP00000123852,1.0
10090.ENSMUSP00000154774,1.0
10090.ENSMUSP00000124443,1.0
10090.ENSMUSP00000124601,1.0
10090.ENSMUSP00000124710,1.0
10090.ENSMUSP00000125189,1.0
10090.ENSMUSP00000042364,1.0
10090.ENSMUSP00000156763,1.0
10090.ENSMUSP00000128803,5.0
10090.ENSMUSP00000151915,5.0
10090.ENSMUSP00000151250,5.0
10090.ENSMUSP00000151786,5.0
10090.ENSMUSP00000151991,5.0
10090.ENSMUSP00000151236,5.0
10090.ENSMUSP00000151693,5.0
10090.ENSMUSP00000151914,5.0
10090.ENSMUSP00000047403,1.0
10090.ENSMUSP00000152597,1.0
10090.ENSMUSP00000127918,1.0
10090.ENSMUSP00000127844,1.0
10090.ENSMUSP00000105627,1.0
10090.ENSMUSP00000126280,1.0
10090.ENSMUSP00000129127,1.0
10090.ENSMUSP00000132857,1.0
10090.ENSMUSP00000002805,1.0
10090.ENSMUSP00000073532,3.0
10090.ENSMUSP00000089680,3.0
10090.ENSMUSP00000023088,1.0
10090.ENSMUSP00000155159,1.0
10090.ENSMUSP00000155808,1.0
10090.ENSMUSP00000155445,1.0
10090.ENSMUSP00000155062,1.0
10090.ENSMUSP00000155238,1.0
10090.ENSMUSP00000154927,1.0
10090.ENSMUSP00000155110,1.0
10090.ENSMUSP00000158356,1.0
10090.ENSMUSP00000158408,1.0
10090.ENSMUSP00000025483,1.0
10090.ENSMUSP00000157502,1.0
10090.ENSMUSP00000157626,1.0
10090.ENSMUSP00000158367,1.0
10090.ENSMUSP00000157468,1.0
10090.ENSMUSP00000158278,1.0
10090.ENSMUSP00000157488,1.0
10090.ENSMUSP00000158211,1.0
10090.ENSMUSP00000157402,1.0
10090.ENSMUSP00000115072,1.0
10090.ENSMUSP00000129637,1.0
10090.ENSMUSP00000028608,1.0
10090.ENSMUSP00000029708,1.0
10090.ENSMUSP00000127075,1.0
10090.ENSMUSP00000127099,1.0
10090.ENSMUSP00000130150,1.0
10090.ENSMUSP00000129093,1.0
10090.ENSMUSP00000126091,1.0
10090.ENSMUSP00000130281,1.0
10090.ENSMUSP00000127302,1.0
10090.ENSMUSP00000130584,1.0
10090.ENSMUSP00000127940,1.0
10090.ENSMUSP00000126985,1.0
10090.ENSMUSP00000005256,1.0
10090.ENSMUSP00000105796,1.0
10090.ENSMUSP00000145197,1.0
10090.ENSMUSP00000145413,1.0
10090.ENSMUSP00000031637,1.0
10090.ENSMUSP00000144932,1.0
10090.ENSMUSP00000114095,1.0
10090.ENSMUSP00000118918,1.0
10090.ENSMUSP00000037341,1.0
10090.ENSMUSP00000022980,1.0
10090.ENSMUSP00000038463,1.0
10090.ENSMUSP00000141933,1.0
10090.ENSMUSP00000023334,1.0
10090.ENSMUSP00000112567,1.0
10090.ENSMUSP00000113301,1.0
10090.ENSMUSP00000113146,1.0
10090.ENSMUSP00000023335,1.0
10090.ENSMUSP00000093757,1.0
10090.ENSMUSP00000115927,1.0
10090.ENSMUSP00000117479,1.0
10090.ENSMUSP00000139297,1.0
10090.ENSMUSP00000138852,1.0
10090.ENSMUSP00000139190,1.0
10090.ENSMUSP00000034740,1.0
10090.ENSMUSP00000138983,1.0
10090.ENSMUSP00000021794,1.0
10090.ENSMUSP00000125773,1.0
10090.ENSMUSP00000152937,1.0
10090.ENSMUSP00000046311,1.0
10090.ENSMUSP00000121423,1.0
10090.ENSMUSP00000120512,1.0
10090.ENSMUSP00000103285,1.0
10090.ENSMUSP00000103286,1.0
10090.ENSMUSP00000128527,1.0
10090.ENSMUSP00000080467,1.0
10090.ENSMUSP00000127804,1.0
10090.ENSMUSP00000103284,1.0
10090.ENSMUSP00000131585,1.0
10090.ENSMUSP00000021413,1.0
10090.ENSMUSP00000005532,1.0
10090.ENSMUSP00000121186,1.0
10090.ENSMUSP00000114130,1.0
10090.ENSMUSP00000036740,1.0
10090.ENSMUSP00000126153,1.0
10090.ENSMUSP00000034392,1.0
10090.ENSMUSP00000028553,1.0
10090.ENSMUSP00000043981,1.0
10090.ENSMUSP00000141192,1.0
10090.ENSMUSP00000027174,1.0
10090.ENSMUSP00000139568,1.0
10090.ENSMUSP00000140581,1.0
10090.ENSMUSP00000140038,1.0
10090.ENSMUSP00000139517,1.0
10090.ENSMUSP00000141100,1.0
10090.ENSMUSP00000140053,1.0
10090.ENSMUSP00000139474,1.0
10090.ENSMUSP00000140250,1.0
10090.ENSMUSP00000021668,1.0
10090.ENSMUSP00000090891,2.0
10090.ENSMUSP00000075067,2.0
10090.ENSMUSP00000104978,2.0
10090.ENSMUSP00000098926,2.0
10090.ENSMUSP00000028166,1.0
10090.ENSMUSP00000108248,1.0
10090.ENSMUSP00000138824,1.0
10090.ENSMUSP00000108246,1.0
10090.ENSMUSP00000030025,1.0
10090.ENSMUSP00000121455,1.0
10090.ENSMUSP00000138757,1.0
10090.ENSMUSP00000032895,1.0
10090.ENSMUSP00000138741,1.0
10090.ENSMUSP00000020578,1.0
10090.ENSMUSP00000123991,1.0
10090.ENSMUSP00000137922,1.0
10090.ENSMUSP00000098365,1.0
10090.ENSMUSP00000116863,1.0
10090.ENSMUSP00000113591,1.0
10090.ENSMUSP00000122597,1.0
10090.ENSMUSP00000117899,1.0
10090.ENSMUSP00000082311,1.0
10090.ENSMUSP00000105927,1.0
10090.ENSMUSP00000119303,1.0
10090.ENSMUSP00000122960,1.0
10090.ENSMUSP00000122977,1.0
10090.ENSMUSP00000021647,1.0
10090.ENSMUSP00000152499,1.0
10090.ENSMUSP00000139489,5.0
10090.ENSMUSP00000145914,5.0
10090.ENSMUSP00000032961,5.0
10090.ENSMUSP00000136469,5.0
10090.ENSMUSP00000136186,5.0
10090.ENSMUSP00000055922,5.0
10090.ENSMUSP00000136134,5.0
10090.ENSMUSP00000137400,5.0
10090.ENSMUSP00000136251,5.0
10090.ENSMUSP00000069412,1.0
10090.ENSMUSP00000031038,1.0
10090.ENSMUSP00000128805,1.0
10090.ENSMUSP00000144515,1.0
10090.ENSMUSP00000144102,1.0
10090.ENSMUSP00000143869,1.0
10090.ENSMUSP00000143867,1.0
10090.ENSMUSP00000143799,1.0
10090.ENSMUSP00000144227,1.0
10090.ENSMUSP00000152363,2.0
10090.ENSMUSP00000128661,2.0
10090.ENSMUSP00000152699,2.0
10090.ENSMUSP00000099090,1.0
10090.ENSMUSP00000117323,1.0
10090.ENSMUSP00000003461,1.0
10090.ENSMUSP00000091041,1.0
10090.ENSMUSP00000080569,1.0
10090.ENSMUSP00000117505,1.0
10090.ENSMUSP00000021822,1.0
10090.ENSMUSP00000107560,1.0
10090.ENSMUSP00000139363,1.0
10090.ENSMUSP00000077123,1.0
10090.ENSMUSP00000107561,1.0
10090.ENSMUSP00000128352,1.0
10090.ENSMUSP00000126221,1.0
10090.ENSMUSP00000046480,2.0
10090.ENSMUSP00000090170,1.0
10090.ENSMUSP00000101106,1.0
10090.ENSMUSP00000009789,1.0
10090.ENSMUSP00000026122,1.0
10090.ENSMUSP00000128796,1.0
10090.ENSMUSP00000001809,1.0
10090.ENSMUSP00000117063,1.0
10090.ENSMUSP00000154430,1.0
10090.ENSMUSP00000040846,1.0
10090.ENSMUSP00000054863,1.0
10090.ENSMUSP00000028817,1.0
10090.ENSMUSP00000121575,1.0
10090.ENSMUSP00000142608,1.0
10090.ENSMUSP00000031731,1.0
10090.ENSMUSP00000057002,1.0
10090.ENSMUSP00000115654,1.0
10090.ENSMUSP00000120749,1.0
10090.ENSMUSP00000148947,1.0
10090.ENSMUSP00000035515,1.0
10090.ENSMUSP00000151141,1.0
10090.ENSMUSP00000022681,1.0
10090.ENSMUSP00000116200,1.0
10090.ENSMUSP00000141050,1.0
10090.ENSMUSP00000139820,1.0
10090.ENSMUSP00000116694,1.0
10090.ENSMUSP00000119222,1.0
10090.ENSMUSP00000030317,1.0
10090.ENSMUSP00000113776,1.0
10090.ENSMUSP00000137648,1.0
10090.ENSMUSP00000137969,1.0
10090.ENSMUSP00000096880,1.0
10090.ENSMUSP00000075376,1.0
10090.ENSMUSP00000018437,1.0
10090.ENSMUSP00000136219,1.0
10090.ENSMUSP00000104189,1.0
10090.ENSMUSP00000108124,1.0
10090.ENSMUSP00000057760,1.0
10090.ENSMUSP00000143477,1.0
10090.ENSMUSP00000114257,1.0
10090.ENSMUSP00000117395,1.0
10090.ENSMUSP00000034611,1.0
10090.ENSMUSP00000114533,1.0
10090.ENSMUSP00000114773,1.0
10090.ENSMUSP00000122661,1.0
10090.ENSMUSP00000120092,1.0
10090.ENSMUSP00000122071,1.0
10090.ENSMUSP00000122374,1.0
10090.ENSMUSP00000121809,1.0
10090.ENSMUSP00000119966,1.0
10090.ENSMUSP00000120023,1.0
10090.ENSMUSP00000120208,1.0
10090.ENSMUSP00000116987,1.0
10090.ENSMUSP00000117321,1.0
10090.ENSMUSP00000141514,1.0
10090.ENSMUSP00000113710,1.0
10090.ENSMUSP00000115595,1.0
10090.ENSMUSP00000112889,1.0
10090.ENSMUSP00000112847,1.0
10090.ENSMUSP00000120581,1.0
10090.ENSMUSP00000033941,1.0
10090.ENSMUSP00000145540,1.0
10090.ENSMUSP00000002284,1.0
10090.ENSMUSP00000145632,1.0
10090.ENSMUSP00000081221,1.0
10090.ENSMUSP00000030751,1.0
10090.ENSMUSP00000063677,1.0
10090.ENSMUSP00000065719,3.0
10090.ENSMUSP00000136557,1.0
10090.ENSMUSP00000154805,1.0
10090.ENSMUSP00000043926,1.0
10090.ENSMUSP00000124357,1.0
10090.ENSMUSP00000093462,1.0
10090.ENSMUSP00000028874,1.0
10090.ENSMUSP00000099494,1.0
10090.ENSMUSP00000050771,1.0
10090.ENSMUSP00000071200,1.0
10090.ENSMUSP00000155332,1.0
10090.ENSMUSP00000155409,1.0
10090.ENSMUSP00000043566,1.0
10090.ENSMUSP00000031728,2.0
10090.ENSMUSP00000106664,2.0
10090.ENSMUSP00000119138,1.0
10090.ENSMUSP00000121531,1.0
10090.ENSMUSP00000005651,1.0
10090.ENSMUSP00000112924,1.0
10090.ENSMUSP00000121022,1.0
10090.ENSMUSP00000020286,1.0
10090.ENSMUSP00000150020,1.0
10090.ENSMUSP00000149662,1.0
10090.ENSMUSP00000117987,1.0
10090.ENSMUSP00000034947,3.0
10090.ENSMUSP00000025419,4.0
10090.ENSMUSP00000039109,1.0
10090.ENSMUSP00000137997,1.0
10090.ENSMUSP00000053101,2.0
10090.ENSMUSP00000071040,2.0
10090.ENSMUSP00000153575,1.0
10090.ENSMUSP00000152970,1.0
10090.ENSMUSP00000153236,1.0
10090.ENSMUSP00000131084,1.0
10090.ENSMUSP00000025846,1.0
10090.ENSMUSP00000109630,1.0
10090.ENSMUSP00000026328,1.0
10090.ENSMUSP00000122997,1.0
10090.ENSMUSP00000158249,1.0
10090.ENSMUSP00000025904,1.0
10090.ENSMUSP00000135084,1.0
10090.ENSMUSP00000134521,1.0
10090.ENSMUSP00000021942,1.0
10090.ENSMUSP00000104878,1.0
10090.ENSMUSP00000049204,1.0
10090.ENSMUSP00000114567,1.0
10090.ENSMUSP00000029140,1.0
10090.ENSMUSP00000055253,1.0
10090.ENSMUSP00000004316,1.0
10090.ENSMUSP00000137286,1.0
10090.ENSMUSP00000126407,1.0
10090.ENSMUSP00000101105,1.0
10090.ENSMUSP00000137476,1.0
10090.ENSMUSP00000034848,1.0
10090.ENSMUSP00000132368,1.0
10090.ENSMUSP00000126844,1.0
10090.ENSMUSP00000138057,1.0
10090.ENSMUSP00000021049,1.0
10090.ENSMUSP00000156035,1.0
10090.ENSMUSP00000007212,1.0
10090.ENSMUSP00000156092,1.0
10090.ENSMUSP00000127496,1.0
10090.ENSMUSP00000156260,1.0
10090.ENSMUSP00000107009,1.0
10090.ENSMUSP00000123798,1.0
10090.ENSMUSP00000125596,1.0
10090.ENSMUSP00000013807,1.0
10090.ENSMUSP00000044188,6.0
10090.ENSMUSP00000139849,6.0
10090.ENSMUSP00000140270,6.0
10090.ENSMUSP00000139690,6.0
10090.ENSMUSP00000032216,1.0
10090.ENSMUSP00000124652,1.0
10090.ENSMUSP00000009435,1.0
10090.ENSMUSP00000124313,1.0
10090.ENSMUSP00000124774,1.0
10090.ENSMUSP00000125094,1.0
10090.ENSMUSP00000124457,1.0
10090.ENSMUSP00000029421,5.0
10090.ENSMUSP00000149197,1.0
10090.ENSMUSP00000149752,1.0
10090.ENSMUSP00000002902,1.0
10090.ENSMUSP00000149808,1.0
10090.ENSMUSP00000150786,1.0
10090.ENSMUSP00000148877,1.0
10090.ENSMUSP00000070134,1.0
10090.ENSMUSP00000128645,1.0
10090.ENSMUSP00000105230,1.0
10090.ENSMUSP00000105231,1.0
10090.ENSMUSP00000020358,1.0
10090.ENSMUSP00000127330,1.0
10090.ENSMUSP00000151464,1.0
10090.ENSMUSP00000020343,1.0
10090.ENSMUSP00000032134,1.0
10090.ENSMUSP00000032135,1.0
10090.ENSMUSP00000077716,1.0
10090.ENSMUSP00000146042,1.0
10090.ENSMUSP00000076227,1.0
10090.ENSMUSP00000118590,1.0
10090.ENSMUSP00000112537,1.0
10090.ENSMUSP00000026390,1.0
10090.ENSMUSP00000114103,1.0
10090.ENSMUSP00000119245,1.0
10090.ENSMUSP00000079380,2.0
10090.ENSMUSP00000098058,2.0
10090.ENSMUSP00000020640,1.0
10090.ENSMUSP00000119126,1.0
10090.ENSMUSP00000029120,1.0
10090.ENSMUSP00000105323,1.0
10090.ENSMUSP00000112090,1.0
10090.ENSMUSP00000058105,1.0
10090.ENSMUSP00000119108,1.0
10090.ENSMUSP00000114185,1.0
10090.ENSMUSP00000095253,1.0
10090.ENSMUSP00000128679,1.0
10090.ENSMUSP00000139720,1.0
10090.ENSMUSP00000031383,1.0
10090.ENSMUSP00000106975,1.0
10090.ENSMUSP00000142634,1.0
10090.ENSMUSP00000142419,1.0
10090.ENSMUSP00000088174,1.0
10090.ENSMUSP00000142733,1.0
10090.ENSMUSP00000151578,1.0
10090.ENSMUSP00000066238,1.0
10090.ENSMUSP00000145257,3.0
10090.ENSMUSP00000009425,3.0
10090.ENSMUSP00000144793,3.0
10090.ENSMUSP00000144799,3.0
10090.ENSMUSP00000117722,1.0
10090.ENSMUSP00000113252,1.0
10090.ENSMUSP00000010211,1.0
10090.ENSMUSP00000091301,1.0
10090.ENSMUSP00000107333,1.0
10090.ENSMUSP00000032388,1.0
10090.ENSMUSP00000122684,1.0
10090.ENSMUSP00000130671,1.0
10090.ENSMUSP00000114734,1.0
10090.ENSMUSP00000115354,1.0
10090.ENSMUSP00000107946,1.0
10090.ENSMUSP00000107945,1.0
10090.ENSMUSP00000033720,1.0
10090.ENSMUSP00000131076,1.0
10090.ENSMUSP00000149535,1.0
10090.ENSMUSP00000057600,1.0
10090.ENSMUSP00000151192,1.0
10090.ENSMUSP00000154877,1.0
10090.ENSMUSP00000023036,1.0
10090.ENSMUSP00000155288,1.0
10090.ENSMUSP00000124871,1.0
10090.ENSMUSP00000037178,1.0
10090.ENSMUSP00000023672,1.0
10090.ENSMUSP00000156110,1.0
10090.ENSMUSP00000155863,1.0
10090.ENSMUSP00000156351,1.0
10090.ENSMUSP00000156053,1.0
10090.ENSMUSP00000060394,1.0
10090.ENSMUSP00000027053,1.0
10090.ENSMUSP00000034524,1.0
10090.ENSMUSP00000149774,1.0
10090.ENSMUSP00000149074,1.0
10090.ENSMUSP00000149784,1.0
10090.ENSMUSP00000091338,1.0
10090.ENSMUSP00000139195,1.0
10090.ENSMUSP00000127192,1.0
10090.ENSMUSP00000138957,1.0
10090.ENSMUSP00000022595,3.0
10090.ENSMUSP00000141572,1.0
10090.ENSMUSP00000007959,1.0
10090.ENSMUSP00000141967,1.0
10090.ENSMUSP00000067013,1.0
10090.ENSMUSP00000002303,2.0
10090.ENSMUSP00000142697,2.0
10090.ENSMUSP00000142855,2.0
10090.ENSMUSP00000135659,2.0
10090.ENSMUSP00000102399,2.0
10090.ENSMUSP00000112379,1.0
10090.ENSMUSP00000059498,1.0
10090.ENSMUSP00000134552,1.0
10090.ENSMUSP00000113165,1.0
10090.ENSMUSP00000105358,1.0
10090.ENSMUSP00000121864,1.0
10090.ENSMUSP00000066769,1.0
10090.ENSMUSP00000105360,1.0
10090.ENSMUSP00000120374,1.0
10090.ENSMUSP00000116164,1.0
10090.ENSMUSP00000118442,1.0
10090.ENSMUSP00000120668,1.0
10090.ENSMUSP00000029989,1.0
10090.ENSMUSP00000128546,1.0
10090.ENSMUSP00000121334,1.0
10090.ENSMUSP00000118293,1.0
10090.ENSMUSP00000126345,1.0
10090.ENSMUSP00000085867,1.0
10090.ENSMUSP00000111028,1.0
10090.ENSMUSP00000069549,1.0
10090.ENSMUSP00000157140,1.0
10090.ENSMUSP00000157135,1.0
10090.ENSMUSP00000115919,3.0
10090.ENSMUSP00000119500,3.0
10090.ENSMUSP00000008826,3.0
10090.ENSMUSP00000082055,3.0
10090.ENSMUSP00000156409,1.0
10090.ENSMUSP00000156950,1.0
10090.ENSMUSP00000114141,1.0
10090.ENSMUSP00000048469,1.0
10090.ENSMUSP00000156947,1.0
10090.ENSMUSP00000156828,1.0
10090.ENSMUSP00000156823,1.0
10090.ENSMUSP00000121108,8.0
10090.ENSMUSP00000099595,8.0
10090.ENSMUSP00000117461,1.0
10090.ENSMUSP00000141294,1.0
10090.ENSMUSP00000000756,7.0
10090.ENSMUSP00000150756,4.0
10090.ENSMUSP00000131489,4.0
10090.ENSMUSP00000078654,1.0
10090.ENSMUSP00000157556,1.0
10090.ENSMUSP00000147257,5.0
10090.ENSMUSP00000072320,5.0
10090.ENSMUSP00000147725,5.0
10090.ENSMUSP00000147816,5.0
10090.ENSMUSP00000148055,5.0
10090.ENSMUSP00000147918,5.0
10090.ENSMUSP00000147770,5.0
10090.ENSMUSP00000147862,5.0
10090.ENSMUSP00000148529,3.0
10090.ENSMUSP00000148671,3.0
10090.ENSMUSP00000058368,3.0
10090.ENSMUSP00000148281,3.0
10090.ENSMUSP00000148743,3.0
10090.ENSMUSP00000148723,3.0
10090.ENSMUSP00000148665,3.0
10090.ENSMUSP00000017548,3.0
10090.ENSMUSP00000103181,3.0
10090.ENSMUSP00000041652,3.0
10090.ENSMUSP00000106211,3.0
10090.ENSMUSP00000106213,3.0
10090.ENSMUSP00000140276,1.0
10090.ENSMUSP00000099480,1.0
10090.ENSMUSP00000118787,1.0
10090.ENSMUSP00000141510,2.0
10090.ENSMUSP00000043111,2.0
10090.ENSMUSP00000141360,2.0
10090.ENSMUSP00000117316,9.0
10090.ENSMUSP00000099435,9.0
10090.ENSMUSP00000099541,1.0
10090.ENSMUSP00000023269,5.0
10090.ENSMUSP00000119329,3.0
10090.ENSMUSP00000098576,3.0
10090.ENSMUSP00000129072,3.0
10090.ENSMUSP00000073175,3.0
10090.ENSMUSP00000123410,7.0
10090.ENSMUSP00000134650,7.0
10090.ENSMUSP00000032597,4.0
10090.ENSMUSP00000117699,4.0
10090.ENSMUSP00000104217,4.0
10090.ENSMUSP00000150846,4.0
10090.ENSMUSP00000150339,4.0
10090.ENSMUSP00000117834,4.0
10090.ENSMUSP00000080203,4.0
10090.ENSMUSP00000096592,4.0
10090.ENSMUSP00000149722,4.0
10090.ENSMUSP00000154172,3.0
10090.ENSMUSP00000106014,3.0
10090.ENSMUSP00000009039,3.0
10090.ENSMUSP00000080523,6.0
10090.ENSMUSP00000145350,6.0
10090.ENSMUSP00000086614,3.0
10090.ENSMUSP00000142486,3.0
10090.ENSMUSP00000142951,3.0
10090.ENSMUSP00000143752,3.0
10090.ENSMUSP00000078092,3.0
10090.ENSMUSP00000079672,1.0
10090.ENSMUSP00000077857,5.0
10090.ENSMUSP00000110731,5.0
10090.ENSMUSP00000110730,5.0
10090.ENSMUSP00000110728,5.0
10090.ENSMUSP00000110727,5.0
10090.ENSMUSP00000079340,3.0
10090.ENSMUSP00000108837,4.0
10090.ENSMUSP00000126110,4.0
10090.ENSMUSP00000046506,3.0
10090.ENSMUSP00000148267,2.0
10090.ENSMUSP00000058919,2.0
10090.ENSMUSP00000102213,2.0
10090.ENSMUSP00000080741,2.0
10090.ENSMUSP00000102211,2.0
10090.ENSMUSP00000102209,2.0
10090.ENSMUSP00000110886,4.0
10090.ENSMUSP00000034966,1.0
10090.ENSMUSP00000135533,5.0
10090.ENSMUSP00000135298,5.0
10090.ENSMUSP00000134737,5.0
10090.ENSMUSP00000135158,5.0
10090.ENSMUSP00000031617,5.0
10090.ENSMUSP00000143981,5.0
10090.ENSMUSP00000118695,2.0
10090.ENSMUSP00000071616,2.0
10090.ENSMUSP00000099962,5.0
10090.ENSMUSP00000142883,6.0
10090.ENSMUSP00000113391,6.0
10090.ENSMUSP00000115577,6.0
10090.ENSMUSP00000143264,6.0
10090.ENSMUSP00000113704,6.0
10090.ENSMUSP00000109399,6.0
10090.ENSMUSP00000138289,7.0
10090.ENSMUSP00000083705,7.0
10090.ENSMUSP00000114332,7.0
10090.ENSMUSP00000008036,2.0
10090.ENSMUSP00000101626,2.0
10090.ENSMUSP00000081474,2.0
10090.ENSMUSP00000101625,2.0
10090.ENSMUSP00000032143,1.0
10090.ENSMUSP00000144711,1.0
10090.ENSMUSP00000029171,1.0
10090.ENSMUSP00000112081,1.0
10090.ENSMUSP00000136042,4.0
10090.ENSMUSP00000156208,4.0
10090.ENSMUSP00000110531,4.0
10090.ENSMUSP00000025052,4.0
10090.ENSMUSP00000110532,4.0
10090.ENSMUSP00000156346,4.0
10090.ENSMUSP00000147630,6.0
10090.ENSMUSP00000147907,6.0
10090.ENSMUSP00000003521,6.0
10090.ENSMUSP00000151586,4.0
10090.ENSMUSP00000073581,4.0
10090.ENSMUSP00000151838,4.0
10090.ENSMUSP00000151305,4.0
10090.ENSMUSP00000151271,4.0
10090.ENSMUSP00000146136,3.0
10090.ENSMUSP00000146272,3.0
10090.ENSMUSP00000126294,3.0
10090.ENSMUSP00000114478,5.0
10090.ENSMUSP00000113504,5.0
10090.ENSMUSP00000113081,5.0
10090.ENSMUSP00000158138,5.0
10090.ENSMUSP00000025511,5.0
10090.ENSMUSP00000122985,5.0
10090.ENSMUSP00000157948,5.0
10090.ENSMUSP00000158215,5.0
10090.ENSMUSP00000069004,1.0
10090.ENSMUSP00000100997,1.0
10090.ENSMUSP00000127791,5.0
10090.ENSMUSP00000119975,5.0
10090.ENSMUSP00000102200,5.0
10090.ENSMUSP00000114544,5.0
10090.ENSMUSP00000102198,5.0
10090.ENSMUSP00000116061,5.0
10090.ENSMUSP00000103940,7.0
10090.ENSMUSP00000079628,2.0
10090.ENSMUSP00000157085,4.0
10090.ENSMUSP00000008812,4.0
10090.ENSMUSP00000138296,4.0
10090.ENSMUSP00000104068,3.0
10090.ENSMUSP00000114949,3.0
10090.ENSMUSP00000138466,3.0
10090.ENSMUSP00000104067,3.0
10090.ENSMUSP00000120774,3.0
10090.ENSMUSP00000104066,3.0
10090.ENSMUSP00000116311,3.0
10090.ENSMUSP00000131474,8.0
10090.ENSMUSP00000114529,8.0
10090.ENSMUSP00000092502,8.0
10090.ENSMUSP00000120715,8.0
10090.ENSMUSP00000120528,7.0
10090.ENSMUSP00000058432,3.0
10090.ENSMUSP00000125977,5.0
10090.ENSMUSP00000153659,5.0
10090.ENSMUSP00000153637,5.0
10090.ENSMUSP00000152944,5.0
10090.ENSMUSP00000108003,5.0
10090.ENSMUSP00000148977,3.0
10090.ENSMUSP00000079180,3.0
10090.ENSMUSP00000149401,3.0
10090.ENSMUSP00000026420,1.0
10090.ENSMUSP00000143402,1.0
10090.ENSMUSP00000142942,1.0
10090.ENSMUSP00000132102,1.0
10090.ENSMUSP00000142536,1.0
10090.ENSMUSP00000099908,8.0
10090.ENSMUSP00000099909,8.0
10090.ENSMUSP00000038352,2.0
10090.ENSMUSP00000102713,5.0
10090.ENSMUSP00000146709,5.0
10090.ENSMUSP00000032998,5.0
10090.ENSMUSP00000029722,4.0
10090.ENSMUSP00000033683,12.0
10090.ENSMUSP00000118798,4.0
10090.ENSMUSP00000104179,4.0
10090.ENSMUSP00000004554,4.0
10090.ENSMUSP00000121961,4.0
10090.ENSMUSP00000073880,6.0
10090.ENSMUSP00000152456,6.0
10090.ENSMUSP00000099757,5.0
10090.ENSMUSP00000104265,3.0
10090.ENSMUSP00000104264,3.0
10090.ENSMUSP00000120736,3.0
10090.ENSMUSP00000104263,3.0
10090.ENSMUSP00000114894,3.0
10090.ENSMUSP00000006496,3.0
10090.ENSMUSP00000116623,3.0
10090.ENSMUSP00000035105,3.0
10090.ENSMUSP00000148933,3.0
10090.ENSMUSP00000150804,3.0
10090.ENSMUSP00000149650,3.0
10090.ENSMUSP00000071955,1.0
10090.ENSMUSP00000037361,1.0
10090.ENSMUSP00000023673,1.0
10090.ENSMUSP00000140419,1.0
10090.ENSMUSP00000131079,1.0
10090.ENSMUSP00000109589,1.0
10090.ENSMUSP00000139819,1.0
10090.ENSMUSP00000130712,1.0
10090.ENSMUSP00000036949,1.0
10090.ENSMUSP00000143111,10.0
10090.ENSMUSP00000001051,10.0
10090.ENSMUSP00000143720,10.0
10090.ENSMUSP00000147409,1.0
10090.ENSMUSP00000147771,1.0
10090.ENSMUSP00000092409,1.0
10090.ENSMUSP00000114844,1.0
10090.ENSMUSP00000151444,1.0
10090.ENSMUSP00000151885,1.0
10090.ENSMUSP00000151383,1.0
10090.ENSMUSP00000151361,1.0
10090.ENSMUSP00000151339,1.0
10090.ENSMUSP00000020285,1.0
10090.ENSMUSP00000026318,1.0
10090.ENSMUSP00000138776,1.0
10090.ENSMUSP00000108170,1.0
10090.ENSMUSP00000151854,1.0
10090.ENSMUSP00000041635,1.0
10090.ENSMUSP00000151449,1.0
10090.ENSMUSP00000151590,1.0
10090.ENSMUSP00000151835,1.0
10090.ENSMUSP00000046525,1.0
10090.ENSMUSP00000022871,1.0
10090.ENSMUSP00000000175,1.0
10090.ENSMUSP00000026818,1.0
10090.ENSMUSP00000112425,1.0
10090.ENSMUSP00000113601,1.0
10090.ENSMUSP00000112944,1.0
10090.ENSMUSP00000122884,1.0
10090.ENSMUSP00000123690,1.0
10090.ENSMUSP00000122819,1.0
10090.ENSMUSP00000028916,1.0
10090.ENSMUSP00000120972,1.0
10090.ENSMUSP00000032168,1.0
10090.ENSMUSP00000105270,3.0
10090.ENSMUSP00000137362,3.0
10090.ENSMUSP00000132348,3.0
10090.ENSMUSP00000105269,3.0
10090.ENSMUSP00000105271,3.0
10090.ENSMUSP00000029256,1.0
10090.ENSMUSP00000046910,1.0
10090.ENSMUSP00000101817,1.0
10090.ENSMUSP00000142750,1.0
10090.ENSMUSP00000107887,1.0
10090.ENSMUSP00000153053,1.0
10090.ENSMUSP00000092041,2.0
10090.ENSMUSP00000145998,1.0
10090.ENSMUSP00000145846,1.0
10090.ENSMUSP00000099301,1.0
10090.ENSMUSP00000146218,1.0
10090.ENSMUSP00000038943,1.0
10090.ENSMUSP00000040741,1.0
10090.ENSMUSP00000126614,1.0
10090.ENSMUSP00000030568,1.0
10090.ENSMUSP00000132330,1.0
10090.ENSMUSP00000143928,1.0
10090.ENSMUSP00000074293,1.0
10090.ENSMUSP00000144360,1.0
10090.ENSMUSP00000143901,1.0
10090.ENSMUSP00000144136,1.0
10090.ENSMUSP00000144573,1.0
10090.ENSMUSP00000144235,1.0
10090.ENSMUSP00000123257,1.0
10090.ENSMUSP00000097074,1.0
10090.ENSMUSP00000121895,1.0
10090.ENSMUSP00000106245,1.0
10090.ENSMUSP00000123181,1.0
10090.ENSMUSP00000020027,1.0
10090.ENSMUSP00000127041,1.0
10090.ENSMUSP00000126561,1.0
10090.ENSMUSP00000000769,2.0
10090.ENSMUSP00000131043,2.0
10090.ENSMUSP00000131531,2.0
10090.ENSMUSP00000126807,2.0
10090.ENSMUSP00000133230,2.0
10090.ENSMUSP00000114761,2.0
10090.ENSMUSP00000121180,2.0
10090.ENSMUSP00000023994,2.0
10090.ENSMUSP00000107268,2.0
10090.ENSMUSP00000147064,2.0
10090.ENSMUSP00000146969,2.0
10090.ENSMUSP00000146444,2.0
10090.ENSMUSP00000091706,2.0
10090.ENSMUSP00000146515,2.0
10090.ENSMUSP00000126390,2.0
10090.ENSMUSP00000146373,2.0
10090.ENSMUSP00000142572,1.0
10090.ENSMUSP00000142960,1.0
10090.ENSMUSP00000142553,1.0
10090.ENSMUSP00000143774,1.0
10090.ENSMUSP00000116313,1.0
10090.ENSMUSP00000142933,1.0
10090.ENSMUSP00000066413,1.0
10090.ENSMUSP00000123159,1.0
10090.ENSMUSP00000105505,1.0
10090.ENSMUSP00000121406,1.0
10090.ENSMUSP00000122520,1.0
10090.ENSMUSP00000027127,1.0
10090.ENSMUSP00000139469,1.0
10090.ENSMUSP00000157795,1.0
10090.ENSMUSP00000025774,1.0
10090.ENSMUSP00000045073,1.0
10090.ENSMUSP00000100771,1.0
10090.ENSMUSP00000043662,1.0
10090.ENSMUSP00000151723,1.0
10090.ENSMUSP00000030623,1.0
10090.ENSMUSP00000157818,1.0
10090.ENSMUSP00000026011,1.0
10090.ENSMUSP00000128873,1.0
10090.ENSMUSP00000114691,1.0
10090.ENSMUSP00000114074,1.0
10090.ENSMUSP00000120882,1.0
10090.ENSMUSP00000116096,1.0
10090.ENSMUSP00000097614,1.0
10090.ENSMUSP00000090343,1.0
10090.ENSMUSP00000115073,1.0
10090.ENSMUSP00000020145,1.0
10090.ENSMUSP00000143433,1.0
10090.ENSMUSP00000143312,1.0
10090.ENSMUSP00000142716,1.0
10090.ENSMUSP00000142626,1.0
10090.ENSMUSP00000129800,1.0
10090.ENSMUSP00000143031,1.0
10090.ENSMUSP00000123838,1.0
10090.ENSMUSP00000125031,1.0
10090.ENSMUSP00000029422,1.0
10090.ENSMUSP00000141625,1.0
10090.ENSMUSP00000124924,1.0
10090.ENSMUSP00000127098,1.0
10090.ENSMUSP00000075987,1.0
10090.ENSMUSP00000132480,1.0
10090.ENSMUSP00000129301,1.0
10090.ENSMUSP00000034049,1.0
10090.ENSMUSP00000016463,1.0
10090.ENSMUSP00000030398,1.0
10090.ENSMUSP00000134714,1.0
10090.ENSMUSP00000134126,1.0
10090.ENSMUSP00000118641,1.0
10090.ENSMUSP00000146958,1.0
10090.ENSMUSP00000050978,1.0
10090.ENSMUSP00000105622,1.0
10090.ENSMUSP00000023099,1.0
10090.ENSMUSP00000076012,1.0
10090.ENSMUSP00000122151,3.0
10090.ENSMUSP00000064667,3.0
10090.ENSMUSP00000120247,3.0
10090.ENSMUSP00000139128,1.0
10090.ENSMUSP00000029565,1.0
10090.ENSMUSP00000103084,1.0
10090.ENSMUSP00000123276,1.0
10090.ENSMUSP00000125120,2.0
10090.ENSMUSP00000023086,2.0
10090.ENSMUSP00000155174,2.0
10090.ENSMUSP00000125429,2.0
10090.ENSMUSP00000136406,1.0
10090.ENSMUSP00000032891,1.0
10090.ENSMUSP00000137592,1.0
10090.ENSMUSP00000137172,1.0
10090.ENSMUSP00000120060,1.0
10090.ENSMUSP00000120229,1.0
10090.ENSMUSP00000043555,1.0
10090.ENSMUSP00000127441,1.0
10090.ENSMUSP00000059943,1.0
10090.ENSMUSP00000024660,4.0
10090.ENSMUSP00000156632,4.0
10090.ENSMUSP00000156572,4.0
10090.ENSMUSP00000008477,1.0
10090.ENSMUSP00000120137,1.0
10090.ENSMUSP00000037597,1.0
10090.ENSMUSP00000133244,1.0
10090.ENSMUSP00000132543,1.0
10090.ENSMUSP00000127164,1.0
10090.ENSMUSP00000128400,1.0
10090.ENSMUSP00000131061,1.0
10090.ENSMUSP00000132376,1.0
10090.ENSMUSP00000086987,1.0
10090.ENSMUSP00000105657,1.0
10090.ENSMUSP00000028909,1.0
10090.ENSMUSP00000029639,1.0
10090.ENSMUSP00000128007,1.0
10090.ENSMUSP00000143230,1.0
10090.ENSMUSP00000125804,1.0
10090.ENSMUSP00000040072,1.0
10090.ENSMUSP00000059129,1.0
10090.ENSMUSP00000000579,2.0
10090.ENSMUSP00000149604,20.0
10090.ENSMUSP00000151000,20.0
10090.ENSMUSP00000119475,20.0
10090.ENSMUSP00000018737,20.0
10090.ENSMUSP00000149918,20.0
10090.ENSMUSP00000104486,20.0
10090.ENSMUSP00000037500,1.0
10090.ENSMUSP00000120793,1.0
10090.ENSMUSP00000115039,1.0
10090.ENSMUSP00000118066,1.0
10090.ENSMUSP00000104496,1.0
10090.ENSMUSP00000133602,1.0
10090.ENSMUSP00000120361,1.0
10090.ENSMUSP00000119017,1.0
10090.ENSMUSP00000119552,1.0
10090.ENSMUSP00000099902,1.0
10090.ENSMUSP00000114841,1.0
10090.ENSMUSP00000011877,1.0
10090.ENSMUSP00000006629,1.0
10090.ENSMUSP00000009693,1.0
10090.ENSMUSP00000106486,1.0
10090.ENSMUSP00000139901,1.0
10090.ENSMUSP00000140813,1.0
10090.ENSMUSP00000139842,1.0
10090.ENSMUSP00000156661,1.0
10090.ENSMUSP00000139914,1.0
10090.ENSMUSP00000140531,1.0
10090.ENSMUSP00000085993,1.0
10090.ENSMUSP00000134907,1.0
10090.ENSMUSP00000090059,1.0
10090.ENSMUSP00000140016,1.0
10090.ENSMUSP00000120086,1.0
10090.ENSMUSP00000156504,1.0
10090.ENSMUSP00000117045,1.0
10090.ENSMUSP00000049025,1.0
10090.ENSMUSP00000105983,1.0
10090.ENSMUSP00000131323,1.0
10090.ENSMUSP00000105981,1.0
10090.ENSMUSP00000105985,1.0
10090.ENSMUSP00000105980,1.0
10090.ENSMUSP00000138632,1.0
10090.ENSMUSP00000046196,5.0
10090.ENSMUSP00000149190,1.0
10090.ENSMUSP00000148939,1.0
10090.ENSMUSP00000151078,1.0
10090.ENSMUSP00000035113,1.0
10090.ENSMUSP00000119773,1.0
10090.ENSMUSP00000130313,1.0
10090.ENSMUSP00000107879,1.0
10090.ENSMUSP00000115666,1.0
10090.ENSMUSP00000088365,1.0
10090.ENSMUSP00000131386,1.0
10090.ENSMUSP00000002090,1.0
10090.ENSMUSP00000122440,1.0
10090.ENSMUSP00000018353,1.0
10090.ENSMUSP00000116745,1.0
10090.ENSMUSP00000085629,1.0
10090.ENSMUSP00000120360,2.0
10090.ENSMUSP00000149855,2.0
10090.ENSMUSP00000117794,2.0
10090.ENSMUSP00000113116,2.0
10090.ENSMUSP00000114527,2.0
10090.ENSMUSP00000035010,1.0
10090.ENSMUSP00000102206,1.0
10090.ENSMUSP00000142785,1.0
10090.ENSMUSP00000099681,1.0
10090.ENSMUSP00000142860,1.0
10090.ENSMUSP00000130535,1.0
10090.ENSMUSP00000083662,1.0
10090.ENSMUSP00000123501,1.0
10090.ENSMUSP00000000755,1.0
10090.ENSMUSP00000116815,1.0
10090.ENSMUSP00000122415,1.0
10090.ENSMUSP00000140729,1.0
10090.ENSMUSP00000088935,1.0
10090.ENSMUSP00000002121,1.0
10090.ENSMUSP00000045856,1.0
10090.ENSMUSP00000121497,1.0
10090.ENSMUSP00000115223,1.0
10090.ENSMUSP00000147843,1.0
10090.ENSMUSP00000121972,1.0
10090.ENSMUSP00000115078,1.0
10090.ENSMUSP00000119803,1.0
10090.ENSMUSP00000115591,1.0
10090.ENSMUSP00000122242,1.0
10090.ENSMUSP00000025079,1.0
10090.ENSMUSP00000119287,1.0
10090.ENSMUSP00000139369,2.0
10090.ENSMUSP00000109027,2.0
10090.ENSMUSP00000139299,2.0
10090.ENSMUSP00000109022,2.0
10090.ENSMUSP00000109024,2.0
10090.ENSMUSP00000057512,2.0
10090.ENSMUSP00000142954,1.0
10090.ENSMUSP00000148542,1.0
10090.ENSMUSP00000041897,1.0
10090.ENSMUSP00000069429,1.0
10090.ENSMUSP00000118544,1.0
10090.ENSMUSP00000109818,1.0
10090.ENSMUSP00000065270,1.0
10090.ENSMUSP00000135593,1.0
10090.ENSMUSP00000135308,1.0
10090.ENSMUSP00000134745,1.0
10090.ENSMUSP00000121031,1.0
10090.ENSMUSP00000114496,1.0
10090.ENSMUSP00000117206,1.0
10090.ENSMUSP00000135013,1.0
10090.ENSMUSP00000115153,1.0
10090.ENSMUSP00000152391,2.0
10090.ENSMUSP00000152268,2.0
10090.ENSMUSP00000038781,2.0
10090.ENSMUSP00000034991,1.0
10090.ENSMUSP00000056189,1.0
10090.ENSMUSP00000129591,1.0
10090.ENSMUSP00000118747,1.0
10090.ENSMUSP00000122143,1.0
10090.ENSMUSP00000141592,1.0
10090.ENSMUSP00000142002,1.0
10090.ENSMUSP00000045063,1.0
10090.ENSMUSP00000052014,1.0
10090.ENSMUSP00000129951,1.0
10090.ENSMUSP00000099865,1.0
10090.ENSMUSP00000139630,1.0
10090.ENSMUSP00000139679,1.0
10090.ENSMUSP00000087049,1.0
10090.ENSMUSP00000117565,1.0
10090.ENSMUSP00000118446,1.0
10090.ENSMUSP00000121385,1.0
10090.ENSMUSP00000115939,1.0
10090.ENSMUSP00000115068,1.0
10090.ENSMUSP00000120928,1.0
10090.ENSMUSP00000122203,1.0
10090.ENSMUSP00000115464,1.0
10090.ENSMUSP00000114624,1.0
10090.ENSMUSP00000027215,1.0
10090.ENSMUSP00000121035,1.0
10090.ENSMUSP00000119648,1.0
10090.ENSMUSP00000114991,1.0
10090.ENSMUSP00000139066,1.0
10090.ENSMUSP00000145193,1.0
10090.ENSMUSP00000031674,1.0
10090.ENSMUSP00000153546,3.0
10090.ENSMUSP00000037719,3.0
10090.ENSMUSP00000044903,4.0
10090.ENSMUSP00000022213,2.0
10090.ENSMUSP00000050156,1.0
10090.ENSMUSP00000009530,8.0
10090.ENSMUSP00000110999,8.0
10090.ENSMUSP00000017610,1.0
10090.ENSMUSP00000122642,1.0
10090.ENSMUSP00000048051,1.0
10090.ENSMUSP00000119951,1.0
10090.ENSMUSP00000020446,1.0
10090.ENSMUSP00000121824,1.0
10090.ENSMUSP00000119967,1.0
10090.ENSMUSP00000059320,1.0
10090.ENSMUSP00000122817,1.0
10090.ENSMUSP00000041388,1.0
10090.ENSMUSP00000058723,1.0
10090.ENSMUSP00000122392,1.0
10090.ENSMUSP00000031556,1.0
10090.ENSMUSP00000122107,1.0
10090.ENSMUSP00000123208,1.0
10090.ENSMUSP00000032844,1.0
10090.ENSMUSP00000115803,1.0
10090.ENSMUSP00000069161,1.0
10090.ENSMUSP00000149824,1.0
10090.ENSMUSP00000048832,1.0
10090.ENSMUSP00000150045,1.0
10090.ENSMUSP00000132541,1.0
10090.ENSMUSP00000134594,1.0
10090.ENSMUSP00000053632,1.0
10090.ENSMUSP00000101489,1.0
10090.ENSMUSP00000030626,1.0
10090.ENSMUSP00000120093,1.0
10090.ENSMUSP00000093325,1.0
10090.ENSMUSP00000107795,4.0
10090.ENSMUSP00000107797,4.0
10090.ENSMUSP00000107798,4.0
10090.ENSMUSP00000115991,1.0
10090.ENSMUSP00000117470,1.0
10090.ENSMUSP00000032491,1.0
10090.ENSMUSP00000121968,1.0
10090.ENSMUSP00000127487,1.0
10090.ENSMUSP00000084661,1.0
10090.ENSMUSP00000155503,1.0
10090.ENSMUSP00000061390,1.0
10090.ENSMUSP00000148566,1.0
10090.ENSMUSP00000136493,1.0
10090.ENSMUSP00000103440,1.0
10090.ENSMUSP00000103437,1.0
10090.ENSMUSP00000103438,1.0
10090.ENSMUSP00000103439,1.0
10090.ENSMUSP00000030851,1.0
10090.ENSMUSP00000105094,1.0
10090.ENSMUSP00000109317,1.0
10090.ENSMUSP00000030185,1.0
10090.ENSMUSP00000051888,1.0
10090.ENSMUSP00000109315,1.0
10090.ENSMUSP00000109319,1.0
10090.ENSMUSP00000138514,1.0
10090.ENSMUSP00000109320,1.0
10090.ENSMUSP00000109337,1.0
10090.ENSMUSP00000109326,1.0
10090.ENSMUSP00000034928,1.0
10090.ENSMUSP00000109323,1.0
10090.ENSMUSP00000109314,1.0
10090.ENSMUSP00000109327,1.0
10090.ENSMUSP00000138784,1.0
10090.ENSMUSP00000109335,1.0
10090.ENSMUSP00000109331,1.0
10090.ENSMUSP00000109325,1.0
10090.ENSMUSP00000109316,1.0
10090.ENSMUSP00000135040,1.0
10090.ENSMUSP00000014990,1.0
10090.ENSMUSP00000134807,1.0
10090.ENSMUSP00000116012,1.0
10090.ENSMUSP00000121991,1.0
10090.ENSMUSP00000117616,1.0
10090.ENSMUSP00000112606,1.0
10090.ENSMUSP00000106519,18.0
10090.ENSMUSP00000121225,18.0
10090.ENSMUSP00000027068,1.0
10090.ENSMUSP00000140499,1.0
10090.ENSMUSP00000015157,1.0
10090.ENSMUSP00000122898,1.0
10090.ENSMUSP00000057592,1.0
10090.ENSMUSP00000119169,1.0
10090.ENSMUSP00000037627,1.0
10090.ENSMUSP00000121058,1.0
10090.ENSMUSP00000133880,1.0
10090.ENSMUSP00000096688,1.0
10090.ENSMUSP00000143364,1.0
10090.ENSMUSP00000143214,1.0
10090.ENSMUSP00000027623,1.0
10090.ENSMUSP00000148864,1.0
10090.ENSMUSP00000034876,1.0
10090.ENSMUSP00000149496,1.0
10090.ENSMUSP00000146965,1.0
10090.ENSMUSP00000037039,1.0
10090.ENSMUSP00000094778,1.0
10090.ENSMUSP00000051033,1.0
10090.ENSMUSP00000001513,1.0
10090.ENSMUSP00000040089,1.0
10090.ENSMUSP00000117368,1.0
10090.ENSMUSP00000081285,1.0
10090.ENSMUSP00000042153,1.0
10090.ENSMUSP00000122382,1.0
10090.ENSMUSP00000118301,1.0
10090.ENSMUSP00000117771,1.0
10090.ENSMUSP00000030051,2.0
10090.ENSMUSP00000151511,1.0
10090.ENSMUSP00000151548,1.0
10090.ENSMUSP00000151532,1.0
10090.ENSMUSP00000020284,1.0
10090.ENSMUSP00000027981,2.0
10090.ENSMUSP00000106982,2.0
10090.ENSMUSP00000106983,2.0
10090.ENSMUSP00000019649,8.0
10090.ENSMUSP00000117361,8.0
10090.ENSMUSP00000115578,2.0
10090.ENSMUSP00000114180,2.0
10090.ENSMUSP00000104347,2.0
10090.ENSMUSP00000112785,1.0
10090.ENSMUSP00000114235,1.0
10090.ENSMUSP00000099464,1.0
10090.ENSMUSP00000101207,1.0
10090.ENSMUSP00000101206,1.0
10090.ENSMUSP00000127712,1.0
10090.ENSMUSP00000120855,1.0
10090.ENSMUSP00000024056,1.0
10090.ENSMUSP00000101208,1.0
10090.ENSMUSP00000096932,1.0
10090.ENSMUSP00000151850,1.0
10090.ENSMUSP00000080791,1.0
10090.ENSMUSP00000123836,1.0
10090.ENSMUSP00000036188,1.0
10090.ENSMUSP00000124043,1.0
10090.ENSMUSP00000124352,1.0
10090.ENSMUSP00000157971,1.0
10090.ENSMUSP00000133250,1.0
10090.ENSMUSP00000093974,1.0
10090.ENSMUSP00000005394,1.0
10090.ENSMUSP00000111241,1.0
10090.ENSMUSP00000133217,1.0
10090.ENSMUSP00000131977,1.0
10090.ENSMUSP00000128186,1.0
10090.ENSMUSP00000132341,1.0
10090.ENSMUSP00000031587,1.0
10090.ENSMUSP00000142484,1.0
10090.ENSMUSP00000107894,1.0
10090.ENSMUSP00000099644,1.0
10090.ENSMUSP00000114140,1.0
10090.ENSMUSP00000021993,1.0
10090.ENSMUSP00000077744,2.0
10090.ENSMUSP00000052395,2.0
10090.ENSMUSP00000114058,1.0
10090.ENSMUSP00000122384,1.0
10090.ENSMUSP00000116323,1.0
10090.ENSMUSP00000026710,1.0
10090.ENSMUSP00000156845,1.0
10090.ENSMUSP00000024897,1.0
10090.ENSMUSP00000032561,1.0
10090.ENSMUSP00000029574,3.0
10090.ENSMUSP00000142876,3.0
10090.ENSMUSP00000143260,3.0
10090.ENSMUSP00000125446,1.0
10090.ENSMUSP00000105171,1.0
10090.ENSMUSP00000125694,1.0
10090.ENSMUSP00000125521,1.0
10090.ENSMUSP00000125674,1.0
10090.ENSMUSP00000105173,1.0
10090.ENSMUSP00000105170,1.0
10090.ENSMUSP00000125432,1.0
10090.ENSMUSP00000030164,1.0
10090.ENSMUSP00000028062,6.0
10090.ENSMUSP00000141494,6.0
10090.ENSMUSP00000114742,6.0
10090.ENSMUSP00000156543,1.0
10090.ENSMUSP00000024880,1.0
10090.ENSMUSP00000112542,1.0
10090.ENSMUSP00000033074,1.0
10090.ENSMUSP00000145795,1.0
10090.ENSMUSP00000018315,1.0
10090.ENSMUSP00000118302,1.0
10090.ENSMUSP00000040405,1.0
10090.ENSMUSP00000158345,1.0
10090.ENSMUSP00000045177,1.0
10090.ENSMUSP00000124592,1.0
10090.ENSMUSP00000123863,1.0
10090.ENSMUSP00000125023,1.0
10090.ENSMUSP00000124186,1.0
10090.ENSMUSP00000048337,1.0
10090.ENSMUSP00000157149,1.0
10090.ENSMUSP00000157071,1.0
10090.ENSMUSP00000117962,1.0
10090.ENSMUSP00000078697,1.0
10090.ENSMUSP00000136777,1.0
10090.ENSMUSP00000124724,1.0
10090.ENSMUSP00000125686,1.0
10090.ENSMUSP00000136086,1.0
10090.ENSMUSP00000063001,1.0
10090.ENSMUSP00000137334,1.0
10090.ENSMUSP00000124377,1.0
10090.ENSMUSP00000123739,1.0
10090.ENSMUSP00000125383,1.0
10090.ENSMUSP00000124050,1.0
10090.ENSMUSP00000145304,1.0
10090.ENSMUSP00000086019,1.0
10090.ENSMUSP00000125345,1.0
10090.ENSMUSP00000124905,1.0
10090.ENSMUSP00000125193,1.0
10090.ENSMUSP00000086017,1.0
10090.ENSMUSP00000135768,1.0
10090.ENSMUSP00000054852,1.0
10090.ENSMUSP00000134088,1.0
10090.ENSMUSP00000157857,1.0
10090.ENSMUSP00000157938,1.0
10090.ENSMUSP00000025811,1.0
10090.ENSMUSP00000157958,1.0
10090.ENSMUSP00000157411,1.0
10090.ENSMUSP00000039133,1.0
10090.ENSMUSP00000113000,1.0
10090.ENSMUSP00000122491,1.0
10090.ENSMUSP00000113951,1.0
10090.ENSMUSP00000123504,2.0
10090.ENSMUSP00000070993,2.0
10090.ENSMUSP00000117877,2.0
10090.ENSMUSP00000124798,2.0
10090.ENSMUSP00000125016,2.0
10090.ENSMUSP00000125233,2.0
10090.ENSMUSP00000110339,2.0
10090.ENSMUSP00000124189,2.0
10090.ENSMUSP00000110342,2.0
10090.ENSMUSP00000078410,2.0
10090.ENSMUSP00000110343,2.0
10090.ENSMUSP00000110338,2.0
10090.ENSMUSP00000124984,2.0
10090.ENSMUSP00000125241,2.0
10090.ENSMUSP00000124126,2.0
10090.ENSMUSP00000113787,1.0
10090.ENSMUSP00000120987,1.0
10090.ENSMUSP00000113612,1.0
10090.ENSMUSP00000114470,1.0
10090.ENSMUSP00000047333,1.0
10090.ENSMUSP00000113428,1.0
10090.ENSMUSP00000075441,1.0
10090.ENSMUSP00000124549,1.0
10090.ENSMUSP00000125442,1.0
10090.ENSMUSP00000158187,2.0
10090.ENSMUSP00000025659,2.0
10090.ENSMUSP00000122782,2.0
10090.ENSMUSP00000001092,1.0
10090.ENSMUSP00000119771,1.0
10090.ENSMUSP00000124123,1.0
10090.ENSMUSP00000086074,1.0
10090.ENSMUSP00000152332,1.0
10090.ENSMUSP00000152106,1.0
10090.ENSMUSP00000106268,1.0
10090.ENSMUSP00000152716,1.0
10090.ENSMUSP00000122133,1.0
10090.ENSMUSP00000117375,1.0
10090.ENSMUSP00000106266,1.0
10090.ENSMUSP00000106265,1.0
10090.ENSMUSP00000106264,1.0
10090.ENSMUSP00000152861,1.0
10090.ENSMUSP00000118964,1.0
10090.ENSMUSP00000152774,1.0
10090.ENSMUSP00000106267,1.0
10090.ENSMUSP00000106263,1.0
10090.ENSMUSP00000121574,1.0
10090.ENSMUSP00000118002,1.0
10090.ENSMUSP00000116299,1.0
10090.ENSMUSP00000059767,1.0
10090.ENSMUSP00000152352,1.0
10090.ENSMUSP00000116635,1.0
10090.ENSMUSP00000080996,10.0
10090.ENSMUSP00000080993,11.0
10090.ENSMUSP00000080994,17.0
10090.ENSMUSP00000080997,16.0
10090.ENSMUSP00000081003,12.0
10090.ENSMUSP00000080991,2.0
10090.ENSMUSP00000080992,1.0
10090.ENSMUSP00000081000,5.0
10090.ENSMUSP00000081021,1.0
10090.ENSMUSP00000081001,1.0
