subpopulation,cell_num,num_nodes,num_edges,giulia_spatial_entropy,runtime,nodelist,edgelist
FA1_PECAM1_Endothelial,2428,957,44712,78049.28950222714,1.7152431011199951,../network_data/subpopulations_in_progress/FA1_PECAM1_Endothelial/FA1_PECAM1_Endothelial_2428_nodelist.csv,../network_data/subpopulations_in_progress/FA1_PECAM1_Endothelial/FA1_PECAM1_Endothelial_2428_edgelist.csv
FA1_PECAM1_Endothelial,2546,4226,580165,1382492.1742466935,42.455687046051025,../network_data/subpopulations_in_progress/FA1_PECAM1_Endothelial/FA1_PECAM1_Endothelial_2546_nodelist.csv,../network_data/subpopulations_in_progress/FA1_PECAM1_Endothelial/FA1_PECAM1_Endothelial_2546_edgelist.csv
FA1_PECAM1_Endothelial,4381,3049,388990,820478.6991842195,19.910401105880737,../network_data/subpopulations_in_progress/FA1_PECAM1_Endothelial/FA1_PECAM1_Endothelial_4381_nodelist.csv,../network_data/subpopulations_in_progress/FA1_PECAM1_Endothelial/FA1_PECAM1_Endothelial_4381_edgelist.csv
FA1_PECAM1_Endothelial,2543,862,37153,73381.38782098697,1.3394889831542969,../network_data/subpopulations_in_progress/FA1_PECAM1_Endothelial/FA1_PECAM1_Endothelial_2543_nodelist.csv,../network_data/subpopulations_in_progress/FA1_PECAM1_Endothelial/FA1_PECAM1_Endothelial_2543_edgelist.csv
FA1_PECAM1_Endothelial,3540,1047,52361,95251.13001873223,2.0722949504852295,../network_data/subpopulations_in_progress/FA1_PECAM1_Endothelial/FA1_PECAM1_Endothelial_3540_nodelist.csv,../network_data/subpopulations_in_progress/FA1_PECAM1_Endothelial/FA1_PECAM1_Endothelial_3540_edgelist.csv
FA1_PECAM1_Endothelial,2541,2524,218848,488761.9901861634,13.758390188217163,../network_data/subpopulations_in_progress/FA1_PECAM1_Endothelial/FA1_PECAM1_Endothelial_2541_nodelist.csv,../network_data/subpopulations_in_progress/FA1_PECAM1_Endothelial/FA1_PECAM1_Endothelial_2541_edgelist.csv
FA1_PECAM1_Endothelial,2899,1054,48386,83890.82290264503,2.251610040664673,../network_data/subpopulations_in_progress/FA1_PECAM1_Endothelial/FA1_PECAM1_Endothelial_2899_nodelist.csv,../network_data/subpopulations_in_progress/FA1_PECAM1_Endothelial/FA1_PECAM1_Endothelial_2899_edgelist.csv
FA1_PECAM1_Endothelial,2421,2115,190903,357106.25315154047,11.167961120605469,../network_data/subpopulations_in_progress/FA1_PECAM1_Endothelial/FA1_PECAM1_Endothelial_2421_nodelist.csv,../network_data/subpopulations_in_progress/FA1_PECAM1_Endothelial/FA1_PECAM1_Endothelial_2421_edgelist.csv
FA1_PECAM1_Endothelial,2422,890,32264,68463.2342554056,1.481523036956787,../network_data/subpopulations_in_progress/FA1_PECAM1_Endothelial/FA1_PECAM1_Endothelial_2422_nodelist.csv,../network_data/subpopulations_in_progress/FA1_PECAM1_Endothelial/FA1_PECAM1_Endothelial_2422_edgelist.csv
FA1_PECAM1_Endothelial,952,2944,311558,657945.2291355858,19.846310138702393,../network_data/subpopulations_in_progress/FA1_PECAM1_Endothelial/FA1_PECAM1_Endothelial_952_nodelist.csv,../network_data/subpopulations_in_progress/FA1_PECAM1_Endothelial/FA1_PECAM1_Endothelial_952_edgelist.csv
FA1_PECAM1_Endothelial,388,791,27963,47851.11502819286,1.8904240131378174,../network_data/subpopulations_in_progress/FA1_PECAM1_Endothelial/FA1_PECAM1_Endothelial_388_nodelist.csv,../network_data/subpopulations_in_progress/FA1_PECAM1_Endothelial/FA1_PECAM1_Endothelial_388_edgelist.csv
FA1_PECAM1_Endothelial,2312,1428,77924,137495.7877538848,5.862298011779785,../network_data/subpopulations_in_progress/FA1_PECAM1_Endothelial/FA1_PECAM1_Endothelial_2312_nodelist.csv,../network_data/subpopulations_in_progress/FA1_PECAM1_Endothelial/FA1_PECAM1_Endothelial_2312_edgelist.csv
FA1_PECAM1_Endothelial,2708,3978,532867,1186239.6350831182,46.21863293647766,../network_data/subpopulations_in_progress/FA1_PECAM1_Endothelial/FA1_PECAM1_Endothelial_2708_nodelist.csv,../network_data/subpopulations_in_progress/FA1_PECAM1_Endothelial/FA1_PECAM1_Endothelial_2708_edgelist.csv
FA1_PECAM1_Endothelial,63,720,31013,58565.699872843754,1.048534870147705,../network_data/subpopulations_in_progress/FA1_PECAM1_Endothelial/FA1_PECAM1_Endothelial_63_nodelist.csv,../network_data/subpopulations_in_progress/FA1_PECAM1_Endothelial/FA1_PECAM1_Endothelial_63_edgelist.csv
FA1_PECAM1_Endothelial,2144,4682,681304,1683810.1488694455,54.15237784385681,../network_data/subpopulations_in_progress/FA1_PECAM1_Endothelial/FA1_PECAM1_Endothelial_2144_nodelist.csv,../network_data/subpopulations_in_progress/FA1_PECAM1_Endothelial/FA1_PECAM1_Endothelial_2144_edgelist.csv
FA1_PECAM1_Endothelial,2253,2644,279005,546146.3475567759,16.37847399711609,../network_data/subpopulations_in_progress/FA1_PECAM1_Endothelial/FA1_PECAM1_Endothelial_2253_nodelist.csv,../network_data/subpopulations_in_progress/FA1_PECAM1_Endothelial/FA1_PECAM1_Endothelial_2253_edgelist.csv
FA1_PECAM1_Endothelial,3542,1129,58715,98233.22259609622,2.4151408672332764,../network_data/subpopulations_in_progress/FA1_PECAM1_Endothelial/FA1_PECAM1_Endothelial_3542_nodelist.csv,../network_data/subpopulations_in_progress/FA1_PECAM1_Endothelial/FA1_PECAM1_Endothelial_3542_edgelist.csv
FA1_PECAM1_Endothelial,4483,3734,498488,1140024.3698973816,35.26375389099121,../network_data/subpopulations_in_progress/FA1_PECAM1_Endothelial/FA1_PECAM1_Endothelial_4483_nodelist.csv,../network_data/subpopulations_in_progress/FA1_PECAM1_Endothelial/FA1_PECAM1_Endothelial_4483_edgelist.csv
FA1_PECAM1_Endothelial,4804,1123,55745,92680.08183346229,2.702505111694336,../network_data/subpopulations_in_progress/FA1_PECAM1_Endothelial/FA1_PECAM1_Endothelial_4804_nodelist.csv,../network_data/subpopulations_in_progress/FA1_PECAM1_Endothelial/FA1_PECAM1_Endothelial_4804_edgelist.csv
FA1_PECAM1_Endothelial,4553,1618,100338,193785.94499527098,5.655578851699829,../network_data/subpopulations_in_progress/FA1_PECAM1_Endothelial/FA1_PECAM1_Endothelial_4553_nodelist.csv,../network_data/subpopulations_in_progress/FA1_PECAM1_Endothelial/FA1_PECAM1_Endothelial_4553_edgelist.csv
FA1_PECAM1_Endothelial,1175,1784,132783,231316.4933181118,6.787600994110107,../network_data/subpopulations_in_progress/FA1_PECAM1_Endothelial/FA1_PECAM1_Endothelial_1175_nodelist.csv,../network_data/subpopulations_in_progress/FA1_PECAM1_Endothelial/FA1_PECAM1_Endothelial_1175_edgelist.csv
FA1_PECAM1_Endothelial,196,1217,67970,121896.51089657065,3.0859460830688477,../network_data/subpopulations_in_progress/FA1_PECAM1_Endothelial/FA1_PECAM1_Endothelial_196_nodelist.csv,../network_data/subpopulations_in_progress/FA1_PECAM1_Endothelial/FA1_PECAM1_Endothelial_196_edgelist.csv
FA1_PECAM1_Endothelial,2181,4631,662557,1544667.1911351185,50.435266971588135,../network_data/subpopulations_in_progress/FA1_PECAM1_Endothelial/FA1_PECAM1_Endothelial_2181_nodelist.csv,../network_data/subpopulations_in_progress/FA1_PECAM1_Endothelial/FA1_PECAM1_Endothelial_2181_edgelist.csv
FA1_PECAM1_Endothelial,3898,922,55074,92338.33212390587,1.634063959121704,../network_data/subpopulations_in_progress/FA1_PECAM1_Endothelial/FA1_PECAM1_Endothelial_3898_nodelist.csv,../network_data/subpopulations_in_progress/FA1_PECAM1_Endothelial/FA1_PECAM1_Endothelial_3898_edgelist.csv
FA1_PECAM1_Endothelial,2382,1144,78265,134280.52590461838,2.5435588359832764,../network_data/subpopulations_in_progress/FA1_PECAM1_Endothelial/FA1_PECAM1_Endothelial_2382_nodelist.csv,../network_data/subpopulations_in_progress/FA1_PECAM1_Endothelial/FA1_PECAM1_Endothelial_2382_edgelist.csv
FA1_PECAM1_Endothelial,3123,2324,199234,409683.74906802597,10.534613847732544,../network_data/subpopulations_in_progress/FA1_PECAM1_Endothelial/FA1_PECAM1_Endothelial_3123_nodelist.csv,../network_data/subpopulations_in_progress/FA1_PECAM1_Endothelial/FA1_PECAM1_Endothelial_3123_edgelist.csv
FA1_PECAM1_Endothelial,3055,2099,156211,298629.4239761299,9.695242881774902,../network_data/subpopulations_in_progress/FA1_PECAM1_Endothelial/FA1_PECAM1_Endothelial_3055_nodelist.csv,../network_data/subpopulations_in_progress/FA1_PECAM1_Endothelial/FA1_PECAM1_Endothelial_3055_edgelist.csv
FA1_PECAM1_Endothelial,696,4998,728323,1832410.304233238,65.2848448753357,../network_data/subpopulations_in_progress/FA1_PECAM1_Endothelial/FA1_PECAM1_Endothelial_696_nodelist.csv,../network_data/subpopulations_in_progress/FA1_PECAM1_Endothelial/FA1_PECAM1_Endothelial_696_edgelist.csv
FA1_PECAM1_Endothelial,1452,1072,53263,88427.91171419503,2.108773946762085,../network_data/subpopulations_in_progress/FA1_PECAM1_Endothelial/FA1_PECAM1_Endothelial_1452_nodelist.csv,../network_data/subpopulations_in_progress/FA1_PECAM1_Endothelial/FA1_PECAM1_Endothelial_1452_edgelist.csv
FA1_PECAM1_Endothelial,3125,1516,101836,184487.22878297922,4.914164066314697,../network_data/subpopulations_in_progress/FA1_PECAM1_Endothelial/FA1_PECAM1_Endothelial_3125_nodelist.csv,../network_data/subpopulations_in_progress/FA1_PECAM1_Endothelial/FA1_PECAM1_Endothelial_3125_edgelist.csv
FA1_PECAM1_Endothelial,590,2784,265335,541691.3900895298,17.52733588218689,../network_data/subpopulations_in_progress/FA1_PECAM1_Endothelial/FA1_PECAM1_Endothelial_590_nodelist.csv,../network_data/subpopulations_in_progress/FA1_PECAM1_Endothelial/FA1_PECAM1_Endothelial_590_edgelist.csv
FA1_PECAM1_Endothelial,3321,4876,714057,1763504.4028168197,55.91931486129761,../network_data/subpopulations_in_progress/FA1_PECAM1_Endothelial/FA1_PECAM1_Endothelial_3321_nodelist.csv,../network_data/subpopulations_in_progress/FA1_PECAM1_Endothelial/FA1_PECAM1_Endothelial_3321_edgelist.csv
FA1_PECAM1_Endothelial,4145,3139,358848,761568.021183095,20.843712091445923,../network_data/subpopulations_in_progress/FA1_PECAM1_Endothelial/FA1_PECAM1_Endothelial_4145_nodelist.csv,../network_data/subpopulations_in_progress/FA1_PECAM1_Endothelial/FA1_PECAM1_Endothelial_4145_edgelist.csv
FA1_PECAM1_Endothelial,3493,1233,65955,127585.49416700761,2.810582160949707,../network_data/subpopulations_in_progress/FA1_PECAM1_Endothelial/FA1_PECAM1_Endothelial_3493_nodelist.csv,../network_data/subpopulations_in_progress/FA1_PECAM1_Endothelial/FA1_PECAM1_Endothelial_3493_edgelist.csv
FA1_PECAM1_Endothelial,4307,2639,234306,478525.09854598186,15.032050848007202,../network_data/subpopulations_in_progress/FA1_PECAM1_Endothelial/FA1_PECAM1_Endothelial_4307_nodelist.csv,../network_data/subpopulations_in_progress/FA1_PECAM1_Endothelial/FA1_PECAM1_Endothelial_4307_edgelist.csv
FA1_PECAM1_Endothelial,1188,4097,541326,1241718.7720357904,37.06221294403076,../network_data/subpopulations_in_progress/FA1_PECAM1_Endothelial/FA1_PECAM1_Endothelial_1188_nodelist.csv,../network_data/subpopulations_in_progress/FA1_PECAM1_Endothelial/FA1_PECAM1_Endothelial_1188_edgelist.csv
FA1_PECAM1_Endothelial,1865,4482,644997,1460732.9665849942,47.591285943984985,../network_data/subpopulations_in_progress/FA1_PECAM1_Endothelial/FA1_PECAM1_Endothelial_1865_nodelist.csv,../network_data/subpopulations_in_progress/FA1_PECAM1_Endothelial/FA1_PECAM1_Endothelial_1865_edgelist.csv
FA1_PECAM1_Endothelial,4654,991,46299,85058.2635625988,1.770841121673584,../network_data/subpopulations_in_progress/FA1_PECAM1_Endothelial/FA1_PECAM1_Endothelial_4654_nodelist.csv,../network_data/subpopulations_in_progress/FA1_PECAM1_Endothelial/FA1_PECAM1_Endothelial_4654_edgelist.csv
FA1_PECAM1_Endothelial,2415,1838,126041,230979.63145591255,8.751163005828857,../network_data/subpopulations_in_progress/FA1_PECAM1_Endothelial/FA1_PECAM1_Endothelial_2415_nodelist.csv,../network_data/subpopulations_in_progress/FA1_PECAM1_Endothelial/FA1_PECAM1_Endothelial_2415_edgelist.csv
FA1_PECAM1_Endothelial,2741,4575,673840,1646103.8310684136,48.24599003791809,../network_data/subpopulations_in_progress/FA1_PECAM1_Endothelial/FA1_PECAM1_Endothelial_2741_nodelist.csv,../network_data/subpopulations_in_progress/FA1_PECAM1_Endothelial/FA1_PECAM1_Endothelial_2741_edgelist.csv
FA1_PECAM1_Endothelial,401,2712,254830,522021.05200300826,14.802312135696411,../network_data/subpopulations_in_progress/FA1_PECAM1_Endothelial/FA1_PECAM1_Endothelial_401_nodelist.csv,../network_data/subpopulations_in_progress/FA1_PECAM1_Endothelial/FA1_PECAM1_Endothelial_401_edgelist.csv
FA1_PECAM1_Endothelial,1007,2028,174614,372400.5091741843,8.753139019012451,../network_data/subpopulations_in_progress/FA1_PECAM1_Endothelial/FA1_PECAM1_Endothelial_1007_nodelist.csv,../network_data/subpopulations_in_progress/FA1_PECAM1_Endothelial/FA1_PECAM1_Endothelial_1007_edgelist.csv
FA1_PECAM1_Endothelial,3475,3095,311870,690614.5907686567,22.408773183822632,../network_data/subpopulations_in_progress/FA1_PECAM1_Endothelial/FA1_PECAM1_Endothelial_3475_nodelist.csv,../network_data/subpopulations_in_progress/FA1_PECAM1_Endothelial/FA1_PECAM1_Endothelial_3475_edgelist.csv
FA1_PECAM1_Endothelial,2364,2034,155917,300662.3038342426,10.570575952529907,../network_data/subpopulations_in_progress/FA1_PECAM1_Endothelial/FA1_PECAM1_Endothelial_2364_nodelist.csv,../network_data/subpopulations_in_progress/FA1_PECAM1_Endothelial/FA1_PECAM1_Endothelial_2364_edgelist.csv
FA1_PECAM1_Endothelial,2830,935,37198,68553.04817201188,1.5720570087432861,../network_data/subpopulations_in_progress/FA1_PECAM1_Endothelial/FA1_PECAM1_Endothelial_2830_nodelist.csv,../network_data/subpopulations_in_progress/FA1_PECAM1_Endothelial/FA1_PECAM1_Endothelial_2830_edgelist.csv
FA1_PECAM1_Endothelial,3788,1260,73447,125629.61169058782,2.9784469604492188,../network_data/subpopulations_in_progress/FA1_PECAM1_Endothelial/FA1_PECAM1_Endothelial_3788_nodelist.csv,../network_data/subpopulations_in_progress/FA1_PECAM1_Endothelial/FA1_PECAM1_Endothelial_3788_edgelist.csv
FA1_PECAM1_Endothelial,1160,3253,414385,900193.9656274478,23.647055864334106,../network_data/subpopulations_in_progress/FA1_PECAM1_Endothelial/FA1_PECAM1_Endothelial_1160_nodelist.csv,../network_data/subpopulations_in_progress/FA1_PECAM1_Endothelial/FA1_PECAM1_Endothelial_1160_edgelist.csv
FA1_PECAM1_Endothelial,1164,1138,51444,105133.70174883977,2.489514112472534,../network_data/subpopulations_in_progress/FA1_PECAM1_Endothelial/FA1_PECAM1_Endothelial_1164_nodelist.csv,../network_data/subpopulations_in_progress/FA1_PECAM1_Endothelial/FA1_PECAM1_Endothelial_1164_edgelist.csv
FA1_PECAM1_Endothelial,2968,990,51953,80927.39903620406,1.837174892425537,../network_data/subpopulations_in_progress/FA1_PECAM1_Endothelial/FA1_PECAM1_Endothelial_2968_nodelist.csv,../network_data/subpopulations_in_progress/FA1_PECAM1_Endothelial/FA1_PECAM1_Endothelial_2968_edgelist.csv
FA1_PECAM1_Endothelial,3097,4284,577097,1341698.6460321143,41.39361500740051,../network_data/subpopulations_in_progress/FA1_PECAM1_Endothelial/FA1_PECAM1_Endothelial_3097_nodelist.csv,../network_data/subpopulations_in_progress/FA1_PECAM1_Endothelial/FA1_PECAM1_Endothelial_3097_edgelist.csv
FA1_PECAM1_Endothelial,4882,2654,262134,572624.4045409644,14.222874879837036,../network_data/subpopulations_in_progress/FA1_PECAM1_Endothelial/FA1_PECAM1_Endothelial_4882_nodelist.csv,../network_data/subpopulations_in_progress/FA1_PECAM1_Endothelial/FA1_PECAM1_Endothelial_4882_edgelist.csv
FA1_PECAM1_Endothelial,895,3163,370006,822173.2507457037,23.146790027618408,../network_data/subpopulations_in_progress/FA1_PECAM1_Endothelial/FA1_PECAM1_Endothelial_895_nodelist.csv,../network_data/subpopulations_in_progress/FA1_PECAM1_Endothelial/FA1_PECAM1_Endothelial_895_edgelist.csv
FA1_PECAM1_Endothelial,3798,569,14381,25545.38519972583,0.5425939559936523,../network_data/subpopulations_in_progress/FA1_PECAM1_Endothelial/FA1_PECAM1_Endothelial_3798_nodelist.csv,../network_data/subpopulations_in_progress/FA1_PECAM1_Endothelial/FA1_PECAM1_Endothelial_3798_edgelist.csv
FA1_PECAM1_Endothelial,2024,920,43986,73148.01538307023,1.6457891464233398,../network_data/subpopulations_in_progress/FA1_PECAM1_Endothelial/FA1_PECAM1_Endothelial_2024_nodelist.csv,../network_data/subpopulations_in_progress/FA1_PECAM1_Endothelial/FA1_PECAM1_Endothelial_2024_edgelist.csv
FA1_PECAM1_Endothelial,2623,4494,617692,1493584.4358591153,46.03582310676575,../network_data/subpopulations_in_progress/FA1_PECAM1_Endothelial/FA1_PECAM1_Endothelial_2623_nodelist.csv,../network_data/subpopulations_in_progress/FA1_PECAM1_Endothelial/FA1_PECAM1_Endothelial_2623_edgelist.csv
FA1_PECAM1_Endothelial,4494,2240,190459,399104.0133016515,10.580039978027344,../network_data/subpopulations_in_progress/FA1_PECAM1_Endothelial/FA1_PECAM1_Endothelial_4494_nodelist.csv,../network_data/subpopulations_in_progress/FA1_PECAM1_Endothelial/FA1_PECAM1_Endothelial_4494_edgelist.csv
FA1_PECAM1_Endothelial,2020,5585,873375,2292527.3385946737,78.98709893226624,../network_data/subpopulations_in_progress/FA1_PECAM1_Endothelial/FA1_PECAM1_Endothelial_2020_nodelist.csv,../network_data/subpopulations_in_progress/FA1_PECAM1_Endothelial/FA1_PECAM1_Endothelial_2020_edgelist.csv
FA1_PECAM1_Endothelial,601,2769,302016,615745.1462295587,16.07005000114441,../network_data/subpopulations_in_progress/FA1_PECAM1_Endothelial/FA1_PECAM1_Endothelial_601_nodelist.csv,../network_data/subpopulations_in_progress/FA1_PECAM1_Endothelial/FA1_PECAM1_Endothelial_601_edgelist.csv
FA1_PECAM1_Endothelial,681,3395,409804,929854.9712240745,27.008920192718506,../network_data/subpopulations_in_progress/FA1_PECAM1_Endothelial/FA1_PECAM1_Endothelial_681_nodelist.csv,../network_data/subpopulations_in_progress/FA1_PECAM1_Endothelial/FA1_PECAM1_Endothelial_681_edgelist.csv
FA1_PECAM1_Endothelial,311,4217,617155,1484003.2198430272,42.02403402328491,../network_data/subpopulations_in_progress/FA1_PECAM1_Endothelial/FA1_PECAM1_Endothelial_311_nodelist.csv,../network_data/subpopulations_in_progress/FA1_PECAM1_Endothelial/FA1_PECAM1_Endothelial_311_edgelist.csv
FA1_PECAM1_Endothelial,4154,749,30095,48602.55805150106,1.1231470108032227,../network_data/subpopulations_in_progress/FA1_PECAM1_Endothelial/FA1_PECAM1_Endothelial_4154_nodelist.csv,../network_data/subpopulations_in_progress/FA1_PECAM1_Endothelial/FA1_PECAM1_Endothelial_4154_edgelist.csv
FA1_PECAM1_Endothelial,525,2260,190158,368368.1953640189,11.420705795288086,../network_data/subpopulations_in_progress/FA1_PECAM1_Endothelial/FA1_PECAM1_Endothelial_525_nodelist.csv,../network_data/subpopulations_in_progress/FA1_PECAM1_Endothelial/FA1_PECAM1_Endothelial_525_edgelist.csv
FA1_PECAM1_Endothelial,4840,3733,496132,1100538.1046201005,32.327792167663574,../network_data/subpopulations_in_progress/FA1_PECAM1_Endothelial/FA1_PECAM1_Endothelial_4840_nodelist.csv,../network_data/subpopulations_in_progress/FA1_PECAM1_Endothelial/FA1_PECAM1_Endothelial_4840_edgelist.csv
FA1_PECAM1_Endothelial,4158,2055,164539,329677.98108071944,8.458148956298828,../network_data/subpopulations_in_progress/FA1_PECAM1_Endothelial/FA1_PECAM1_Endothelial_4158_nodelist.csv,../network_data/subpopulations_in_progress/FA1_PECAM1_Endothelial/FA1_PECAM1_Endothelial_4158_edgelist.csv
FA1_PECAM1_Endothelial,4097,3975,542270,1252542.1705766108,40.69209694862366,../network_data/subpopulations_in_progress/FA1_PECAM1_Endothelial/FA1_PECAM1_Endothelial_4097_nodelist.csv,../network_data/subpopulations_in_progress/FA1_PECAM1_Endothelial/FA1_PECAM1_Endothelial_4097_edgelist.csv
FA1_PECAM1_Endothelial,3247,768,30534,52695.30545913094,1.0941879749298096,../network_data/subpopulations_in_progress/FA1_PECAM1_Endothelial/FA1_PECAM1_Endothelial_3247_nodelist.csv,../network_data/subpopulations_in_progress/FA1_PECAM1_Endothelial/FA1_PECAM1_Endothelial_3247_edgelist.csv
FA1_PECAM1_Endothelial,134,2286,194320,374394.0376676552,11.94446086883545,../network_data/subpopulations_in_progress/FA1_PECAM1_Endothelial/FA1_PECAM1_Endothelial_134_nodelist.csv,../network_data/subpopulations_in_progress/FA1_PECAM1_Endothelial/FA1_PECAM1_Endothelial_134_edgelist.csv
FA1_PECAM1_Endothelial,4006,2815,307457,627971.2695787214,19.877048015594482,../network_data/subpopulations_in_progress/FA1_PECAM1_Endothelial/FA1_PECAM1_Endothelial_4006_nodelist.csv,../network_data/subpopulations_in_progress/FA1_PECAM1_Endothelial/FA1_PECAM1_Endothelial_4006_edgelist.csv
FA1_PECAM1_Endothelial,130,2241,175824,361029.5035869259,10.664116144180298,../network_data/subpopulations_in_progress/FA1_PECAM1_Endothelial/FA1_PECAM1_Endothelial_130_nodelist.csv,../network_data/subpopulations_in_progress/FA1_PECAM1_Endothelial/FA1_PECAM1_Endothelial_130_edgelist.csv
FA1_PECAM1_Endothelial,876,541,16628,28986.032139770312,0.522301197052002,../network_data/subpopulations_in_progress/FA1_PECAM1_Endothelial/FA1_PECAM1_Endothelial_876_nodelist.csv,../network_data/subpopulations_in_progress/FA1_PECAM1_Endothelial/FA1_PECAM1_Endothelial_876_edgelist.csv
FA1_PECAM1_Endothelial,1402,2281,213548,436157.1549845284,10.937791109085083,../network_data/subpopulations_in_progress/FA1_PECAM1_Endothelial/FA1_PECAM1_Endothelial_1402_nodelist.csv,../network_data/subpopulations_in_progress/FA1_PECAM1_Endothelial/FA1_PECAM1_Endothelial_1402_edgelist.csv
FA1_PECAM1_Endothelial,1641,3971,481523,1137629.074591489,34.24331283569336,../network_data/subpopulations_in_progress/FA1_PECAM1_Endothelial/FA1_PECAM1_Endothelial_1641_nodelist.csv,../network_data/subpopulations_in_progress/FA1_PECAM1_Endothelial/FA1_PECAM1_Endothelial_1641_edgelist.csv
FA1_PECAM1_Endothelial,2278,5491,833095,2172401.565341807,72.18609309196472,../network_data/subpopulations_in_progress/FA1_PECAM1_Endothelial/FA1_PECAM1_Endothelial_2278_nodelist.csv,../network_data/subpopulations_in_progress/FA1_PECAM1_Endothelial/FA1_PECAM1_Endothelial_2278_edgelist.csv
FA1_PECAM1_Endothelial,1012,4614,625056,1524199.8258760883,47.62123990058899,../network_data/subpopulations_in_progress/FA1_PECAM1_Endothelial/FA1_PECAM1_Endothelial_1012_nodelist.csv,../network_data/subpopulations_in_progress/FA1_PECAM1_Endothelial/FA1_PECAM1_Endothelial_1012_edgelist.csv
FA1_PECAM1_Endothelial,4431,5027,748376,1865364.8347619574,57.362792015075684,../network_data/subpopulations_in_progress/FA1_PECAM1_Endothelial/FA1_PECAM1_Endothelial_4431_nodelist.csv,../network_data/subpopulations_in_progress/FA1_PECAM1_Endothelial/FA1_PECAM1_Endothelial_4431_edgelist.csv
FA1_PECAM1_Endothelial,4641,2487,237576,474436.6498536192,13.54657506942749,../network_data/subpopulations_in_progress/FA1_PECAM1_Endothelial/FA1_PECAM1_Endothelial_4641_nodelist.csv,../network_data/subpopulations_in_progress/FA1_PECAM1_Endothelial/FA1_PECAM1_Endothelial_4641_edgelist.csv
FA1_PECAM1_Endothelial,2731,2777,271515,579239.2556250038,17.34522294998169,../network_data/subpopulations_in_progress/FA1_PECAM1_Endothelial/FA1_PECAM1_Endothelial_2731_nodelist.csv,../network_data/subpopulations_in_progress/FA1_PECAM1_Endothelial/FA1_PECAM1_Endothelial_2731_edgelist.csv
FA1_PECAM1_Endothelial,439,3062,358496,768740.707323284,19.753496885299683,../network_data/subpopulations_in_progress/FA1_PECAM1_Endothelial/FA1_PECAM1_Endothelial_439_nodelist.csv,../network_data/subpopulations_in_progress/FA1_PECAM1_Endothelial/FA1_PECAM1_Endothelial_439_edgelist.csv
FA1_PECAM1_Endothelial,4489,558,16972,27926.48563946012,0.5410728454589844,../network_data/subpopulations_in_progress/FA1_PECAM1_Endothelial/FA1_PECAM1_Endothelial_4489_nodelist.csv,../network_data/subpopulations_in_progress/FA1_PECAM1_Endothelial/FA1_PECAM1_Endothelial_4489_edgelist.csv
FA1_PECAM1_Endothelial,534,1279,69956,131396.66749681788,3.0582540035247803,../network_data/subpopulations_in_progress/FA1_PECAM1_Endothelial/FA1_PECAM1_Endothelial_534_nodelist.csv,../network_data/subpopulations_in_progress/FA1_PECAM1_Endothelial/FA1_PECAM1_Endothelial_534_edgelist.csv
FA1_PECAM1_Endothelial,2655,3189,385832,818575.454876531,25.519145965576172,../network_data/subpopulations_in_progress/FA1_PECAM1_Endothelial/FA1_PECAM1_Endothelial_2655_nodelist.csv,../network_data/subpopulations_in_progress/FA1_PECAM1_Endothelial/FA1_PECAM1_Endothelial_2655_edgelist.csv
FA1_PECAM1_Endothelial,1763,950,41322,80319.44828621263,1.637861967086792,../network_data/subpopulations_in_progress/FA1_PECAM1_Endothelial/FA1_PECAM1_Endothelial_1763_nodelist.csv,../network_data/subpopulations_in_progress/FA1_PECAM1_Endothelial/FA1_PECAM1_Endothelial_1763_edgelist.csv
FA1_PECAM1_Endothelial,2798,1755,127432,257390.9951302976,5.7339301109313965,../network_data/subpopulations_in_progress/FA1_PECAM1_Endothelial/FA1_PECAM1_Endothelial_2798_nodelist.csv,../network_data/subpopulations_in_progress/FA1_PECAM1_Endothelial/FA1_PECAM1_Endothelial_2798_edgelist.csv
FA1_PECAM1_Endothelial,2650,2218,193686,354864.26640194876,10.38807201385498,../network_data/subpopulations_in_progress/FA1_PECAM1_Endothelial/FA1_PECAM1_Endothelial_2650_nodelist.csv,../network_data/subpopulations_in_progress/FA1_PECAM1_Endothelial/FA1_PECAM1_Endothelial_2650_edgelist.csv
FA1_PECAM1_Endothelial,634,882,36696,66966.82104327195,1.402796983718872,../network_data/subpopulations_in_progress/FA1_PECAM1_Endothelial/FA1_PECAM1_Endothelial_634_nodelist.csv,../network_data/subpopulations_in_progress/FA1_PECAM1_Endothelial/FA1_PECAM1_Endothelial_634_edgelist.csv
FA1_PECAM1_Endothelial,4089,1090,46400,85065.071964172,2.0989761352539062,../network_data/subpopulations_in_progress/FA1_PECAM1_Endothelial/FA1_PECAM1_Endothelial_4089_nodelist.csv,../network_data/subpopulations_in_progress/FA1_PECAM1_Endothelial/FA1_PECAM1_Endothelial_4089_edgelist.csv
FA1_PECAM1_Endothelial,365,4781,689262,1691649.2694429604,64.94332885742188,../network_data/subpopulations_in_progress/FA1_PECAM1_Endothelial/FA1_PECAM1_Endothelial_365_nodelist.csv,../network_data/subpopulations_in_progress/FA1_PECAM1_Endothelial/FA1_PECAM1_Endothelial_365_edgelist.csv
FA1_PECAM1_Endothelial,362,2690,280873,562578.1485258075,15.818879127502441,../network_data/subpopulations_in_progress/FA1_PECAM1_Endothelial/FA1_PECAM1_Endothelial_362_nodelist.csv,../network_data/subpopulations_in_progress/FA1_PECAM1_Endothelial/FA1_PECAM1_Endothelial_362_edgelist.csv
FA1_PECAM1_Endothelial,633,1280,73014,124158.35894415891,3.340440034866333,../network_data/subpopulations_in_progress/FA1_PECAM1_Endothelial/FA1_PECAM1_Endothelial_633_nodelist.csv,../network_data/subpopulations_in_progress/FA1_PECAM1_Endothelial/FA1_PECAM1_Endothelial_633_edgelist.csv
FA1_PECAM1_Endothelial,4082,1072,49183,90152.78654607333,2.094593048095703,../network_data/subpopulations_in_progress/FA1_PECAM1_Endothelial/FA1_PECAM1_Endothelial_4082_nodelist.csv,../network_data/subpopulations_in_progress/FA1_PECAM1_Endothelial/FA1_PECAM1_Endothelial_4082_edgelist.csv
FA1_PECAM1_Endothelial,4321,767,27483,52555.67662095041,1.0411169528961182,../network_data/subpopulations_in_progress/FA1_PECAM1_Endothelial/FA1_PECAM1_Endothelial_4321_nodelist.csv,../network_data/subpopulations_in_progress/FA1_PECAM1_Endothelial/FA1_PECAM1_Endothelial_4321_edgelist.csv
FA1_PECAM1_Endothelial,920,2995,351993,735581.783585318,19.362083911895752,../network_data/subpopulations_in_progress/FA1_PECAM1_Endothelial/FA1_PECAM1_Endothelial_920_nodelist.csv,../network_data/subpopulations_in_progress/FA1_PECAM1_Endothelial/FA1_PECAM1_Endothelial_920_edgelist.csv
FA1_PECAM1_Endothelial,1499,3054,329133,710628.1160133743,19.291391849517822,../network_data/subpopulations_in_progress/FA1_PECAM1_Endothelial/FA1_PECAM1_Endothelial_1499_nodelist.csv,../network_data/subpopulations_in_progress/FA1_PECAM1_Endothelial/FA1_PECAM1_Endothelial_1499_edgelist.csv
FA1_PECAM1_Endothelial,1962,4676,685217,1680211.6513473373,52.147345781326294,../network_data/subpopulations_in_progress/FA1_PECAM1_Endothelial/FA1_PECAM1_Endothelial_1962_nodelist.csv,../network_data/subpopulations_in_progress/FA1_PECAM1_Endothelial/FA1_PECAM1_Endothelial_1962_edgelist.csv
FA1_PECAM1_Endothelial,3208,1364,75873,133475.3762164428,3.6297709941864014,../network_data/subpopulations_in_progress/FA1_PECAM1_Endothelial/FA1_PECAM1_Endothelial_3208_nodelist.csv,../network_data/subpopulations_in_progress/FA1_PECAM1_Endothelial/FA1_PECAM1_Endothelial_3208_edgelist.csv
FA1_PECAM1_Endothelial,3362,612,17208,37843.907401021934,0.6421811580657959,../network_data/subpopulations_in_progress/FA1_PECAM1_Endothelial/FA1_PECAM1_Endothelial_3362_nodelist.csv,../network_data/subpopulations_in_progress/FA1_PECAM1_Endothelial/FA1_PECAM1_Endothelial_3362_edgelist.csv
FA1_PECAM1_Endothelial,3047,3503,441763,999836.624684147,33.76915907859802,../network_data/subpopulations_in_progress/FA1_PECAM1_Endothelial/FA1_PECAM1_Endothelial_3047_nodelist.csv,../network_data/subpopulations_in_progress/FA1_PECAM1_Endothelial/FA1_PECAM1_Endothelial_3047_edgelist.csv
FA1_PECAM1_Endothelial,4857,3515,413540,909047.3784878855,26.72455096244812,../network_data/subpopulations_in_progress/FA1_PECAM1_Endothelial/FA1_PECAM1_Endothelial_4857_nodelist.csv,../network_data/subpopulations_in_progress/FA1_PECAM1_Endothelial/FA1_PECAM1_Endothelial_4857_edgelist.csv
FA1_PECAM1_Endothelial,2982,3838,474721,1089565.6972631956,31.93318200111389,../network_data/subpopulations_in_progress/FA1_PECAM1_Endothelial/FA1_PECAM1_Endothelial_2982_nodelist.csv,../network_data/subpopulations_in_progress/FA1_PECAM1_Endothelial/FA1_PECAM1_Endothelial_2982_edgelist.csv
FA1_PECAM1_Endothelial,4503,1760,117537,210513.97682617282,5.940503835678101,../network_data/subpopulations_in_progress/FA1_PECAM1_Endothelial/FA1_PECAM1_Endothelial_4503_nodelist.csv,../network_data/subpopulations_in_progress/FA1_PECAM1_Endothelial/FA1_PECAM1_Endothelial_4503_edgelist.csv
FA1_PECAM1_Endothelial,1384,493,12186,25431.17307033065,0.41258716583251953,../network_data/subpopulations_in_progress/FA1_PECAM1_Endothelial/FA1_PECAM1_Endothelial_1384_nodelist.csv,../network_data/subpopulations_in_progress/FA1_PECAM1_Endothelial/FA1_PECAM1_Endothelial_1384_edgelist.csv
FA1_PECAM1_Endothelial,4584,2974,325003,669677.1296906521,18.56601905822754,../network_data/subpopulations_in_progress/FA1_PECAM1_Endothelial/FA1_PECAM1_Endothelial_4584_nodelist.csv,../network_data/subpopulations_in_progress/FA1_PECAM1_Endothelial/FA1_PECAM1_Endothelial_4584_edgelist.csv
FA1_PECAM1_Endothelial,4587,5161,770417,1960025.3607565104,63.01278495788574,../network_data/subpopulations_in_progress/FA1_PECAM1_Endothelial/FA1_PECAM1_Endothelial_4587_nodelist.csv,../network_data/subpopulations_in_progress/FA1_PECAM1_Endothelial/FA1_PECAM1_Endothelial_4587_edgelist.csv
FA1_PECAM1_Endothelial,3287,5338,811664,2086837.5171786172,70.80830812454224,../network_data/subpopulations_in_progress/FA1_PECAM1_Endothelial/FA1_PECAM1_Endothelial_3287_nodelist.csv,../network_data/subpopulations_in_progress/FA1_PECAM1_Endothelial/FA1_PECAM1_Endothelial_3287_edgelist.csv
FA1_PECAM1_Endothelial,3766,1039,54299,88608.65428798816,2.2562310695648193,../network_data/subpopulations_in_progress/FA1_PECAM1_Endothelial/FA1_PECAM1_Endothelial_3766_nodelist.csv,../network_data/subpopulations_in_progress/FA1_PECAM1_Endothelial/FA1_PECAM1_Endothelial_3766_edgelist.csv
FA1_PECAM1_Endothelial,4636,1022,47648,88661.5884508864,1.8029060363769531,../network_data/subpopulations_in_progress/FA1_PECAM1_Endothelial/FA1_PECAM1_Endothelial_4636_nodelist.csv,../network_data/subpopulations_in_progress/FA1_PECAM1_Endothelial/FA1_PECAM1_Endothelial_4636_edgelist.csv
FA1_PECAM1_Endothelial,3289,2039,153252,306657.5598430551,9.61220097541809,../network_data/subpopulations_in_progress/FA1_PECAM1_Endothelial/FA1_PECAM1_Endothelial_3289_nodelist.csv,../network_data/subpopulations_in_progress/FA1_PECAM1_Endothelial/FA1_PECAM1_Endothelial_3289_edgelist.csv
FA1_PECAM1_Endothelial,2571,1447,87528,152487.88584278245,4.083904981613159,../network_data/subpopulations_in_progress/FA1_PECAM1_Endothelial/FA1_PECAM1_Endothelial_2571_nodelist.csv,../network_data/subpopulations_in_progress/FA1_PECAM1_Endothelial/FA1_PECAM1_Endothelial_2571_edgelist.csv
FA1_PECAM1_Endothelial,546,5243,781196,1952184.8142863254,60.00786805152893,../network_data/subpopulations_in_progress/FA1_PECAM1_Endothelial/FA1_PECAM1_Endothelial_546_nodelist.csv,../network_data/subpopulations_in_progress/FA1_PECAM1_Endothelial/FA1_PECAM1_Endothelial_546_edgelist.csv
FA1_PECAM1_Endothelial,4071,1258,67526,114739.47427671122,3.127657175064087,../network_data/subpopulations_in_progress/FA1_PECAM1_Endothelial/FA1_PECAM1_Endothelial_4071_nodelist.csv,../network_data/subpopulations_in_progress/FA1_PECAM1_Endothelial/FA1_PECAM1_Endothelial_4071_edgelist.csv
FA1_PECAM1_Endothelial,540,2124,192939,395491.6472320487,9.30380892753601,../network_data/subpopulations_in_progress/FA1_PECAM1_Endothelial/FA1_PECAM1_Endothelial_540_nodelist.csv,../network_data/subpopulations_in_progress/FA1_PECAM1_Endothelial/FA1_PECAM1_Endothelial_540_edgelist.csv
FA1_PECAM1_Endothelial,3913,2621,240679,500478.328849663,14.851982116699219,../network_data/subpopulations_in_progress/FA1_PECAM1_Endothelial/FA1_PECAM1_Endothelial_3913_nodelist.csv,../network_data/subpopulations_in_progress/FA1_PECAM1_Endothelial/FA1_PECAM1_Endothelial_3913_edgelist.csv
FA1_PECAM1_Endothelial,3086,2051,171838,309942.9017021987,9.52568006515503,../network_data/subpopulations_in_progress/FA1_PECAM1_Endothelial/FA1_PECAM1_Endothelial_3086_nodelist.csv,../network_data/subpopulations_in_progress/FA1_PECAM1_Endothelial/FA1_PECAM1_Endothelial_3086_edgelist.csv
FA1_PECAM1_Endothelial,3445,4438,636001,1530693.0976627197,50.93366289138794,../network_data/subpopulations_in_progress/FA1_PECAM1_Endothelial/FA1_PECAM1_Endothelial_3445_nodelist.csv,../network_data/subpopulations_in_progress/FA1_PECAM1_Endothelial/FA1_PECAM1_Endothelial_3445_edgelist.csv
FA1_PECAM1_Endothelial,2260,4581,632363,1550440.9538365195,49.48097491264343,../network_data/subpopulations_in_progress/FA1_PECAM1_Endothelial/FA1_PECAM1_Endothelial_2260_nodelist.csv,../network_data/subpopulations_in_progress/FA1_PECAM1_Endothelial/FA1_PECAM1_Endothelial_2260_edgelist.csv
FA1_PECAM1_Endothelial,2485,2294,208321,425665.5223843998,12.552972078323364,../network_data/subpopulations_in_progress/FA1_PECAM1_Endothelial/FA1_PECAM1_Endothelial_2485_nodelist.csv,../network_data/subpopulations_in_progress/FA1_PECAM1_Endothelial/FA1_PECAM1_Endothelial_2485_edgelist.csv
FA1_PECAM1_Endothelial,1788,1332,72931,130915.17518667849,3.537184000015259,../network_data/subpopulations_in_progress/FA1_PECAM1_Endothelial/FA1_PECAM1_Endothelial_1788_nodelist.csv,../network_data/subpopulations_in_progress/FA1_PECAM1_Endothelial/FA1_PECAM1_Endothelial_1788_edgelist.csv
FA1_PECAM1_Endothelial,2227,1946,141709,266286.1696299531,7.477873802185059,../network_data/subpopulations_in_progress/FA1_PECAM1_Endothelial/FA1_PECAM1_Endothelial_2227_nodelist.csv,../network_data/subpopulations_in_progress/FA1_PECAM1_Endothelial/FA1_PECAM1_Endothelial_2227_edgelist.csv
FA1_PECAM1_Endothelial,148,3923,531425,1256856.453566189,35.57729697227478,../network_data/subpopulations_in_progress/FA1_PECAM1_Endothelial/FA1_PECAM1_Endothelial_148_nodelist.csv,../network_data/subpopulations_in_progress/FA1_PECAM1_Endothelial/FA1_PECAM1_Endothelial_148_edgelist.csv
FA1_PECAM1_Endothelial,4339,418,11177,20535.19552229389,0.33487820625305176,../network_data/subpopulations_in_progress/FA1_PECAM1_Endothelial/FA1_PECAM1_Endothelial_4339_nodelist.csv,../network_data/subpopulations_in_progress/FA1_PECAM1_Endothelial/FA1_PECAM1_Endothelial_4339_edgelist.csv
FA1_PECAM1_Endothelial,4237,3443,381781,842497.9813648756,28.042696952819824,../network_data/subpopulations_in_progress/FA1_PECAM1_Endothelial/FA1_PECAM1_Endothelial_4237_nodelist.csv,../network_data/subpopulations_in_progress/FA1_PECAM1_Endothelial/FA1_PECAM1_Endothelial_4237_edgelist.csv
FA1_PECAM1_Endothelial,797,1152,59435,114550.0394764907,2.468488931655884,../network_data/subpopulations_in_progress/FA1_PECAM1_Endothelial/FA1_PECAM1_Endothelial_797_nodelist.csv,../network_data/subpopulations_in_progress/FA1_PECAM1_Endothelial/FA1_PECAM1_Endothelial_797_edgelist.csv
FA1_PECAM1_Endothelial,2999,1444,84563,155545.17873049036,3.9176571369171143,../network_data/subpopulations_in_progress/FA1_PECAM1_Endothelial/FA1_PECAM1_Endothelial_2999_nodelist.csv,../network_data/subpopulations_in_progress/FA1_PECAM1_Endothelial/FA1_PECAM1_Endothelial_2999_edgelist.csv
FA1_PECAM1_Endothelial,2462,1034,50617,103762.39295435874,1.9654309749603271,../network_data/subpopulations_in_progress/FA1_PECAM1_Endothelial/FA1_PECAM1_Endothelial_2462_nodelist.csv,../network_data/subpopulations_in_progress/FA1_PECAM1_Endothelial/FA1_PECAM1_Endothelial_2462_edgelist.csv
FA1_PECAM1_Endothelial,2463,2772,261418,580413.0377972863,15.32015085220337,../network_data/subpopulations_in_progress/FA1_PECAM1_Endothelial/FA1_PECAM1_Endothelial_2463_nodelist.csv,../network_data/subpopulations_in_progress/FA1_PECAM1_Endothelial/FA1_PECAM1_Endothelial_2463_edgelist.csv
FA1_PECAM1_Endothelial,2994,2349,214043,450510.08301505836,11.736977100372314,../network_data/subpopulations_in_progress/FA1_PECAM1_Endothelial/FA1_PECAM1_Endothelial_2994_nodelist.csv,../network_data/subpopulations_in_progress/FA1_PECAM1_Endothelial/FA1_PECAM1_Endothelial_2994_edgelist.csv
FA1_PECAM1_Endothelial,559,3232,342501,736730.4036527177,21.589253187179565,../network_data/subpopulations_in_progress/FA1_PECAM1_Endothelial/FA1_PECAM1_Endothelial_559_nodelist.csv,../network_data/subpopulations_in_progress/FA1_PECAM1_Endothelial/FA1_PECAM1_Endothelial_559_edgelist.csv
FA1_PECAM1_Endothelial,3059,1307,68664,120210.30043735816,3.3891489505767822,../network_data/subpopulations_in_progress/FA1_PECAM1_Endothelial/FA1_PECAM1_Endothelial_3059_nodelist.csv,../network_data/subpopulations_in_progress/FA1_PECAM1_Endothelial/FA1_PECAM1_Endothelial_3059_edgelist.csv
FA1_PECAM1_Endothelial,652,2539,260434,503250.1948798025,13.999680995941162,../network_data/subpopulations_in_progress/FA1_PECAM1_Endothelial/FA1_PECAM1_Endothelial_652_nodelist.csv,../network_data/subpopulations_in_progress/FA1_PECAM1_Endothelial/FA1_PECAM1_Endothelial_652_edgelist.csv
FA1_PECAM1_Endothelial,653,3335,422508,946856.9680896131,23.988981008529663,../network_data/subpopulations_in_progress/FA1_PECAM1_Endothelial/FA1_PECAM1_Endothelial_653_nodelist.csv,../network_data/subpopulations_in_progress/FA1_PECAM1_Endothelial/FA1_PECAM1_Endothelial_653_edgelist.csv
FA1_PECAM1_Endothelial,651,1678,114389,205904.41411883564,5.3601579666137695,../network_data/subpopulations_in_progress/FA1_PECAM1_Endothelial/FA1_PECAM1_Endothelial_651_nodelist.csv,../network_data/subpopulations_in_progress/FA1_PECAM1_Endothelial/FA1_PECAM1_Endothelial_651_edgelist.csv
FA1_PECAM1_Endothelial,913,2623,273459,540047.9076464234,15.138458967208862,../network_data/subpopulations_in_progress/FA1_PECAM1_Endothelial/FA1_PECAM1_Endothelial_913_nodelist.csv,../network_data/subpopulations_in_progress/FA1_PECAM1_Endothelial/FA1_PECAM1_Endothelial_913_edgelist.csv
FA1_PECAM1_Endothelial,3294,2561,231730,493952.13392627705,12.931063890457153,../network_data/subpopulations_in_progress/FA1_PECAM1_Endothelial/FA1_PECAM1_Endothelial_3294_nodelist.csv,../network_data/subpopulations_in_progress/FA1_PECAM1_Endothelial/FA1_PECAM1_Endothelial_3294_edgelist.csv
FA1_PECAM1_Endothelial,1654,3556,414100,952596.7998878814,26.872063875198364,../network_data/subpopulations_in_progress/FA1_PECAM1_Endothelial/FA1_PECAM1_Endothelial_1654_nodelist.csv,../network_data/subpopulations_in_progress/FA1_PECAM1_Endothelial/FA1_PECAM1_Endothelial_1654_edgelist.csv
FA1_PECAM1_Endothelial,1130,2389,220441,442581.69479117886,12.183375835418701,../network_data/subpopulations_in_progress/FA1_PECAM1_Endothelial/FA1_PECAM1_Endothelial_1130_nodelist.csv,../network_data/subpopulations_in_progress/FA1_PECAM1_Endothelial/FA1_PECAM1_Endothelial_1130_edgelist.csv
FA1_PECAM1_Endothelial,4639,2733,291611,600345.2400438199,18.887087106704712,../network_data/subpopulations_in_progress/FA1_PECAM1_Endothelial/FA1_PECAM1_Endothelial_4639_nodelist.csv,../network_data/subpopulations_in_progress/FA1_PECAM1_Endothelial/FA1_PECAM1_Endothelial_4639_edgelist.csv
FA1_PECAM1_Endothelial,3509,1107,62916,107234.01276278151,2.3087151050567627,../network_data/subpopulations_in_progress/FA1_PECAM1_Endothelial/FA1_PECAM1_Endothelial_3509_nodelist.csv,../network_data/subpopulations_in_progress/FA1_PECAM1_Endothelial/FA1_PECAM1_Endothelial_3509_edgelist.csv
FA1_PECAM1_Endothelial,2219,3812,489671,1111483.2158311163,31.828152894973755,../network_data/subpopulations_in_progress/FA1_PECAM1_Endothelial/FA1_PECAM1_Endothelial_2219_nodelist.csv,../network_data/subpopulations_in_progress/FA1_PECAM1_Endothelial/FA1_PECAM1_Endothelial_2219_edgelist.csv
FA1_PECAM1_Endothelial,3424,2111,201368,379711.77257283736,8.78929591178894,../network_data/subpopulations_in_progress/FA1_PECAM1_Endothelial/FA1_PECAM1_Endothelial_3424_nodelist.csv,../network_data/subpopulations_in_progress/FA1_PECAM1_Endothelial/FA1_PECAM1_Endothelial_3424_edgelist.csv
FA1_PECAM1_Endothelial,1079,1055,57184,91587.62740553713,2.0596859455108643,../network_data/subpopulations_in_progress/FA1_PECAM1_Endothelial/FA1_PECAM1_Endothelial_1079_nodelist.csv,../network_data/subpopulations_in_progress/FA1_PECAM1_Endothelial/FA1_PECAM1_Endothelial_1079_edgelist.csv
FA1_PECAM1_Endothelial,3167,3401,367921,840828.6774085598,26.776509046554565,../network_data/subpopulations_in_progress/FA1_PECAM1_Endothelial/FA1_PECAM1_Endothelial_3167_nodelist.csv,../network_data/subpopulations_in_progress/FA1_PECAM1_Endothelial/FA1_PECAM1_Endothelial_3167_edgelist.csv
FA1_PECAM1_Endothelial,2178,2549,230295,458428.4450301019,14.491672992706299,../network_data/subpopulations_in_progress/FA1_PECAM1_Endothelial/FA1_PECAM1_Endothelial_2178_nodelist.csv,../network_data/subpopulations_in_progress/FA1_PECAM1_Endothelial/FA1_PECAM1_Endothelial_2178_edgelist.csv
FA1_PECAM1_Endothelial,1784,5594,896768,2367668.4036660423,82.74649620056152,../network_data/subpopulations_in_progress/FA1_PECAM1_Endothelial/FA1_PECAM1_Endothelial_1784_nodelist.csv,../network_data/subpopulations_in_progress/FA1_PECAM1_Endothelial/FA1_PECAM1_Endothelial_1784_edgelist.csv
FA1_PECAM1_Endothelial,1225,1852,126000,236521.38421345432,7.977626800537109,../network_data/subpopulations_in_progress/FA1_PECAM1_Endothelial/FA1_PECAM1_Endothelial_1225_nodelist.csv,../network_data/subpopulations_in_progress/FA1_PECAM1_Endothelial/FA1_PECAM1_Endothelial_1225_edgelist.csv
FA1_PECAM1_Endothelial,4303,3590,392499,882458.780615883,30.029356002807617,../network_data/subpopulations_in_progress/FA1_PECAM1_Endothelial/FA1_PECAM1_Endothelial_4303_nodelist.csv,../network_data/subpopulations_in_progress/FA1_PECAM1_Endothelial/FA1_PECAM1_Endothelial_4303_edgelist.csv
FA1_PECAM1_Endothelial,2341,2139,193971,365544.0976384214,10.531113862991333,../network_data/subpopulations_in_progress/FA1_PECAM1_Endothelial/FA1_PECAM1_Endothelial_2341_nodelist.csv,../network_data/subpopulations_in_progress/FA1_PECAM1_Endothelial/FA1_PECAM1_Endothelial_2341_edgelist.csv
FA1_PECAM1_Endothelial,415,5615,894484,2320806.7685395977,81.57595610618591,../network_data/subpopulations_in_progress/FA1_PECAM1_Endothelial/FA1_PECAM1_Endothelial_415_nodelist.csv,../network_data/subpopulations_in_progress/FA1_PECAM1_Endothelial/FA1_PECAM1_Endothelial_415_edgelist.csv
FA1_PECAM1_Endothelial,410,2503,238674,463496.90464058076,13.854290008544922,../network_data/subpopulations_in_progress/FA1_PECAM1_Endothelial/FA1_PECAM1_Endothelial_410_nodelist.csv,../network_data/subpopulations_in_progress/FA1_PECAM1_Endothelial/FA1_PECAM1_Endothelial_410_edgelist.csv
FA1_PECAM1_Endothelial,2853,2374,192373,402688.5336443214,13.240676879882812,../network_data/subpopulations_in_progress/FA1_PECAM1_Endothelial/FA1_PECAM1_Endothelial_2853_nodelist.csv,../network_data/subpopulations_in_progress/FA1_PECAM1_Endothelial/FA1_PECAM1_Endothelial_2853_edgelist.csv
FA1_PECAM1_Endothelial,2638,377,6243,14561.765552736539,0.26971983909606934,../network_data/subpopulations_in_progress/FA1_PECAM1_Endothelial/FA1_PECAM1_Endothelial_2638_nodelist.csv,../network_data/subpopulations_in_progress/FA1_PECAM1_Endothelial/FA1_PECAM1_Endothelial_2638_edgelist.csv
FA1_PECAM1_Endothelial,155,1588,107217,183699.04594870863,5.643001079559326,../network_data/subpopulations_in_progress/FA1_PECAM1_Endothelial/FA1_PECAM1_Endothelial_155_nodelist.csv,../network_data/subpopulations_in_progress/FA1_PECAM1_Endothelial/FA1_PECAM1_Endothelial_155_edgelist.csv
FA1_PECAM1_Endothelial,1893,947,41028,75651.94366253885,1.6469700336456299,../network_data/subpopulations_in_progress/FA1_PECAM1_Endothelial/FA1_PECAM1_Endothelial_1893_nodelist.csv,../network_data/subpopulations_in_progress/FA1_PECAM1_Endothelial/FA1_PECAM1_Endothelial_1893_edgelist.csv
FA1_PECAM1_Endothelial,268,2692,267722,545726.058032374,15.96396017074585,../network_data/subpopulations_in_progress/FA1_PECAM1_Endothelial/FA1_PECAM1_Endothelial_268_nodelist.csv,../network_data/subpopulations_in_progress/FA1_PECAM1_Endothelial/FA1_PECAM1_Endothelial_268_edgelist.csv
FA1_PECAM1_Endothelial,1303,1717,106642,191600.5281028038,6.8621649742126465,../network_data/subpopulations_in_progress/FA1_PECAM1_Endothelial/FA1_PECAM1_Endothelial_1303_nodelist.csv,../network_data/subpopulations_in_progress/FA1_PECAM1_Endothelial/FA1_PECAM1_Endothelial_1303_edgelist.csv
FA1_PECAM1_Endothelial,3188,5277,797724,2042828.9664230177,72.72412514686584,../network_data/subpopulations_in_progress/FA1_PECAM1_Endothelial/FA1_PECAM1_Endothelial_3188_nodelist.csv,../network_data/subpopulations_in_progress/FA1_PECAM1_Endothelial/FA1_PECAM1_Endothelial_3188_edgelist.csv
FA1_PECAM1_Endothelial,4566,1214,77127,154142.31798083519,3.112511157989502,../network_data/subpopulations_in_progress/FA1_PECAM1_Endothelial/FA1_PECAM1_Endothelial_4566_nodelist.csv,../network_data/subpopulations_in_progress/FA1_PECAM1_Endothelial/FA1_PECAM1_Endothelial_4566_edgelist.csv
FA1_PECAM1_Endothelial,4752,876,39647,67769.52749287503,1.7198619842529297,../network_data/subpopulations_in_progress/FA1_PECAM1_Endothelial/FA1_PECAM1_Endothelial_4752_nodelist.csv,../network_data/subpopulations_in_progress/FA1_PECAM1_Endothelial/FA1_PECAM1_Endothelial_4752_edgelist.csv
FA1_PECAM1_Endothelial,4561,1141,58510,104486.33153321611,2.830644130706787,../network_data/subpopulations_in_progress/FA1_PECAM1_Endothelial/FA1_PECAM1_Endothelial_4561_nodelist.csv,../network_data/subpopulations_in_progress/FA1_PECAM1_Endothelial/FA1_PECAM1_Endothelial_4561_edgelist.csv
FA1_PECAM1_Endothelial,4757,1495,103379,175835.29143785435,4.894350051879883,../network_data/subpopulations_in_progress/FA1_PECAM1_Endothelial/FA1_PECAM1_Endothelial_4757_nodelist.csv,../network_data/subpopulations_in_progress/FA1_PECAM1_Endothelial/FA1_PECAM1_Endothelial_4757_edgelist.csv
FA1_PECAM1_Endothelial,3180,2015,171192,315394.69449886115,9.722330093383789,../network_data/subpopulations_in_progress/FA1_PECAM1_Endothelial/FA1_PECAM1_Endothelial_3180_nodelist.csv,../network_data/subpopulations_in_progress/FA1_PECAM1_Endothelial/FA1_PECAM1_Endothelial_3180_edgelist.csv
FA1_PECAM1_Endothelial,3181,3878,498660,1153310.464554437,35.80791211128235,../network_data/subpopulations_in_progress/FA1_PECAM1_Endothelial/FA1_PECAM1_Endothelial_3181_nodelist.csv,../network_data/subpopulations_in_progress/FA1_PECAM1_Endothelial/FA1_PECAM1_Endothelial_3181_edgelist.csv
FA1_PECAM1_Endothelial,2031,2230,178686,353234.5644212368,10.599983930587769,../network_data/subpopulations_in_progress/FA1_PECAM1_Endothelial/FA1_PECAM1_Endothelial_2031_nodelist.csv,../network_data/subpopulations_in_progress/FA1_PECAM1_Endothelial/FA1_PECAM1_Endothelial_2031_edgelist.csv
FA1_PECAM1_Endothelial,4299,3619,482998,1079403.306087217,30.19315195083618,../network_data/subpopulations_in_progress/FA1_PECAM1_Endothelial/FA1_PECAM1_Endothelial_4299_nodelist.csv,../network_data/subpopulations_in_progress/FA1_PECAM1_Endothelial/FA1_PECAM1_Endothelial_4299_edgelist.csv
FA1_PECAM1_Endothelial,4445,2281,194469,363492.7278195598,11.569464921951294,../network_data/subpopulations_in_progress/FA1_PECAM1_Endothelial/FA1_PECAM1_Endothelial_4445_nodelist.csv,../network_data/subpopulations_in_progress/FA1_PECAM1_Endothelial/FA1_PECAM1_Endothelial_4445_edgelist.csv
FA1_PECAM1_Endothelial,642,4414,634212,1539453.2611997689,44.41642093658447,../network_data/subpopulations_in_progress/FA1_PECAM1_Endothelial/FA1_PECAM1_Endothelial_642_nodelist.csv,../network_data/subpopulations_in_progress/FA1_PECAM1_Endothelial/FA1_PECAM1_Endothelial_642_edgelist.csv
FA1_PECAM1_Endothelial,2613,3954,510281,1177020.2921765584,34.322646141052246,../network_data/subpopulations_in_progress/FA1_PECAM1_Endothelial/FA1_PECAM1_Endothelial_2613_nodelist.csv,../network_data/subpopulations_in_progress/FA1_PECAM1_Endothelial/FA1_PECAM1_Endothelial_2613_edgelist.csv
FA1_PECAM1_Endothelial,1125,1276,71994,130090.3053413388,3.2608931064605713,../network_data/subpopulations_in_progress/FA1_PECAM1_Endothelial/FA1_PECAM1_Endothelial_1125_nodelist.csv,../network_data/subpopulations_in_progress/FA1_PECAM1_Endothelial/FA1_PECAM1_Endothelial_1125_edgelist.csv
FA1_PECAM1_Endothelial,1948,3069,316738,672231.0570296937,20.41565704345703,../network_data/subpopulations_in_progress/FA1_PECAM1_Endothelial/FA1_PECAM1_Endothelial_1948_nodelist.csv,../network_data/subpopulations_in_progress/FA1_PECAM1_Endothelial/FA1_PECAM1_Endothelial_1948_edgelist.csv
FA1_PECAM1_Endothelial,4614,1576,103933,187226.22708920235,5.346930980682373,../network_data/subpopulations_in_progress/FA1_PECAM1_Endothelial/FA1_PECAM1_Endothelial_4614_nodelist.csv,../network_data/subpopulations_in_progress/FA1_PECAM1_Endothelial/FA1_PECAM1_Endothelial_4614_edgelist.csv
FA1_PECAM1_Endothelial,1725,3459,431720,946604.2406630474,27.5203640460968,../network_data/subpopulations_in_progress/FA1_PECAM1_Endothelial/FA1_PECAM1_Endothelial_1725_nodelist.csv,../network_data/subpopulations_in_progress/FA1_PECAM1_Endothelial/FA1_PECAM1_Endothelial_1725_edgelist.csv
FA1_PECAM1_Endothelial,2598,950,47768,78532.89664027479,1.7509169578552246,../network_data/subpopulations_in_progress/FA1_PECAM1_Endothelial/FA1_PECAM1_Endothelial_2598_nodelist.csv,../network_data/subpopulations_in_progress/FA1_PECAM1_Endothelial/FA1_PECAM1_Endothelial_2598_edgelist.csv
FA1_PECAM1_Endothelial,53,1020,55068,86934.98204150122,1.9357550144195557,../network_data/subpopulations_in_progress/FA1_PECAM1_Endothelial/FA1_PECAM1_Endothelial_53_nodelist.csv,../network_data/subpopulations_in_progress/FA1_PECAM1_Endothelial/FA1_PECAM1_Endothelial_53_edgelist.csv
FA1_PECAM1_Endothelial,2452,2678,254885,510637.4269938471,17.03992199897766,../network_data/subpopulations_in_progress/FA1_PECAM1_Endothelial/FA1_PECAM1_Endothelial_2452_nodelist.csv,../network_data/subpopulations_in_progress/FA1_PECAM1_Endothelial/FA1_PECAM1_Endothelial_2452_edgelist.csv
FA1_PECAM1_Endothelial,1128,1475,93726,183731.44599030213,3.9628729820251465,../network_data/subpopulations_in_progress/FA1_PECAM1_Endothelial/FA1_PECAM1_Endothelial_1128_nodelist.csv,../network_data/subpopulations_in_progress/FA1_PECAM1_Endothelial/FA1_PECAM1_Endothelial_1128_edgelist.csv
FA1_PECAM1_Endothelial,1604,1604,100002,186110.32759468522,5.379924058914185,../network_data/subpopulations_in_progress/FA1_PECAM1_Endothelial/FA1_PECAM1_Endothelial_1604_nodelist.csv,../network_data/subpopulations_in_progress/FA1_PECAM1_Endothelial/FA1_PECAM1_Endothelial_1604_edgelist.csv
FA1_PECAM1_Endothelial,4914,3107,345695,733591.0870856692,21.232630968093872,../network_data/subpopulations_in_progress/FA1_PECAM1_Endothelial/FA1_PECAM1_Endothelial_4914_nodelist.csv,../network_data/subpopulations_in_progress/FA1_PECAM1_Endothelial/FA1_PECAM1_Endothelial_4914_edgelist.csv
FA1_PECAM1_Endothelial,4910,2440,262337,510959.33705510036,12.104835987091064,../network_data/subpopulations_in_progress/FA1_PECAM1_Endothelial/FA1_PECAM1_Endothelial_4910_nodelist.csv,../network_data/subpopulations_in_progress/FA1_PECAM1_Endothelial/FA1_PECAM1_Endothelial_4910_edgelist.csv
FA1_PECAM1_Endothelial,994,1088,57539,92079.91663029527,2.4061810970306396,../network_data/subpopulations_in_progress/FA1_PECAM1_Endothelial/FA1_PECAM1_Endothelial_994_nodelist.csv,../network_data/subpopulations_in_progress/FA1_PECAM1_Endothelial/FA1_PECAM1_Endothelial_994_edgelist.csv
FA1_PECAM1_Endothelial,409,1856,134936,255422.12989229633,6.802034139633179,../network_data/subpopulations_in_progress/FA1_PECAM1_Endothelial/FA1_PECAM1_Endothelial_409_nodelist.csv,../network_data/subpopulations_in_progress/FA1_PECAM1_Endothelial/FA1_PECAM1_Endothelial_409_edgelist.csv
FA1_PECAM1_Endothelial,3931,4651,654876,1573436.8976603486,50.401423931121826,../network_data/subpopulations_in_progress/FA1_PECAM1_Endothelial/FA1_PECAM1_Endothelial_3931_nodelist.csv,../network_data/subpopulations_in_progress/FA1_PECAM1_Endothelial/FA1_PECAM1_Endothelial_3931_edgelist.csv
FA1_PECAM1_Endothelial,4604,628,20711,36334.77356588583,0.6839802265167236,../network_data/subpopulations_in_progress/FA1_PECAM1_Endothelial/FA1_PECAM1_Endothelial_4604_nodelist.csv,../network_data/subpopulations_in_progress/FA1_PECAM1_Endothelial/FA1_PECAM1_Endothelial_4604_edgelist.csv
FA1_PECAM1_Endothelial,4918,2771,278668,567751.542239931,15.488044023513794,../network_data/subpopulations_in_progress/FA1_PECAM1_Endothelial/FA1_PECAM1_Endothelial_4918_nodelist.csv,../network_data/subpopulations_in_progress/FA1_PECAM1_Endothelial/FA1_PECAM1_Endothelial_4918_edgelist.csv
FA1_PECAM1_Endothelial,4216,3190,334107,731693.1355253496,21.05740213394165,../network_data/subpopulations_in_progress/FA1_PECAM1_Endothelial/FA1_PECAM1_Endothelial_4216_nodelist.csv,../network_data/subpopulations_in_progress/FA1_PECAM1_Endotheli