subpopulation,cell_num,num_nodes,num_edges,giulia_spatial_entropy,runtime,nodelist,edgelist
FA1_TNMD_Fibroblasts,1145,3096,355774,769732.17429665,20.40931010246277,../network_data/subpopulations_in_progress/FA1_TNMD_Fibroblasts/FA1_TNMD_Fibroblasts_1145_nodelist.csv,../network_data/subpopulations_in_progress/FA1_TNMD_Fibroblasts/FA1_TNMD_Fibroblasts_1145_edgelist.csv
FA1_TNMD_Fibroblasts,4581,3386,392107,858113.2087680182,22.81612992286682,../network_data/subpopulations_in_progress/FA1_TNMD_Fibroblasts/FA1_TNMD_Fibroblasts_4581_nodelist.csv,../network_data/subpopulations_in_progress/FA1_TNMD_Fibroblasts/FA1_TNMD_Fibroblasts_4581_edgelist.csv
FA1_TNMD_Fibroblasts,79,3417,369848,795237.0690317379,29.256398916244507,../network_data/subpopulations_in_progress/FA1_TNMD_Fibroblasts/FA1_TNMD_Fibroblasts_79_nodelist.csv,../network_data/subpopulations_in_progress/FA1_TNMD_Fibroblasts/FA1_TNMD_Fibroblasts_79_edgelist.csv
FA1_TNMD_Fibroblasts,1701,3149,380011,830047.4892212981,19.55333685874939,../network_data/subpopulations_in_progress/FA1_TNMD_Fibroblasts/FA1_TNMD_Fibroblasts_1701_nodelist.csv,../network_data/subpopulations_in_progress/FA1_TNMD_Fibroblasts/FA1_TNMD_Fibroblasts_1701_edgelist.csv
FA1_TNMD_Fibroblasts,4903,632,18635,37800.59976981919,0.6513679027557373,../network_data/subpopulations_in_progress/FA1_TNMD_Fibroblasts/FA1_TNMD_Fibroblasts_4903_nodelist.csv,../network_data/subpopulations_in_progress/FA1_TNMD_Fibroblasts/FA1_TNMD_Fibroblasts_4903_edgelist.csv
FA1_TNMD_Fibroblasts,3924,2645,253712,524068.1535192344,13.035423994064331,../network_data/subpopulations_in_progress/FA1_TNMD_Fibroblasts/FA1_TNMD_Fibroblasts_3924_nodelist.csv,../network_data/subpopulations_in_progress/FA1_TNMD_Fibroblasts/FA1_TNMD_Fibroblasts_3924_edgelist.csv
FA1_TNMD_Fibroblasts,4905,3756,461821,1036483.3490576929,33.91706299781799,../network_data/subpopulations_in_progress/FA1_TNMD_Fibroblasts/FA1_TNMD_Fibroblasts_4905_nodelist.csv,../network_data/subpopulations_in_progress/FA1_TNMD_Fibroblasts/FA1_TNMD_Fibroblasts_4905_edgelist.csv
FA1_TNMD_Fibroblasts,431,2197,199947,378540.8225056916,13.278909921646118,../network_data/subpopulations_in_progress/FA1_TNMD_Fibroblasts/FA1_TNMD_Fibroblasts_431_nodelist.csv,../network_data/subpopulations_in_progress/FA1_TNMD_Fibroblasts/FA1_TNMD_Fibroblasts_431_edgelist.csv
FA1_TNMD_Fibroblasts,152,2161,182945,360534.59970597713,12.002172946929932,../network_data/subpopulations_in_progress/FA1_TNMD_Fibroblasts/FA1_TNMD_Fibroblasts_152_nodelist.csv,../network_data/subpopulations_in_progress/FA1_TNMD_Fibroblasts/FA1_TNMD_Fibroblasts_152_edgelist.csv
FA1_TNMD_Fibroblasts,495,2130,197482,382566.6476967916,9.453529119491577,../network_data/subpopulations_in_progress/FA1_TNMD_Fibroblasts/FA1_TNMD_Fibroblasts_495_nodelist.csv,../network_data/subpopulations_in_progress/FA1_TNMD_Fibroblasts/FA1_TNMD_Fibroblasts_495_edgelist.csv
FA1_TNMD_Fibroblasts,1251,2450,207550,436506.4659705356,11.573477029800415,../network_data/subpopulations_in_progress/FA1_TNMD_Fibroblasts/FA1_TNMD_Fibroblasts_1251_nodelist.csv,../network_data/subpopulations_in_progress/FA1_TNMD_Fibroblasts/FA1_TNMD_Fibroblasts_1251_edgelist.csv
FA1_TNMD_Fibroblasts,2923,2854,299946,645057.5099401275,15.959175109863281,../network_data/subpopulations_in_progress/FA1_TNMD_Fibroblasts/FA1_TNMD_Fibroblasts_2923_nodelist.csv,../network_data/subpopulations_in_progress/FA1_TNMD_Fibroblasts/FA1_TNMD_Fibroblasts_2923_edgelist.csv
FA1_TNMD_Fibroblasts,716,3545,454861,996275.4605120164,23.668472051620483,../network_data/subpopulations_in_progress/FA1_TNMD_Fibroblasts/FA1_TNMD_Fibroblasts_716_nodelist.csv,../network_data/subpopulations_in_progress/FA1_TNMD_Fibroblasts/FA1_TNMD_Fibroblasts_716_edgelist.csv
FA1_TNMD_Fibroblasts,244,4063,541296,1266887.3367781301,35.078959941864014,../network_data/subpopulations_in_progress/FA1_TNMD_Fibroblasts/FA1_TNMD_Fibroblasts_244_nodelist.csv,../network_data/subpopulations_in_progress/FA1_TNMD_Fibroblasts/FA1_TNMD_Fibroblasts_244_edgelist.csv
FA1_TNMD_Fibroblasts,4391,2393,228269,434472.919815429,11.797515869140625,../network_data/subpopulations_in_progress/FA1_TNMD_Fibroblasts/FA1_TNMD_Fibroblasts_4391_nodelist.csv,../network_data/subpopulations_in_progress/FA1_TNMD_Fibroblasts/FA1_TNMD_Fibroblasts_4391_edgelist.csv
FA1_TNMD_Fibroblasts,1863,2026,148177,297570.2288029762,7.8915228843688965,../network_data/subpopulations_in_progress/FA1_TNMD_Fibroblasts/FA1_TNMD_Fibroblasts_1863_nodelist.csv,../network_data/subpopulations_in_progress/FA1_TNMD_Fibroblasts/FA1_TNMD_Fibroblasts_1863_edgelist.csv
FA1_TNMD_Fibroblasts,1861,3215,383963,824016.2775308867,21.299803972244263,../network_data/subpopulations_in_progress/FA1_TNMD_Fibroblasts/FA1_TNMD_Fibroblasts_1861_nodelist.csv,../network_data/subpopulations_in_progress/FA1_TNMD_Fibroblasts/FA1_TNMD_Fibroblasts_1861_edgelist.csv
FA1_TNMD_Fibroblasts,792,1931,141566,259766.9507854842,7.107832193374634,../network_data/subpopulations_in_progress/FA1_TNMD_Fibroblasts/FA1_TNMD_Fibroblasts_792_nodelist.csv,../network_data/subpopulations_in_progress/FA1_TNMD_Fibroblasts/FA1_TNMD_Fibroblasts_792_edgelist.csv
FA1_TNMD_Fibroblasts,854,1538,105909,215471.25157076746,4.419403076171875,../network_data/subpopulations_in_progress/FA1_TNMD_Fibroblasts/FA1_TNMD_Fibroblasts_854_nodelist.csv,../network_data/subpopulations_in_progress/FA1_TNMD_Fibroblasts/FA1_TNMD_Fibroblasts_854_edgelist.csv
FA1_TNMD_Fibroblasts,1378,3374,401458,872502.5109678637,23.440489053726196,../network_data/subpopulations_in_progress/FA1_TNMD_Fibroblasts/FA1_TNMD_Fibroblasts_1378_nodelist.csv,../network_data/subpopulations_in_progress/FA1_TNMD_Fibroblasts/FA1_TNMD_Fibroblasts_1378_edgelist.csv
FA1_TNMD_Fibroblasts,2199,1594,90386,197410.44084131354,4.582395076751709,../network_data/subpopulations_in_progress/FA1_TNMD_Fibroblasts/FA1_TNMD_Fibroblasts_2199_nodelist.csv,../network_data/subpopulations_in_progress/FA1_TNMD_Fibroblasts/FA1_TNMD_Fibroblasts_2199_edgelist.csv
FA1_TNMD_Fibroblasts,2090,2813,314658,651637.5424126269,17.10134720802307,../network_data/subpopulations_in_progress/FA1_TNMD_Fibroblasts/FA1_TNMD_Fibroblasts_2090_nodelist.csv,../network_data/subpopulations_in_progress/FA1_TNMD_Fibroblasts/FA1_TNMD_Fibroblasts_2090_edgelist.csv
FA1_TNMD_Fibroblasts,4547,1593,104185,207070.7383256106,4.371531963348389,../network_data/subpopulations_in_progress/FA1_TNMD_Fibroblasts/FA1_TNMD_Fibroblasts_4547_nodelist.csv,../network_data/subpopulations_in_progress/FA1_TNMD_Fibroblasts/FA1_TNMD_Fibroblasts_4547_edgelist.csv
FA1_TNMD_Fibroblasts,1733,2355,197253,392177.3456393805,11.1943678855896,../network_data/subpopulations_in_progress/FA1_TNMD_Fibroblasts/FA1_TNMD_Fibroblasts_1733_nodelist.csv,../network_data/subpopulations_in_progress/FA1_TNMD_Fibroblasts/FA1_TNMD_Fibroblasts_1733_edgelist.csv
FA1_TNMD_Fibroblasts,927,2395,204496,401591.7442061082,11.666939973831177,../network_data/subpopulations_in_progress/FA1_TNMD_Fibroblasts/FA1_TNMD_Fibroblasts_927_nodelist.csv,../network_data/subpopulations_in_progress/FA1_TNMD_Fibroblasts/FA1_TNMD_Fibroblasts_927_edgelist.csv
FA1_TNMD_Fibroblasts,1748,2371,202684,410116.3964087818,10.462764978408813,../network_data/subpopulations_in_progress/FA1_TNMD_Fibroblasts/FA1_TNMD_Fibroblasts_1748_nodelist.csv,../network_data/subpopulations_in_progress/FA1_TNMD_Fibroblasts/FA1_TNMD_Fibroblasts_1748_edgelist.csv
FA1_TNMD_Fibroblasts,3524,3573,435717,1003819.7062756465,26.38659691810608,../network_data/subpopulations_in_progress/FA1_TNMD_Fibroblasts/FA1_TNMD_Fibroblasts_3524_nodelist.csv,../network_data/subpopulations_in_progress/FA1_TNMD_Fibroblasts/FA1_TNMD_Fibroblasts_3524_edgelist.csv
FA1_TNMD_Fibroblasts,3882,1245,76142,121922.17300286847,3.0465731620788574,../network_data/subpopulations_in_progress/FA1_TNMD_Fibroblasts/FA1_TNMD_Fibroblasts_3882_nodelist.csv,../network_data/subpopulations_in_progress/FA1_TNMD_Fibroblasts/FA1_TNMD_Fibroblasts_3882_edgelist.csv
FA1_TNMD_Fibroblasts,1239,4050,566047,1345637.1712615222,39.662428855895996,../network_data/subpopulations_in_progress/FA1_TNMD_Fibroblasts/FA1_TNMD_Fibroblasts_1239_nodelist.csv,../network_data/subpopulations_in_progress/FA1_TNMD_Fibroblasts/FA1_TNMD_Fibroblasts_1239_edgelist.csv
FA1_TNMD_Fibroblasts,3886,2242,189014,375057.14406746515,10.4356849193573,../network_data/subpopulations_in_progress/FA1_TNMD_Fibroblasts/FA1_TNMD_Fibroblasts_3886_nodelist.csv,../network_data/subpopulations_in_progress/FA1_TNMD_Fibroblasts/FA1_TNMD_Fibroblasts_3886_edgelist.csv
FA1_TNMD_Fibroblasts,4919,2632,274962,579578.1177639284,13.492533922195435,../network_data/subpopulations_in_progress/FA1_TNMD_Fibroblasts/FA1_TNMD_Fibroblasts_4919_nodelist.csv,../network_data/subpopulations_in_progress/FA1_TNMD_Fibroblasts/FA1_TNMD_Fibroblasts_4919_edgelist.csv
FA1_TNMD_Fibroblasts,1622,1910,168185,342638.16620618006,7.193465948104858,../network_data/subpopulations_in_progress/FA1_TNMD_Fibroblasts/FA1_TNMD_Fibroblasts_1622_nodelist.csv,../network_data/subpopulations_in_progress/FA1_TNMD_Fibroblasts/FA1_TNMD_Fibroblasts_1622_edgelist.csv
FA1_TNMD_Fibroblasts,375,4079,552763,1273861.2943613376,35.436866998672485,../network_data/subpopulations_in_progress/FA1_TNMD_Fibroblasts/FA1_TNMD_Fibroblasts_375_nodelist.csv,../network_data/subpopulations_in_progress/FA1_TNMD_Fibroblasts/FA1_TNMD_Fibroblasts_375_edgelist.csv
FA1_TNMD_Fibroblasts,172,2337,200236,409463.77254941745,10.020379066467285,../network_data/subpopulations_in_progress/FA1_TNMD_Fibroblasts/FA1_TNMD_Fibroblasts_172_nodelist.csv,../network_data/subpopulations_in_progress/FA1_TNMD_Fibroblasts/FA1_TNMD_Fibroblasts_172_edgelist.csv
FA1_TNMD_Fibroblasts,3233,2999,314778,659790.1653567121,17.668205976486206,../network_data/subpopulations_in_progress/FA1_TNMD_Fibroblasts/FA1_TNMD_Fibroblasts_3233_nodelist.csv,../network_data/subpopulations_in_progress/FA1_TNMD_Fibroblasts/FA1_TNMD_Fibroblasts_3233_edgelist.csv
FA1_TNMD_Fibroblasts,844,4265,600036,1451702.6000388777,42.98302888870239,../network_data/subpopulations_in_progress/FA1_TNMD_Fibroblasts/FA1_TNMD_Fibroblasts_844_nodelist.csv,../network_data/subpopulations_in_progress/FA1_TNMD_Fibroblasts/FA1_TNMD_Fibroblasts_844_edgelist.csv
FA1_TNMD_Fibroblasts,3031,1554,107605,196364.80128079985,4.491565942764282,../network_data/subpopulations_in_progress/FA1_TNMD_Fibroblasts/FA1_TNMD_Fibroblasts_3031_nodelist.csv,../network_data/subpopulations_in_progress/FA1_TNMD_Fibroblasts/FA1_TNMD_Fibroblasts_3031_edgelist.csv
FA1_TNMD_Fibroblasts,1016,1978,154920,304193.4255885465,7.519623041152954,../network_data/subpopulations_in_progress/FA1_TNMD_Fibroblasts/FA1_TNMD_Fibroblasts_1016_nodelist.csv,../network_data/subpopulations_in_progress/FA1_TNMD_Fibroblasts/FA1_TNMD_Fibroblasts_1016_edgelist.csv
FA1_TNMD_Fibroblasts,1809,2876,300641,620450.1840953744,17.443298816680908,../network_data/subpopulations_in_progress/FA1_TNMD_Fibroblasts/FA1_TNMD_Fibroblasts_1809_nodelist.csv,../network_data/subpopulations_in_progress/FA1_TNMD_Fibroblasts/FA1_TNMD_Fibroblasts_1809_edgelist.csv
FA1_TNMD_Fibroblasts,1728,4558,636355,1574181.5093415757,45.269258975982666,../network_data/subpopulations_in_progress/FA1_TNMD_Fibroblasts/FA1_TNMD_Fibroblasts_1728_nodelist.csv,../network_data/subpopulations_in_progress/FA1_TNMD_Fibroblasts/FA1_TNMD_Fibroblasts_1728_edgelist.csv
FA1_TNMD_Fibroblasts,1285,3584,462400,1064950.7862124688,26.81982684135437,../network_data/subpopulations_in_progress/FA1_TNMD_Fibroblasts/FA1_TNMD_Fibroblasts_1285_nodelist.csv,../network_data/subpopulations_in_progress/FA1_TNMD_Fibroblasts/FA1_TNMD_Fibroblasts_1285_edgelist.csv
FA1_TNMD_Fibroblasts,1801,2781,284455,584277.2490239912,15.011359930038452,../network_data/subpopulations_in_progress/FA1_TNMD_Fibroblasts/FA1_TNMD_Fibroblasts_1801_nodelist.csv,../network_data/subpopulations_in_progress/FA1_TNMD_Fibroblasts/FA1_TNMD_Fibroblasts_1801_edgelist.csv
FA1_TNMD_Fibroblasts,4739,1990,169336,316784.3233924328,7.332780838012695,../network_data/subpopulations_in_progress/FA1_TNMD_Fibroblasts/FA1_TNMD_Fibroblasts_4739_nodelist.csv,../network_data/subpopulations_in_progress/FA1_TNMD_Fibroblasts/FA1_TNMD_Fibroblasts_4739_edgelist.csv
FA1_TNMD_Fibroblasts,2387,2323,205325,400415.95996389765,11.070403814315796,../network_data/subpopulations_in_progress/FA1_TNMD_Fibroblasts/FA1_TNMD_Fibroblasts_2387_nodelist.csv,../network_data/subpopulations_in_progress/FA1_TNMD_Fibroblasts/FA1_TNMD_Fibroblasts_2387_edgelist.csv
FA1_TNMD_Fibroblasts,1430,2272,207909,415154.01595035027,9.688752889633179,../network_data/subpopulations_in_progress/FA1_TNMD_Fibroblasts/FA1_TNMD_Fibroblasts_1430_nodelist.csv,../network_data/subpopulations_in_progress/FA1_TNMD_Fibroblasts/FA1_TNMD_Fibroblasts_1430_edgelist.csv
FA1_TNMD_Fibroblasts,3720,2087,199358,375709.8504489158,8.219811916351318,../network_data/subpopulations_in_progress/FA1_TNMD_Fibroblasts/FA1_TNMD_Fibroblasts_3720_nodelist.csv,../network_data/subpopulations_in_progress/FA1_TNMD_Fibroblasts/FA1_TNMD_Fibroblasts_3720_edgelist.csv
FA1_TNMD_Fibroblasts,4333,1727,126252,248419.14854880574,5.621941089630127,../network_data/subpopulations_in_progress/FA1_TNMD_Fibroblasts/FA1_TNMD_Fibroblasts_4333_nodelist.csv,../network_data/subpopulations_in_progress/FA1_TNMD_Fibroblasts/FA1_TNMD_Fibroblasts_4333_edgelist.csv
FA1_TNMD_Fibroblasts,1888,1459,102474,167730.58211546333,4.001542091369629,../network_data/subpopulations_in_progress/FA1_TNMD_Fibroblasts/FA1_TNMD_Fibroblasts_1888_nodelist.csv,../network_data/subpopulations_in_progress/FA1_TNMD_Fibroblasts/FA1_TNMD_Fibroblasts_1888_edgelist.csv
FA1_TNMD_Fibroblasts,2532,2267,203092,396967.2317812225,10.152624130249023,../network_data/subpopulations_in_progress/FA1_TNMD_Fibroblasts/FA1_TNMD_Fibroblasts_2532_nodelist.csv,../network_data/subpopulations_in_progress/FA1_TNMD_Fibroblasts/FA1_TNMD_Fibroblasts_2532_edgelist.csv
FA1_TNMD_Fibroblasts,4411,3380,409598,901127.231800217,25.87902593612671,../network_data/subpopulations_in_progress/FA1_TNMD_Fibroblasts/FA1_TNMD_Fibroblasts_4411_nodelist.csv,../network_data/subpopulations_in_progress/FA1_TNMD_Fibroblasts/FA1_TNMD_Fibroblasts_4411_edgelist.csv
FA1_TNMD_Fibroblasts,2433,767,27341,54117.69966391369,1.003661870956421,../network_data/subpopulations_in_progress/FA1_TNMD_Fibroblasts/FA1_TNMD_Fibroblasts_2433_nodelist.csv,../network_data/subpopulations_in_progress/FA1_TNMD_Fibroblasts/FA1_TNMD_Fibroblasts_2433_edgelist.csv
FA1_TNMD_Fibroblasts,1969,4770,705128,1749138.2607640135,50.6017861366272,../network_data/subpopulations_in_progress/FA1_TNMD_Fibroblasts/FA1_TNMD_Fibroblasts_1969_nodelist.csv,../network_data/subpopulations_in_progress/FA1_TNMD_Fibroblasts/FA1_TNMD_Fibroblasts_1969_edgelist.csv
FA1_TNMD_Fibroblasts,345,3993,547979,1276207.021898267,56.35279202461243,../network_data/subpopulations_in_progress/FA1_TNMD_Fibroblasts/FA1_TNMD_Fibroblasts_345_nodelist.csv,../network_data/subpopulations_in_progress/FA1_TNMD_Fibroblasts/FA1_TNMD_Fibroblasts_345_edgelist.csv
FA1_TNMD_Fibroblasts,2315,3414,402791,876773.4249626745,31.588310956954956,../network_data/subpopulations_in_progress/FA1_TNMD_Fibroblasts/FA1_TNMD_Fibroblasts_2315_nodelist.csv,../network_data/subpopulations_in_progress/FA1_TNMD_Fibroblasts/FA1_TNMD_Fibroblasts_2315_edgelist.csv
FA1_TNMD_Fibroblasts,2628,3523,412615,904541.3700729271,27.66919207572937,../network_data/subpopulations_in_progress/FA1_TNMD_Fibroblasts/FA1_TNMD_Fibroblasts_2628_nodelist.csv,../network_data/subpopulations_in_progress/FA1_TNMD_Fibroblasts/FA1_TNMD_Fibroblasts_2628_edgelist.csv
FA1_TNMD_Fibroblasts,519,4660,633636,1466684.7485131302,41.459847927093506,../network_data/subpopulations_in_progress/FA1_TNMD_Fibroblasts/FA1_TNMD_Fibroblasts_519_nodelist.csv,../network_data/subpopulations_in_progress/FA1_TNMD_Fibroblasts/FA1_TNMD_Fibroblasts_519_edgelist.csv
FA1_TNMD_Fibroblasts,194,2823,296617,593946.9893523355,18.53916883468628,../network_data/subpopulations_in_progress/FA1_TNMD_Fibroblasts/FA1_TNMD_Fibroblasts_194_nodelist.csv,../network_data/subpopulations_in_progress/FA1_TNMD_Fibroblasts/FA1_TNMD_Fibroblasts_194_edgelist.csv
FA1_TNMD_Fibroblasts,2028,4347,630500,1542577.8275480866,53.698781967163086,../network_data/subpopulations_in_progress/FA1_TNMD_Fibroblasts/FA1_TNMD_Fibroblasts_2028_nodelist.csv,../network_data/subpopulations_in_progress/FA1_TNMD_Fibroblasts/FA1_TNMD_Fibroblasts_2028_edgelist.csv
FA1_TNMD_Fibroblasts,1110,2812,300739,643251.2152117682,15.883214950561523,../network_data/subpopulations_in_progress/FA1_TNMD_Fibroblasts/FA1_TNMD_Fibroblasts_1110_nodelist.csv,../network_data/subpopulations_in_progress/FA1_TNMD_Fibroblasts/FA1_TNMD_Fibroblasts_1110_edgelist.csv
FA1_TNMD_Fibroblasts,195,1345,90451,145159.04168890143,4.165795803070068,../network_data/subpopulations_in_progress/FA1_TNMD_Fibroblasts/FA1_TNMD_Fibroblasts_195_nodelist.csv,../network_data/subpopulations_in_progress/FA1_TNMD_Fibroblasts/FA1_TNMD_Fibroblasts_195_edgelist.csv
FA1_TNMD_Fibroblasts,4108,3450,392416,870645.5748949943,28.58084797859192,../network_data/subpopulations_in_progress/FA1_TNMD_Fibroblasts/FA1_TNMD_Fibroblasts_4108_nodelist.csv,../network_data/subpopulations_in_progress/FA1_TNMD_Fibroblasts/FA1_TNMD_Fibroblasts_4108_edgelist.csv
FA1_TNMD_Fibroblasts,4473,3532,449240,984312.4087612251,26.113681077957153,../network_data/subpopulations_in_progress/FA1_TNMD_Fibroblasts/FA1_TNMD_Fibroblasts_4473_nodelist.csv,../network_data/subpopulations_in_progress/FA1_TNMD_Fibroblasts/FA1_TNMD_Fibroblasts_4473_edgelist.csv
FA1_TNMD_Fibroblasts,4472,2103,175882,345465.2498942659,8.240369081497192,../network_data/subpopulations_in_progress/FA1_TNMD_Fibroblasts/FA1_TNMD_Fibroblasts_4472_nodelist.csv,../network_data/subpopulations_in_progress/FA1_TNMD_Fibroblasts/FA1_TNMD_Fibroblasts_4472_edgelist.csv
FA1_TNMD_Fibroblasts,3259,2776,321305,637715.7762224035,16.813402891159058,../network_data/subpopulations_in_progress/FA1_TNMD_Fibroblasts/FA1_TNMD_Fibroblasts_3259_nodelist.csv,../network_data/subpopulations_in_progress/FA1_TNMD_Fibroblasts/FA1_TNMD_Fibroblasts_3259_edgelist.csv
FA1_TNMD_Fibroblasts,2494,2544,269471,536901.8053513151,12.673283815383911,../network_data/subpopulations_in_progress/FA1_TNMD_Fibroblasts/FA1_TNMD_Fibroblasts_2494_nodelist.csv,../network_data/subpopulations_in_progress/FA1_TNMD_Fibroblasts/FA1_TNMD_Fibroblasts_2494_edgelist.csv
FA1_TNMD_Fibroblasts,2491,958,46805,80037.20000898401,1.7309138774871826,../network_data/subpopulations_in_progress/FA1_TNMD_Fibroblasts/FA1_TNMD_Fibroblasts_2491_nodelist.csv,../network_data/subpopulations_in_progress/FA1_TNMD_Fibroblasts/FA1_TNMD_Fibroblasts_2491_edgelist.csv
FA1_TNMD_Fibroblasts,4618,3472,406189,928523.3641676839,24.758654832839966,../network_data/subpopulations_in_progress/FA1_TNMD_Fibroblasts/FA1_TNMD_Fibroblasts_4618_nodelist.csv,../network_data/subpopulations_in_progress/FA1_TNMD_Fibroblasts/FA1_TNMD_Fibroblasts_4618_edgelist.csv
FA1_TNMD_Fibroblasts,2710,1574,116919,210339.0552373865,4.697413921356201,../network_data/subpopulations_in_progress/FA1_TNMD_Fibroblasts/FA1_TNMD_Fibroblasts_2710_nodelist.csv,../network_data/subpopulations_in_progress/FA1_TNMD_Fibroblasts/FA1_TNMD_Fibroblasts_2710_edgelist.csv
FA1_TNMD_Fibroblasts,1061,2706,287573,601107.1101352198,14.553356885910034,../network_data/subpopulations_in_progress/FA1_TNMD_Fibroblasts/FA1_TNMD_Fibroblasts_1061_nodelist.csv,../network_data/subpopulations_in_progress/FA1_TNMD_Fibroblasts/FA1_TNMD_Fibroblasts_1061_edgelist.csv
FA1_TNMD_Fibroblasts,3145,2826,298551,630353.3197979539,15.856734037399292,../network_data/subpopulations_in_progress/FA1_TNMD_Fibroblasts/FA1_TNMD_Fibroblasts_3145_nodelist.csv,../network_data/subpopulations_in_progress/FA1_TNMD_Fibroblasts/FA1_TNMD_Fibroblasts_3145_edgelist.csv
FA1_TNMD_Fibroblasts,1197,1816,115128,224383.17790391535,6.17154598236084,../network_data/subpopulations_in_progress/FA1_TNMD_Fibroblasts/FA1_TNMD_Fibroblasts_1197_nodelist.csv,../network_data/subpopulations_in_progress/FA1_TNMD_Fibroblasts/FA1_TNMD_Fibroblasts_1197_edgelist.csv
FA1_TNMD_Fibroblasts,202,2443,259523,509382.1735820996,12.71616816520691,../network_data/subpopulations_in_progress/FA1_TNMD_Fibroblasts/FA1_TNMD_Fibroblasts_202_nodelist.csv,../network_data/subpopulations_in_progress/FA1_TNMD_Fibroblasts/FA1_TNMD_Fibroblasts_202_edgelist.csv
FA1_TNMD_Fibroblasts,595,3422,427778,959185.4526485009,24.333330154418945,../network_data/subpopulations_in_progress/FA1_TNMD_Fibroblasts/FA1_TNMD_Fibroblasts_595_nodelist.csv,../network_data/subpopulations_in_progress/FA1_TNMD_Fibroblasts/FA1_TNMD_Fibroblasts_595_edgelist.csv
FA1_TNMD_Fibroblasts,2392,3088,330945,693700.376362729,19.194220066070557,../network_data/subpopulations_in_progress/FA1_TNMD_Fibroblasts/FA1_TNMD_Fibroblasts_2392_nodelist.csv,../network_data/subpopulations_in_progress/FA1_TNMD_Fibroblasts/FA1_TNMD_Fibroblasts_2392_edgelist.csv
FA1_TNMD_Fibroblasts,456,1833,143042,258768.74696967317,6.515017986297607,../network_data/subpopulations_in_progress/FA1_TNMD_Fibroblasts/FA1_TNMD_Fibroblasts_456_nodelist.csv,../network_data/subpopulations_in_progress/FA1_TNMD_Fibroblasts/FA1_TNMD_Fibroblasts_456_edgelist.csv
FA1_TNMD_Fibroblasts,4211,1810,126923,228131.44266978392,6.412904977798462,../network_data/subpopulations_in_progress/FA1_TNMD_Fibroblasts/FA1_TNMD_Fibroblasts_4211_nodelist.csv,../network_data/subpopulations_in_progress/FA1_TNMD_Fibroblasts/FA1_TNMD_Fibroblasts_4211_edgelist.csv
FA1_TNMD_Fibroblasts,2195,3317,395731,859245.2123786947,22.790404081344604,../network_data/subpopulations_in_progress/FA1_TNMD_Fibroblasts/FA1_TNMD_Fibroblasts_2195_nodelist.csv,../network_data/subpopulations_in_progress/FA1_TNMD_Fibroblasts/FA1_TNMD_Fibroblasts_2195_edgelist.csv
FA1_TNMD_Fibroblasts,4396,3180,352062,768960.3188294016,21.417609930038452,../network_data/subpopulations_in_progress/FA1_TNMD_Fibroblasts/FA1_TNMD_Fibroblasts_4396_nodelist.csv,../network_data/subpopulations_in_progress/FA1_TNMD_Fibroblasts/FA1_TNMD_Fibroblasts_4396_edgelist.csv
FA1_TNMD_Fibroblasts,957,2396,221446,432147.7939194644,9.955192804336548,../network_data/subpopulations_in_progress/FA1_TNMD_Fibroblasts/FA1_TNMD_Fibroblasts_957_nodelist.csv,../network_data/subpopulations_in_progress/FA1_TNMD_Fibroblasts/FA1_TNMD_Fibroblasts_957_edgelist.csv
FA1_TNMD_Fibroblasts,2558,2103,159597,323955.3170122982,8.999376773834229,../network_data/subpopulations_in_progress/FA1_TNMD_Fibroblasts/FA1_TNMD_Fibroblasts_2558_nodelist.csv,../network_data/subpopulations_in_progress/FA1_TNMD_Fibroblasts/FA1_TNMD_Fibroblasts_2558_edgelist.csv
FA1_TNMD_Fibroblasts,2559,2413,209413,431815.45173229615,11.144515991210938,../network_data/subpopulations_in_progress/FA1_TNMD_Fibroblasts/FA1_TNMD_Fibroblasts_2559_nodelist.csv,../network_data/subpopulations_in_progress/FA1_TNMD_Fibroblasts/FA1_TNMD_Fibroblasts_2559_edgelist.csv
FA1_TNMD_Fibroblasts,1368,1528,107300,190048.06411838302,4.4608540534973145,../network_data/subpopulations_in_progress/FA1_TNMD_Fibroblasts/FA1_TNMD_Fibroblasts_1368_nodelist.csv,../network_data/subpopulations_in_progress/FA1_TNMD_Fibroblasts/FA1_TNMD_Fibroblasts_1368_edgelist.csv
FA1_TNMD_Fibroblasts,1072,2834,307589,652715.5694566735,16.153642177581787,../network_data/subpopulations_in_progress/FA1_TNMD_Fibroblasts/FA1_TNMD_Fibroblasts_1072_nodelist.csv,../network_data/subpopulations_in_progress/FA1_TNMD_Fibroblasts/FA1_TNMD_Fibroblasts_1072_edgelist.csv
FA1_TNMD_Fibroblasts,4601,2548,261675,508870.7268593778,15.848756074905396,../network_data/subpopulations_in_progress/FA1_TNMD_Fibroblasts/FA1_TNMD_Fibroblasts_4601_nodelist.csv,../network_data/subpopulations_in_progress/FA1_TNMD_Fibroblasts/FA1_TNMD_Fibroblasts_4601_edgelist.csv
FA1_TNMD_Fibroblasts,4045,3050,338464,732222.9923681361,18.96033787727356,../network_data/subpopulations_in_progress/FA1_TNMD_Fibroblasts/FA1_TNMD_Fibroblasts_4045_nodelist.csv,../network_data/subpopulations_in_progress/FA1_TNMD_Fibroblasts/FA1_TNMD_Fibroblasts_4045_edgelist.csv
FA1_TNMD_Fibroblasts,4040,1902,119699,221933.07988166195,6.796521902084351,../network_data/subpopulations_in_progress/FA1_TNMD_Fibroblasts/FA1_TNMD_Fibroblasts_4040_nodelist.csv,../network_data/subpopulations_in_progress/FA1_TNMD_Fibroblasts/FA1_TNMD_Fibroblasts_4040_edgelist.csv
FA1_TNMD_Fibroblasts,881,1788,134234,260321.89461658208,5.843063831329346,../network_data/subpopulations_in_progress/FA1_TNMD_Fibroblasts/FA1_TNMD_Fibroblasts_881_nodelist.csv,../network_data/subpopulations_in_progress/FA1_TNMD_Fibroblasts/FA1_TNMD_Fibroblasts_881_edgelist.csv
FA1_TNMD_Fibroblasts,880,1407,82188,164466.95862656023,3.930539846420288,../network_data/subpopulations_in_progress/FA1_TNMD_Fibroblasts/FA1_TNMD_Fibroblasts_880_nodelist.csv,../network_data/subpopulations_in_progress/FA1_TNMD_Fibroblasts/FA1_TNMD_Fibroblasts_880_edgelist.csv
FA1_TNMD_Fibroblasts,538,3261,407551,898143.2990938034,22.127750873565674,../network_data/subpopulations_in_progress/FA1_TNMD_Fibroblasts/FA1_TNMD_Fibroblasts_538_nodelist.csv,../network_data/subpopulations_in_progress/FA1_TNMD_Fibroblasts/FA1_TNMD_Fibroblasts_538_edgelist.csv
FA1_TNMD_Fibroblasts,602,3552,420767,922867.6286568665,28.339361906051636,../network_data/subpopulations_in_progress/FA1_TNMD_Fibroblasts/FA1_TNMD_Fibroblasts_602_nodelist.csv,../network_data/subpopulations_in_progress/FA1_TNMD_Fibroblasts/FA1_TNMD_Fibroblasts_602_edgelist.csv
FA1_TNMD_Fibroblasts,2865,1772,156639,272067.3713290068,6.684315919876099,../network_data/subpopulations_in_progress/FA1_TNMD_Fibroblasts/FA1_TNMD_Fibroblasts_2865_nodelist.csv,../network_data/subpopulations_in_progress/FA1_TNMD_Fibroblasts/FA1_TNMD_Fibroblasts_2865_edgelist.csv
FA1_TNMD_Fibroblasts,1268,4167,545313,1287843.6956546342,37.233707904815674,../network_data/subpopulations_in_progress/FA1_TNMD_Fibroblasts/FA1_TNMD_Fibroblasts_1268_nodelist.csv,../network_data/subpopulations_in_progress/FA1_TNMD_Fibroblasts/FA1_TNMD_Fibroblasts_1268_edgelist.csv
FA1_TNMD_Fibroblasts,121,2240,195260,388983.5492005894,10.328917026519775,../network_data/subpopulations_in_progress/FA1_TNMD_Fibroblasts/FA1_TNMD_Fibroblasts_121_nodelist.csv,../network_data/subpopulations_in_progress/FA1_TNMD_Fibroblasts/FA1_TNMD_Fibroblasts_121_edgelist.csv
FA1_TNMD_Fibroblasts,4688,2142,196087,350490.2335192762,9.42452597618103,../network_data/subpopulations_in_progress/FA1_TNMD_Fibroblasts/FA1_TNMD_Fibroblasts_4688_nodelist.csv,../network_data/subpopulations_in_progress/FA1_TNMD_Fibroblasts/FA1_TNMD_Fibroblasts_4688_edgelist.csv
FA1_TNMD_Fibroblasts,2405,3610,473430,1053216.4360017604,27.53819489479065,../network_data/subpopulations_in_progress/FA1_TNMD_Fibroblasts/FA1_TNMD_Fibroblasts_2405_nodelist.csv,../network_data/subpopulations_in_progress/FA1_TNMD_Fibroblasts/FA1_TNMD_Fibroblasts_2405_edgelist.csv
FA1_TNMD_Fibroblasts,124,2214,184045,365406.6165984103,9.97736120223999,../network_data/subpopulations_in_progress/FA1_TNMD_Fibroblasts/FA1_TNMD_Fibroblasts_124_nodelist.csv,../network_data/subpopulations_in_progress/FA1_TNMD_Fibroblasts/FA1_TNMD_Fibroblasts_124_edgelist.csv
FA1_TNMD_Fibroblasts,2763,3498,426675,947313.3345943089,25.721270084381104,../network_data/subpopulations_in_progress/FA1_TNMD_Fibroblasts/FA1_TNMD_Fibroblasts_2763_nodelist.csv,../network_data/subpopulations_in_progress/FA1_TNMD_Fibroblasts/FA1_TNMD_Fibroblasts_2763_edgelist.csv
FA1_TNMD_Fibroblasts,2070,3367,409325,898576.420597051,24.227261066436768,../network_data/subpopulations_in_progress/FA1_TNMD_Fibroblasts/FA1_TNMD_Fibroblasts_2070_nodelist.csv,../network_data/subpopulations_in_progress/FA1_TNMD_Fibroblasts/FA1_TNMD_Fibroblasts_2070_edgelist.csv
FA1_TNMD_Fibroblasts,2076,3913,505959,1180610.7965762867,32.39153695106506,../network_data/subpopulations_in_progress/FA1_TNMD_Fibroblasts/FA1_TNMD_Fibroblasts_2076_nodelist.csv,../network_data/subpopulations_in_progress/FA1_TNMD_Fibroblasts/FA1_TNMD_Fibroblasts_2076_edgelist.csv
FA1_TNMD_Fibroblasts,1161,3660,490832,1097826.9008843165,28.269445180892944,../network_data/subpopulations_in_progress/FA1_TNMD_Fibroblasts/FA1_TNMD_Fibroblasts_1161_nodelist.csv,../network_data/subpopulations_in_progress/FA1_TNMD_Fibroblasts/FA1_TNMD_Fibroblasts_1161_edgelist.csv
FA1_TNMD_Fibroblasts,304,1209,60077,105046.7159764513,2.77319598197937,../network_data/subpopulations_in_progress/FA1_TNMD_Fibroblasts/FA1_TNMD_Fibroblasts_304_nodelist.csv,../network_data/subpopulations_in_progress/FA1_TNMD_Fibroblasts/FA1_TNMD_Fibroblasts_304_edgelist.csv
FA1_TNMD_Fibroblasts,971,4533,641785,1572478.9594902445,44.74647498130798,../network_data/subpopulations_in_progress/FA1_TNMD_Fibroblasts/FA1_TNMD_Fibroblasts_971_nodelist.csv,../network_data/subpopulations_in_progress/FA1_TNMD_Fibroblasts/FA1_TNMD_Fibroblasts_971_edgelist.csv
FA1_TNMD_Fibroblasts,4670,1446,86961,156136.53776346738,3.797456979751587,../network_data/subpopulations_in_progress/FA1_TNMD_Fibroblasts/FA1_TNMD_Fibroblasts_4670_nodelist.csv,../network_data/subpopulations_in_progress/FA1_TNMD_Fibroblasts/FA1_TNMD_Fibroblasts_4670_edgelist.csv
FA1_TNMD_Fibroblasts,4379,3768,499989,1147335.0059759652,30.242889881134033,../network_data/subpopulations_in_progress/FA1_TNMD_Fibroblasts/FA1_TNMD_Fibroblasts_4379_nodelist.csv,../network_data/subpopulations_in_progress/FA1_TNMD_Fibroblasts/FA1_TNMD_Fibroblasts_4379_edgelist.csv
FA1_TNMD_Fibroblasts,3506,3181,368776,798875.1845279768,24.798417806625366,../network_data/subpopulations_in_progress/FA1_TNMD_Fibroblasts/FA1_TNMD_Fibroblasts_3506_nodelist.csv,../network_data/subpopulations_in_progress/FA1_TNMD_Fibroblasts/FA1_TNMD_Fibroblasts_3506_edgelist.csv
FA1_TNMD_Fibroblasts,4065,3555,434193,967458.0242582227,26.6385281085968,../network_data/subpopulations_in_progress/FA1_TNMD_Fibroblasts/FA1_TNMD_Fibroblasts_4065_nodelist.csv,../network_data/subpopulations_in_progress/FA1_TNMD_Fibroblasts/FA1_TNMD_Fibroblasts_4065_edgelist.csv
FA1_TNMD_Fibroblasts,1936,2124,177312,337841.9594520119,9.147448062896729,../network_data/subpopulations_in_progress/FA1_TNMD_Fibroblasts/FA1_TNMD_Fibroblasts_1936_nodelist.csv,../network_data/subpopulations_in_progress/FA1_TNMD_Fibroblasts/FA1_TNMD_Fibroblasts_1936_edgelist.csv
FA1_TNMD_Fibroblasts,4061,679,23577,45861.16220354171,0.8028261661529541,../network_data/subpopulations_in_progress/FA1_TNMD_Fibroblasts/FA1_TNMD_Fibroblasts_4061_nodelist.csv,../network_data/subpopulations_in_progress/FA1_TNMD_Fibroblasts/FA1_TNMD_Fibroblasts_4061_edgelist.csv
FA1_TNMD_Fibroblasts,2587,2521,262725,561100.6011950081,12.676206111907959,../network_data/subpopulations_in_progress/FA1_TNMD_Fibroblasts/FA1_TNMD_Fibroblasts_2587_nodelist.csv,../network_data/subpopulations_in_progress/FA1_TNMD_Fibroblasts/FA1_TNMD_Fibroblasts_2587_edgelist.csv
FA1_TNMD_Fibroblasts,2065,1753,141489,249976.29793586783,6.038331031799316,../network_data/subpopulations_in_progress/FA1_TNMD_Fibroblasts/FA1_TNMD_Fibroblasts_2065_nodelist.csv,../network_data/subpopulations_in_progress/FA1_TNMD_Fibroblasts/FA1_TNMD_Fibroblasts_2065_edgelist.csv
FA1_TNMD_Fibroblasts,4828,3457,422953,925399.8137950671,27.66554617881775,../network_data/subpopulations_in_progress/FA1_TNMD_Fibroblasts/FA1_TNMD_Fibroblasts_4828_nodelist.csv,../network_data/subpopulations_in_progress/FA1_TNMD_Fibroblasts/FA1_TNMD_Fibroblasts_4828_edgelist.csv
FA1_TNMD_Fibroblasts,4707,2681,259491,539982.8596097511,16.361706018447876,../network_data/subpopulations_in_progress/FA1_TNMD_Fibroblasts/FA1_TNMD_Fibroblasts_4707_nodelist.csv,../network_data/subpopulations_in_progress/FA1_TNMD_Fibroblasts/FA1_TNMD_Fibroblasts_4707_edgelist.csv
FA1_TNMD_Fibroblasts,2069,2725,292350,607847.2397699507,15.120005130767822,../network_data/subpopulations_in_progress/FA1_TNMD_Fibroblasts/FA1_TNMD_Fibroblasts_2069_nodelist.csv,../network_data/subpopulations_in_progress/FA1_TNMD_Fibroblasts/FA1_TNMD_Fibroblasts_2069_edgelist.csv
FA1_TNMD_Fibroblasts,1398,2935,297818,647173.5609004446,18.78156018257141,../network_data/subpopulations_in_progress/FA1_TNMD_Fibroblasts/FA1_TNMD_Fibroblasts_1398_nodelist.csv,../network_data/subpopulations_in_progress/FA1_TNMD_Fibroblasts/FA1_TNMD_Fibroblasts_1398_edgelist.csv
FA1_TNMD_Fibroblasts,1649,3778,488441,1089300.3765054322,35.432698011398315,../network_data/subpopulations_in_progress/FA1_TNMD_Fibroblasts/FA1_TNMD_Fibroblasts_1649_nodelist.csv,../network_data/subpopulations_in_progress/FA1_TNMD_Fibroblasts/FA1_TNMD_Fibroblasts_1649_edgelist.csv
FA1_TNMD_Fibroblasts,3612,1418,84003,152956.03720211805,3.6148087978363037,../network_data/subpopulations_in_progress/FA1_TNMD_Fibroblasts/FA1_TNMD_Fibroblasts_3612_nodelist.csv,../network_data/subpopulations_in_progress/FA1_TNMD_Fibroblasts/FA1_TNMD_Fibroblasts_3612_edgelist.csv
FA1_TNMD_Fibroblasts,3982,2004,154933,309699.86915491236,7.1488001346588135,../network_data/subpopulations_in_progress/FA1_TNMD_Fibroblasts/FA1_TNMD_Fibroblasts_3982_nodelist.csv,../network_data/subpopulations_in_progress/FA1_TNMD_Fibroblasts/FA1_TNMD_Fibroblasts_3982_edgelist.csv
FA1_TNMD_Fibroblasts,3859,1992,160133,297681.0230246235,7.670708179473877,../network_data/subpopulations_in_progress/FA1_TNMD_Fibroblasts/FA1_TNMD_Fibroblasts_3859_nodelist.csv,../network_data/subpopulations_in_progress/FA1_TNMD_Fibroblasts/FA1_TNMD_Fibroblasts_3859_edgelist.csv
FA1_TNMD_Fibroblasts,147,1558,103259,174567.08268474374,5.075905084609985,../network_data/subpopulations_in_progress/FA1_TNMD_Fibroblasts/FA1_TNMD_Fibroblasts_147_nodelist.csv,../network_data/subpopulations_in_progress/FA1_TNMD_Fibroblasts/FA1_TNMD_Fibroblasts_147_edgelist.csv
FA1_TNMD_Fibroblasts,4302,1145,71031,117644.97743721688,2.4179539680480957,../network_data/subpopulations_in_progress/FA1_TNMD_Fibroblasts/FA1_TNMD_Fibroblasts_4302_nodelist.csv,../network_data/subpopulations_in_progress/FA1_TNMD_Fibroblasts/FA1_TNMD_Fibroblasts_4302_edgelist.csv
FA1_TNMD_Fibroblasts,3592,3382,382139,879086.7105886185,23.146432876586914,../network_data/subpopulations_in_progress/FA1_TNMD_Fibroblasts/FA1_TNMD_Fibroblasts_3592_nodelist.csv,../network_data/subpopulations_in_progress/FA1_TNMD_Fibroblasts/FA1_TNMD_Fibroblasts_3592_edgelist.csv
FA1_TNMD_Fibroblasts,869,1648,114473,205970.14725792134,5.052366018295288,../network_data/subpopulations_in_progress/FA1_TNMD_Fibroblasts/FA1_TNMD_Fibroblasts_869_nodelist.csv,../network_data/subpopulations_in_progress/FA1_TNMD_Fibroblasts/FA1_TNMD_Fibroblasts_869_edgelist.csv
FA1_TNMD_Fibroblasts,3190,1260,64166,120230.68633525442,2.8461520671844482,../network_data/subpopulations_in_progress/FA1_TNMD_Fibroblasts/FA1_TNMD_Fibroblasts_3190_nodelist.csv,../network_data/subpopulations_in_progress/FA1_TNMD_Fibroblasts/FA1_TNMD_Fibroblasts_3190_edgelist.csv
FA1_TNMD_Fibroblasts,2468,2759,329784,654119.6148489417,16.400248765945435,../network_data/subpopulations_in_progress/FA1_TNMD_Fibroblasts/FA1_TNMD_Fibroblasts_2468_nodelist.csv,../network_data/subpopulations_in_progress/FA1_TNMD_Fibroblasts/FA1_TNMD_Fibroblasts_2468_edgelist.csv
FA1_TNMD_Fibroblasts,4887,816,32390,63554.5001354045,1.1312689781188965,../network_data/subpopulations_in_progress/FA1_TNMD_Fibroblasts/FA1_TNMD_Fibroblasts_4887_nodelist.csv,../network_data/subpopulations_in_progress/FA1_TNMD_Fibroblasts/FA1_TNMD_Fibroblasts_4887_edgelist.csv
