subpopulation,cell_num,num_nodes,num_edges,giulia_spatial_entropy,runtime,nodelist,edgelist
FA2_ProliferatingMuSC_P+M+,3945,2604,257070,507714.0281764564,12.609508991241455,../network_data/subpopulations_in_progress/FA2_ProliferatingMuSC_P+M+/FA2_ProliferatingMuSC_P+M+_3945_nodelist.csv,../network_data/subpopulations_in_progress/FA2_ProliferatingMuSC_P+M+/FA2_ProliferatingMuSC_P+M+_3945_edgelist.csv
FA2_ProliferatingMuSC_P+M+,4487,6174,1045467,2660397.0921983216,86.74336218833923,../network_data/subpopulations_in_progress/FA2_ProliferatingMuSC_P+M+/FA2_ProliferatingMuSC_P+M+_4487_nodelist.csv,../network_data/subpopulations_in_progress/FA2_ProliferatingMuSC_P+M+/FA2_ProliferatingMuSC_P+M+_4487_edgelist.csv
FA2_ProliferatingMuSC_P+M+,2593,418,11758,24565.444418806157,0.40463781356811523,../network_data/subpopulations_in_progress/FA2_ProliferatingMuSC_P+M+/FA2_ProliferatingMuSC_P+M+_2593_nodelist.csv,../network_data/subpopulations_in_progress/FA2_ProliferatingMuSC_P+M+/FA2_ProliferatingMuSC_P+M+_2593_edgelist.csv
FA2_ProliferatingMuSC_P+M+,2359,2481,255657,511585.0760402963,12.294654130935669,../network_data/subpopulations_in_progress/FA2_ProliferatingMuSC_P+M+/FA2_ProliferatingMuSC_P+M+_2359_nodelist.csv,../network_data/subpopulations_in_progress/FA2_ProliferatingMuSC_P+M+/FA2_ProliferatingMuSC_P+M+_2359_edgelist.csv
FA2_ProliferatingMuSC_P+M+,1649,1247,60138,125422.6281384981,2.5324199199676514,../network_data/subpopulations_in_progress/FA2_ProliferatingMuSC_P+M+/FA2_ProliferatingMuSC_P+M+_1649_nodelist.csv,../network_data/subpopulations_in_progress/FA2_ProliferatingMuSC_P+M+/FA2_ProliferatingMuSC_P+M+_1649_edgelist.csv
FA2_ProliferatingMuSC_P+M+,2517,1079,65969,93835.17508657982,2.2169711589813232,../network_data/subpopulations_in_progress/FA2_ProliferatingMuSC_P+M+/FA2_ProliferatingMuSC_P+M+_2517_nodelist.csv,../network_data/subpopulations_in_progress/FA2_ProliferatingMuSC_P+M+/FA2_ProliferatingMuSC_P+M+_2517_edgelist.csv
FA2_ProliferatingMuSC_P+M+,2515,3570,429674,1004179.4202314989,26.246160984039307,../network_data/subpopulations_in_progress/FA2_ProliferatingMuSC_P+M+/FA2_ProliferatingMuSC_P+M+_2515_nodelist.csv,../network_data/subpopulations_in_progress/FA2_ProliferatingMuSC_P+M+/FA2_ProliferatingMuSC_P+M+_2515_edgelist.csv
FA2_ProliferatingMuSC_P+M+,1002,998,41350,87424.39884690267,1.7331628799438477,../network_data/subpopulations_in_progress/FA2_ProliferatingMuSC_P+M+/FA2_ProliferatingMuSC_P+M+_1002_nodelist.csv,../network_data/subpopulations_in_progress/FA2_ProliferatingMuSC_P+M+/FA2_ProliferatingMuSC_P+M+_1002_edgelist.csv
FA2_ProliferatingMuSC_P+M+,2725,2519,249896,560650.1891286368,13.276664018630981,../network_data/subpopulations_in_progress/FA2_ProliferatingMuSC_P+M+/FA2_ProliferatingMuSC_P+M+_2725_nodelist.csv,../network_data/subpopulations_in_progress/FA2_ProliferatingMuSC_P+M+/FA2_ProliferatingMuSC_P+M+_2725_edgelist.csv
FA2_ProliferatingMuSC_P+M+,4580,1927,154031,276568.02157820744,7.576183080673218,../network_data/subpopulations_in_progress/FA2_ProliferatingMuSC_P+M+/FA2_ProliferatingMuSC_P+M+_4580_nodelist.csv,../network_data/subpopulations_in_progress/FA2_ProliferatingMuSC_P+M+/FA2_ProliferatingMuSC_P+M+_4580_edgelist.csv
FA2_ProliferatingMuSC_P+M+,355,844,35261,56981.225481435475,1.4818849563598633,../network_data/subpopulations_in_progress/FA2_ProliferatingMuSC_P+M+/FA2_ProliferatingMuSC_P+M+_355_nodelist.csv,../network_data/subpopulations_in_progress/FA2_ProliferatingMuSC_P+M+/FA2_ProliferatingMuSC_P+M+_355_edgelist.csv
FA2_ProliferatingMuSC_P+M+,316,2821,279031,615989.5456801413,16.220687866210938,../network_data/subpopulations_in_progress/FA2_ProliferatingMuSC_P+M+/FA2_ProliferatingMuSC_P+M+_316_nodelist.csv,../network_data/subpopulations_in_progress/FA2_ProliferatingMuSC_P+M+/FA2_ProliferatingMuSC_P+M+_316_edgelist.csv
FA2_ProliferatingMuSC_P+M+,2786,5670,976134,2444697.678149828,68.80683898925781,../network_data/subpopulations_in_progress/FA2_ProliferatingMuSC_P+M+/FA2_ProliferatingMuSC_P+M+_2786_nodelist.csv,../network_data/subpopulations_in_progress/FA2_ProliferatingMuSC_P+M+/FA2_ProliferatingMuSC_P+M+_2786_edgelist.csv
FA2_ProliferatingMuSC_P+M+,1598,2611,248853,556365.9362864911,14.161672115325928,../network_data/subpopulations_in_progress/FA2_ProliferatingMuSC_P+M+/FA2_ProliferatingMuSC_P+M+_1598_nodelist.csv,../network_data/subpopulations_in_progress/FA2_ProliferatingMuSC_P+M+/FA2_ProliferatingMuSC_P+M+_1598_edgelist.csv
FA2_ProliferatingMuSC_P+M+,1901,4644,723474,1659692.3773637288,44.92583394050598,../network_data/subpopulations_in_progress/FA2_ProliferatingMuSC_P+M+/FA2_ProliferatingMuSC_P+M+_1901_nodelist.csv,../network_data/subpopulations_in_progress/FA2_ProliferatingMuSC_P+M+/FA2_ProliferatingMuSC_P+M+_1901_edgelist.csv
FA2_ProliferatingMuSC_P+M+,1849,3708,491257,1082751.0948806726,30.995280981063843,../network_data/subpopulations_in_progress/FA2_ProliferatingMuSC_P+M+/FA2_ProliferatingMuSC_P+M+_1849_nodelist.csv,../network_data/subpopulations_in_progress/FA2_ProliferatingMuSC_P+M+/FA2_ProliferatingMuSC_P+M+_1849_edgelist.csv
FA2_ProliferatingMuSC_P+M+,3670,2218,221913,410910.96483135317,10.82591986656189,../network_data/subpopulations_in_progress/FA2_ProliferatingMuSC_P+M+/FA2_ProliferatingMuSC_P+M+_3670_nodelist.csv,../network_data/subpopulations_in_progress/FA2_ProliferatingMuSC_P+M+/FA2_ProliferatingMuSC_P+M+_3670_edgelist.csv
FA2_ProliferatingMuSC_P+M+,3998,3016,391297,826037.6165129207,20.47111701965332,../network_data/subpopulations_in_progress/FA2_ProliferatingMuSC_P+M+/FA2_ProliferatingMuSC_P+M+_3998_nodelist.csv,../network_data/subpopulations_in_progress/FA2_ProliferatingMuSC_P+M+/FA2_ProliferatingMuSC_P+M+_3998_edgelist.csv
FA2_ProliferatingMuSC_P+M+,2750,3371,430305,902604.8830187577,24.225693941116333,../network_data/subpopulations_in_progress/FA2_ProliferatingMuSC_P+M+/FA2_ProliferatingMuSC_P+M+_2750_nodelist.csv,../network_data/subpopulations_in_progress/FA2_ProliferatingMuSC_P+M+/FA2_ProliferatingMuSC_P+M+_2750_edgelist.csv
FA2_ProliferatingMuSC_P+M+,1172,1078,55065,111582.43694490714,2.036566972732544,../network_data/subpopulations_in_progress/FA2_ProliferatingMuSC_P+M+/FA2_ProliferatingMuSC_P+M+_1172_nodelist.csv,../network_data/subpopulations_in_progress/FA2_ProliferatingMuSC_P+M+/FA2_ProliferatingMuSC_P+M+_1172_edgelist.csv
FA2_ProliferatingMuSC_P+M+,2758,1684,131717,234621.14645192097,5.382189989089966,../network_data/subpopulations_in_progress/FA2_ProliferatingMuSC_P+M+/FA2_ProliferatingMuSC_P+M+_2758_nodelist.csv,../network_data/subpopulations_in_progress/FA2_ProliferatingMuSC_P+M+/FA2_ProliferatingMuSC_P+M+_2758_edgelist.csv
FA2_ProliferatingMuSC_P+M+,2115,1820,155312,284130.5442577977,6.350082874298096,../network_data/subpopulations_in_progress/FA2_ProliferatingMuSC_P+M+/FA2_ProliferatingMuSC_P+M+_2115_nodelist.csv,../network_data/subpopulations_in_progress/FA2_ProliferatingMuSC_P+M+/FA2_ProliferatingMuSC_P+M+_2115_edgelist.csv
