subpopulation,cell_num,num_nodes,num_edges,giulia_spatial_entropy,runtime,nodelist,edgelist
FA3_CD28_Tcells,2703,1927,143649,271248.30798609677,7.629587173461914,../network_data/subpopulations_in_progress/FA3_CD28_Tcells/FA3_CD28_Tcells_2703_nodelist.csv,../network_data/subpopulations_in_progress/FA3_CD28_Tcells/FA3_CD28_Tcells_2703_edgelist.csv
FA3_CD28_Tcells,4535,838,40496,69628.671912044927,1.39375901222229,../network_data/subpopulations_in_progress/FA3_CD28_Tcells/FA3_CD28_Tcells_4535_nodelist.csv,../network_data/subpopulations_in_progress/FA3_CD28_Tcells/FA3_CD28_Tcells_4535_edgelist.csv
FA3_CD28_Tcells,2798,1126,59148,108205.0319862316,2.563577890396118,../network_data/subpopulations_in_progress/FA3_CD28_Tcells/FA3_CD28_Tcells_2798_nodelist.csv,../network_data/subpopulations_in_progress/FA3_CD28_Tcells/FA3_CD28_Tcells_2798_edgelist.csv
FA3_CD28_Tcells,2384,1683,122193,213074.00417762226,5.792474985122681,../network_data/subpopulations_in_progress/FA3_CD28_Tcells/FA3_CD28_Tcells_2384_nodelist.csv,../network_data/subpopulations_in_progress/FA3_CD28_Tcells/FA3_CD28_Tcells_2384_edgelist.csv
FA3_CD28_Tcells,2253,1282,76008,134983.66296402086,3.4651730060577393,../network_data/subpopulations_in_progress/FA3_CD28_Tcells/FA3_CD28_Tcells_2253_nodelist.csv,../network_data/subpopulations_in_progress/FA3_CD28_Tcells/FA3_CD28_Tcells_2253_edgelist.csv
FA3_CD28_Tcells,6588,1123,54993,97715.696940599242,2.5099620819091797,../network_data/subpopulations_in_progress/FA3_CD28_Tcells/FA3_CD28_Tcells_6588_nodelist.csv,../network_data/subpopulations_in_progress/FA3_CD28_Tcells/FA3_CD28_Tcells_6588_edgelist.csv
FA3_CD28_Tcells,915,1089,61763,103334.58623544111,2.3672280311584473,../network_data/subpopulations_in_progress/FA3_CD28_Tcells/FA3_CD28_Tcells_915_nodelist.csv,../network_data/subpopulations_in_progress/FA3_CD28_Tcells/FA3_CD28_Tcells_915_edgelist.csv
FA3_CD28_Tcells,4667,664,22516,38106.985699662349,0.850409984588623,../network_data/subpopulations_in_progress/FA3_CD28_Tcells/FA3_CD28_Tcells_4667_nodelist.csv,../network_data/subpopulations_in_progress/FA3_CD28_Tcells/FA3_CD28_Tcells_4667_edgelist.csv
FA3_CD28_Tcells,3154,1264,76415,132896.62394247923,3.255117893218994,../network_data/subpopulations_in_progress/FA3_CD28_Tcells/FA3_CD28_Tcells_3154_nodelist.csv,../network_data/subpopulations_in_progress/FA3_CD28_Tcells/FA3_CD28_Tcells_3154_edgelist.csv
FA3_CD28_Tcells,2373,1423,82767,152213.0366692227,3.953503131866455,../network_data/subpopulations_in_progress/FA3_CD28_Tcells/FA3_CD28_Tcells_2373_nodelist.csv,../network_data/subpopulations_in_progress/FA3_CD28_Tcells/FA3_CD28_Tcells_2373_edgelist.csv
FA3_CD28_Tcells,6243,1247,68521,120307.57704695252,3.0703330039978027,../network_data/subpopulations_in_progress/FA3_CD28_Tcells/FA3_CD28_Tcells_6243_nodelist.csv,../network_data/subpopulations_in_progress/FA3_CD28_Tcells/FA3_CD28_Tcells_6243_edgelist.csv
FA3_CD28_Tcells,2475,1183,62137,108934.74744908442,2.7331960201263428,../network_data/subpopulations_in_progress/FA3_CD28_Tcells/FA3_CD28_Tcells_2475_nodelist.csv,../network_data/subpopulations_in_progress/FA3_CD28_Tcells/FA3_CD28_Tcells_2475_edgelist.csv
FA3_CD28_Tcells,6245,1306,79226,138521.97987783895,3.413896083831787,../network_data/subpopulations_in_progress/FA3_CD28_Tcells/FA3_CD28_Tcells_6245_nodelist.csv,../network_data/subpopulations_in_progress/FA3_CD28_Tcells/FA3_CD28_Tcells_6245_edgelist.csv
FA3_CD28_Tcells,6929,1515,97870,217080.04218130227,4.612715005874634,../network_data/subpopulations_in_progress/FA3_CD28_Tcells/FA3_CD28_Tcells_6929_nodelist.csv,../network_data/subpopulations_in_progress/FA3_CD28_Tcells/FA3_CD28_Tcells_6929_edgelist.csv
FA3_CD28_Tcells,263,427,9137,14442.312861335649,0.3404860496520996,../network_data/subpopulations_in_progress/FA3_CD28_Tcells/FA3_CD28_Tcells_263_nodelist.csv,../network_data/subpopulations_in_progress/FA3_CD28_Tcells/FA3_CD28_Tcells_263_edgelist.csv
FA3_CD28_Tcells,481,1365,80821,142153.20555389216,3.6721179485321045,../network_data/subpopulations_in_progress/FA3_CD28_Tcells/FA3_CD28_Tcells_481_nodelist.csv,../network_data/subpopulations_in_progress/FA3_CD28_Tcells/FA3_CD28_Tcells_481_edgelist.csv
FA3_CD28_Tcells,1250,1219,64992,118585.67006316729,3.0594539642333984,../network_data/subpopulations_in_progress/FA3_CD28_Tcells/FA3_CD28_Tcells_1250_nodelist.csv,../network_data/subpopulations_in_progress/FA3_CD28_Tcells/FA3_CD28_Tcells_1250_edgelist.csv
FA3_CD28_Tcells,3420,1185,68918,118009.52623329601,2.739542007446289,../network_data/subpopulations_in_progress/FA3_CD28_Tcells/FA3_CD28_Tcells_3420_nodelist.csv,../network_data/subpopulations_in_progress/FA3_CD28_Tcells/FA3_CD28_Tcells_3420_edgelist.csv
FA3_CD28_Tcells,3784,1383,84696,149754.60966093381,3.7545251846313477,../network_data/subpopulations_in_progress/FA3_CD28_Tcells/FA3_CD28_Tcells_3784_nodelist.csv,../network_data/subpopulations_in_progress/FA3_CD28_Tcells/FA3_CD28_Tcells_3784_edgelist.csv
FA3_CD28_Tcells,330,1592,106045,196049.31040720307,5.351666212081909,../network_data/subpopulations_in_progress/FA3_CD28_Tcells/FA3_CD28_Tcells_330_nodelist.csv,../network_data/subpopulations_in_progress/FA3_CD28_Tcells/FA3_CD28_Tcells_330_edgelist.csv
FA3_CD28_Tcells,331,2439,242087,461103.90385639429,12.70029091835022,../network_data/subpopulations_in_progress/FA3_CD28_Tcells/FA3_CD28_Tcells_331_nodelist.csv,../network_data/subpopulations_in_progress/FA3_CD28_Tcells/FA3_CD28_Tcells_331_edgelist.csv
FA3_CD28_Tcells,6830,1062,50731,84434.157911470291,2.1686809062957764,../network_data/subpopulations_in_progress/FA3_CD28_Tcells/FA3_CD28_Tcells_6830_nodelist.csv,../network_data/subpopulations_in_progress/FA3_CD28_Tcells/FA3_CD28_Tcells_6830_edgelist.csv
FA3_CD28_Tcells,1297,1217,66831,112712.65986820612,2.8585660457611084,../network_data/subpopulations_in_progress/FA3_CD28_Tcells/FA3_CD28_Tcells_1297_nodelist.csv,../network_data/subpopulations_in_progress/FA3_CD28_Tcells/FA3_CD28_Tcells_1297_edgelist.csv
FA3_CD28_Tcells,3236,1027,50913,88378.958188296587,2.1070520877838135,../network_data/subpopulations_in_progress/FA3_CD28_Tcells/FA3_CD28_Tcells_3236_nodelist.csv,../network_data/subpopulations_in_progress/FA3_CD28_Tcells/FA3_CD28_Tcells_3236_edgelist.csv
FA3_CD28_Tcells,1293,982,49195,85882.957777670308,1.8369991779327393,../network_data/subpopulations_in_progress/FA3_CD28_Tcells/FA3_CD28_Tcells_1293_nodelist.csv,../network_data/subpopulations_in_progress/FA3_CD28_Tcells/FA3_CD28_Tcells_1293_edgelist.csv
FA3_CD28_Tcells,2123,1375,85493,150442.01304327569,3.7878260612487793,../network_data/subpopulations_in_progress/FA3_CD28_Tcells/FA3_CD28_Tcells_2123_nodelist.csv,../network_data/subpopulations_in_progress/FA3_CD28_Tcells/FA3_CD28_Tcells_2123_edgelist.csv
FA3_CD28_Tcells,787,2293,190296,366234.12966539979,10.855549097061157,../network_data/subpopulations_in_progress/FA3_CD28_Tcells/FA3_CD28_Tcells_787_nodelist.csv,../network_data/subpopulations_in_progress/FA3_CD28_Tcells/FA3_CD28_Tcells_787_edgelist.csv
FA3_CD28_Tcells,2410,1740,121092,220521.28619468655,6.168166875839233,../network_data/subpopulations_in_progress/FA3_CD28_Tcells/FA3_CD28_Tcells_2410_nodelist.csv,../network_data/subpopulations_in_progress/FA3_CD28_Tcells/FA3_CD28_Tcells_2410_edgelist.csv
FA3_CD28_Tcells,5731,1787,123293,228248.3815235121,6.896721124649048,../network_data/subpopulations_in_progress/FA3_CD28_Tcells/FA3_CD28_Tcells_5731_nodelist.csv,../network_data/subpopulations_in_progress/FA3_CD28_Tcells/FA3_CD28_Tcells_5731_edgelist.csv
FA3_CD28_Tcells,6592,1333,84060,147943.16988309519,3.741205930709839,../network_data/subpopulations_in_progress/FA3_CD28_Tcells/FA3_CD28_Tcells_6592_nodelist.csv,../network_data/subpopulations_in_progress/FA3_CD28_Tcells/FA3_CD28_Tcells_6592_edgelist.csv
FA3_CD28_Tcells,1579,757,31493,49300.708746355333,1.0795409679412842,../network_data/subpopulations_in_progress/FA3_CD28_Tcells/FA3_CD28_Tcells_1579_nodelist.csv,../network_data/subpopulations_in_progress/FA3_CD28_Tcells/FA3_CD28_Tcells_1579_edgelist.csv
FA3_CD28_Tcells,5987,1206,71030,125416.24493802057,2.819488048553467,../network_data/subpopulations_in_progress/FA3_CD28_Tcells/FA3_CD28_Tcells_5987_nodelist.csv,../network_data/subpopulations_in_progress/FA3_CD28_Tcells/FA3_CD28_Tcells_5987_edgelist.csv
FA3_CD28_Tcells,2305,1400,84424,150797.63008744642,3.8623690605163574,../network_data/subpopulations_in_progress/FA3_CD28_Tcells/FA3_CD28_Tcells_2305_nodelist.csv,../network_data/subpopulations_in_progress/FA3_CD28_Tcells/FA3_CD28_Tcells_2305_edgelist.csv
FA3_CD28_Tcells,7207,1257,66089,115336.22516859551,3.077111005783081,../network_data/subpopulations_in_progress/FA3_CD28_Tcells/FA3_CD28_Tcells_7207_nodelist.csv,../network_data/subpopulations_in_progress/FA3_CD28_Tcells/FA3_CD28_Tcells_7207_edgelist.csv
FA3_CD28_Tcells,5034,1029,51605,88008.137424704866,2.1134889125823975,../network_data/subpopulations_in_progress/FA3_CD28_Tcells/FA3_CD28_Tcells_5034_nodelist.csv,../network_data/subpopulations_in_progress/FA3_CD28_Tcells/FA3_CD28_Tcells_5034_edgelist.csv
FA3_CD28_Tcells,3380,2032,171142,332447.02594261582,8.104881048202515,../network_data/subpopulations_in_progress/FA3_CD28_Tcells/FA3_CD28_Tcells_3380_nodelist.csv,../network_data/subpopulations_in_progress/FA3_CD28_Tcells/FA3_CD28_Tcells_3380_edgelist.csv
FA3_CD28_Tcells,2096,2261,190662,412933.754557974,10.717985153198242,../network_data/subpopulations_in_progress/FA3_CD28_Tcells/FA3_CD28_Tcells_2096_nodelist.csv,../network_data/subpopulations_in_progress/FA3_CD28_Tcells/FA3_CD28_Tcells_2096_edgelist.csv
FA3_CD28_Tcells,1494,595,19936,39261.486865241823,0.6733708381652832,../network_data/subpopulations_in_progress/FA3_CD28_Tcells/FA3_CD28_Tcells_1494_nodelist.csv,../network_data/subpopulations_in_progress/FA3_CD28_Tcells/FA3_CD28_Tcells_1494_edgelist.csv
FA3_CD28_Tcells,602,2114,168076,319671.71640673553,9.258032083511353,../network_data/subpopulations_in_progress/FA3_CD28_Tcells/FA3_CD28_Tcells_602_nodelist.csv,../network_data/subpopulations_in_progress/FA3_CD28_Tcells/FA3_CD28_Tcells_602_edgelist.csv
FA3_CD28_Tcells,6903,1245,80655,129455.23948119397,3.1259469985961914,../network_data/subpopulations_in_progress/FA3_CD28_Tcells/FA3_CD28_Tcells_6903_nodelist.csv,../network_data/subpopulations_in_progress/FA3_CD28_Tcells/FA3_CD28_Tcells_6903_edgelist.csv
FA3_CD28_Tcells,5955,1276,70486,131493.02568243319,3.158068895339966,../network_data/subpopulations_in_progress/FA3_CD28_Tcells/FA3_CD28_Tcells_5955_nodelist.csv,../network_data/subpopulations_in_progress/FA3_CD28_Tcells/FA3_CD28_Tcells_5955_edgelist.csv
FA3_CD28_Tcells,1855,4302,547102,1330005.2872634009,38.6493980884552,../network_data/subpopulations_in_progress/FA3_CD28_Tcells/FA3_CD28_Tcells_1855_nodelist.csv,../network_data/subpopulations_in_progress/FA3_CD28_Tcells/FA3_CD28_Tcells_1855_edgelist.csv
FA3_CD28_Tcells,2137,943,41307,70584.956423164971,1.6473040580749512,../network_data/subpopulations_in_progress/FA3_CD28_Tcells/FA3_CD28_Tcells_2137_nodelist.csv,../network_data/subpopulations_in_progress/FA3_CD28_Tcells/FA3_CD28_Tcells_2137_edgelist.csv
FA3_CD28_Tcells,6190,1185,62407,106804.35821162121,2.7029080390930176,../network_data/subpopulations_in_progress/FA3_CD28_Tcells/FA3_CD28_Tcells_6190_nodelist.csv,../network_data/subpopulations_in_progress/FA3_CD28_Tcells/FA3_CD28_Tcells_6190_edgelist.csv
FA3_CD28_Tcells,6043,1237,75941,123100.96799966173,3.059692859649658,../network_data/subpopulations_in_progress/FA3_CD28_Tcells/FA3_CD28_Tcells_6043_nodelist.csv,../network_data/subpopulations_in_progress/FA3_CD28_Tcells/FA3_CD28_Tcells_6043_edgelist.csv
FA3_CD28_Tcells,5090,1434,91444,163380.14200234259,4.137616872787476,../network_data/subpopulations_in_progress/FA3_CD28_Tcells/FA3_CD28_Tcells_5090_nodelist.csv,../network_data/subpopulations_in_progress/FA3_CD28_Tcells/FA3_CD28_Tcells_5090_edgelist.csv
FA3_CD28_Tcells,5489,1327,84232,144225.49211557637,3.762566089630127,../network_data/subpopulations_in_progress/FA3_CD28_Tcells/FA3_CD28_Tcells_5489_nodelist.csv,../network_data/subpopulations_in_progress/FA3_CD28_Tcells/FA3_CD28_Tcells_5489_edgelist.csv
FA3_CD28_Tcells,7052,1833,130121,244458.23658193523,6.778078079223633,../network_data/subpopulations_in_progress/FA3_CD28_Tcells/FA3_CD28_Tcells_7052_nodelist.csv,../network_data/subpopulations_in_progress/FA3_CD28_Tcells/FA3_CD28_Tcells_7052_edgelist.csv
FA3_CD28_Tcells,4432,1838,135950,273005.15875036869,6.84943699836731,../network_data/subpopulations_in_progress/FA3_CD28_Tcells/FA3_CD28_Tcells_4432_nodelist.csv,../network_data/subpopulations_in_progress/FA3_CD28_Tcells/FA3_CD28_Tcells_4432_edgelist.csv
FA3_CD28_Tcells,3290,1371,86758,146596.99184844518,3.7225890159606934,../network_data/subpopulations_in_progress/FA3_CD28_Tcells/FA3_CD28_Tcells_3290_nodelist.csv,../network_data/subpopulations_in_progress/FA3_CD28_Tcells/FA3_CD28_Tcells_3290_edgelist.csv
FA3_CD28_Tcells,1583,1429,87260,154310.07374814581,4.248857021331787,../network_data/subpopulations_in_progress/FA3_CD28_Tcells/FA3_CD28_Tcells_1583_nodelist.csv,../network_data/subpopulations_in_progress/FA3_CD28_Tcells/FA3_CD28_Tcells_1583_edgelist.csv
FA3_CD28_Tcells,3025,1198,62680,108223.41981141525,2.739880084991455,../network_data/subpopulations_in_progress/FA3_CD28_Tcells/FA3_CD28_Tcells_3025_nodelist.csv,../network_data/subpopulations_in_progress/FA3_CD28_Tcells/FA3_CD28_Tcells_3025_edgelist.csv
FA3_CD28_Tcells,3927,1585,105230,192625.37815853578,5.081054925918579,../network_data/subpopulations_in_progress/FA3_CD28_Tcells/FA3_CD28_Tcells_3927_nodelist.csv,../network_data/subpopulations_in_progress/FA3_CD28_Tcells/FA3_CD28_Tcells_3927_edgelist.csv
FA3_CD28_Tcells,4534,1156,64641,109365.67371352902,2.595449924468994,../network_data/subpopulations_in_progress/FA3_CD28_Tcells/FA3_CD28_Tcells_4534_nodelist.csv,../network_data/subpopulations_in_progress/FA3_CD28_Tcells/FA3_CD28_Tcells_4534_edgelist.csv
FA3_CD28_Tcells,810,1542,108576,201767.10764236594,4.768288850784302,../network_data/subpopulations_in_progress/FA3_CD28_Tcells/FA3_CD28_Tcells_810_nodelist.csv,../network_data/subpopulations_in_progress/FA3_CD28_Tcells/FA3_CD28_Tcells_810_edgelist.csv
FA3_CD28_Tcells,185,1257,66544,113079.73910478632,3.064518928527832,../network_data/subpopulations_in_progress/FA3_CD28_Tcells/FA3_CD28_Tcells_185_nodelist.csv,../network_data/subpopulations_in_progress/FA3_CD28_Tcells/FA3_CD28_Tcells_185_edgelist.csv
FA3_CD28_Tcells,3643,1018,49544,86141.928884717854,1.959252119064331,../network_data/subpopulations_in_progress/FA3_CD28_Tcells/FA3_CD28_Tcells_3643_nodelist.csv,../network_data/subpopulations_in_progress/FA3_CD28_Tcells/FA3_CD28_Tcells_3643_edgelist.csv
FA3_CD28_Tcells,1188,906,39493,68173.150933487996,1.5104470252990723,../network_data/subpopulations_in_progress/FA3_CD28_Tcells/FA3_CD28_Tcells_1188_nodelist.csv,../network_data/subpopulations_in_progress/FA3_CD28_Tcells/FA3_CD28_Tcells_1188_edgelist.csv
FA3_CD28_Tcells,1986,1560,104976,188274.64660241475,4.832696914672852,../network_data/subpopulations_in_progress/FA3_CD28_Tcells/FA3_CD28_Tcells_1986_nodelist.csv,../network_data/subpopulations_in_progress/FA3_CD28_Tcells/FA3_CD28_Tcells_1986_edgelist.csv
FA3_CD28_Tcells,2538,1167,62989,106451.72381530196,2.630913019180298,../network_data/subpopulations_in_progress/FA3_CD28_Tcells/FA3_CD28_Tcells_2538_nodelist.csv,../network_data/subpopulations_in_progress/FA3_CD28_Tcells/FA3_CD28_Tcells_2538_edgelist.csv
FA3_CD28_Tcells,646,2828,273847,548382.24253988534,17.05319309234619,../network_data/subpopulations_in_progress/FA3_CD28_Tcells/FA3_CD28_Tcells_646_nodelist.csv,../network_data/subpopulations_in_progress/FA3_CD28_Tcells/FA3_CD28_Tcells_646_edgelist.csv
FA3_CD28_Tcells,1711,1087,55908,102639.29920499066,2.234869956970215,../network_data/subpopulations_in_progress/FA3_CD28_Tcells/FA3_CD28_Tcells_1711_nodelist.csv,../network_data/subpopulations_in_progress/FA3_CD28_Tcells/FA3_CD28_Tcells_1711_edgelist.csv
FA3_CD28_Tcells,5627,1428,87766,153452.90946755387,4.0583531856536865,../network_data/subpopulations_in_progress/FA3_CD28_Tcells/FA3_CD28_Tcells_5627_nodelist.csv,../network_data/subpopulations_in_progress/FA3_CD28_Tcells/FA3_CD28_Tcells_5627_edgelist.csv
FA3_CD28_Tcells,2827,1268,68986,119264.30464700023,3.1239359378814697,../network_data/subpopulations_in_progress/FA3_CD28_Tcells/FA3_CD28_Tcells_2827_nodelist.csv,../network_data/subpopulations_in_progress/FA3_CD28_Tcells/FA3_CD28_Tcells_2827_edgelist.csv
FA3_CD28_Tcells,79,1938,149534,279133.46855800581,8.185943126678467,../network_data/subpopulations_in_progress/FA3_CD28_Tcells/FA3_CD28_Tcells_79_nodelist.csv,../network_data/subpopulations_in_progress/FA3_CD28_Tcells/FA3_CD28_Tcells_79_edgelist.csv
FA3_CD28_Tcells,6855,1719,111513,198187.34902588386,5.862149953842163,../network_data/subpopulations_in_progress/FA3_CD28_Tcells/FA3_CD28_Tcells_6855_nodelist.csv,../network_data/subpopulations_in_progress/FA3_CD28_Tcells/FA3_CD28_Tcells_6855_edgelist.csv
FA3_CD28_Tcells,4319,1370,86871,151301.16770316102,3.726686954498291,../network_data/subpopulations_in_progress/FA3_CD28_Tcells/FA3_CD28_Tcells_4319_nodelist.csv,../network_data/subpopulations_in_progress/FA3_CD28_Tcells/FA3_CD28_Tcells_4319_edgelist.csv
FA3_CD28_Tcells,76,2439,198636,391828.58524163259,12.34387993812561,../network_data/subpopulations_in_progress/FA3_CD28_Tcells/FA3_CD28_Tcells_76_nodelist.csv,../network_data/subpopulations_in_progress/FA3_CD28_Tcells/FA3_CD28_Tcells_76_edgelist.csv
FA3_CD28_Tcells,3043,4451,621199,1481653.7868973799,38.23734402656555,../network_data/subpopulations_in_progress/FA3_CD28_Tcells/FA3_CD28_Tcells_3043_nodelist.csv,../network_data/subpopulations_in_progress/FA3_CD28_Tcells/FA3_CD28_Tcells_3043_edgelist.csv
FA3_CD28_Tcells,6737,1111,61305,105754.0571059553,2.37748384475708,../network_data/subpopulations_in_progress/FA3_CD28_Tcells/FA3_CD28_Tcells_6737_nodelist.csv,../network_data/subpopulations_in_progress/FA3_CD28_Tcells/FA3_CD28_Tcells_6737_edgelist.csv
FA3_CD28_Tcells,5406,1126,59286,108699.28876479983,2.4327168464660645,../network_data/subpopulations_in_progress/FA3_CD28_Tcells/FA3_CD28_Tcells_5406_nodelist.csv,../network_data/subpopulations_in_progress/FA3_CD28_Tcells/FA3_CD28_Tcells_5406_edgelist.csv
FA3_CD28_Tcells,5402,1570,99562,191390.70179566476,4.963388919830322,../network_data/subpopulations_in_progress/FA3_CD28_Tcells/FA3_CD28_Tcells_5402_nodelist.csv,../network_data/subpopulations_in_progress/FA3_CD28_Tcells/FA3_CD28_Tcells_5402_edgelist.csv
FA3_CD28_Tcells,5319,977,47856,82035.955942385714,1.820707082748413,../network_data/subpopulations_in_progress/FA3_CD28_Tcells/FA3_CD28_Tcells_5319_nodelist.csv,../network_data/subpopulations_in_progress/FA3_CD28_Tcells/FA3_CD28_Tcells_5319_edgelist.csv
FA3_CD28_Tcells,354,1226,64776,108670.42532335645,2.9538040161132812,../network_data/subpopulations_in_progress/FA3_CD28_Tcells/FA3_CD28_Tcells_354_nodelist.csv,../network_data/subpopulations_in_progress/FA3_CD28_Tcells/FA3_CD28_Tcells_354_edgelist.csv
FA3_CD28_Tcells,4366,1144,63855,109313.65523103552,2.5810840129852295,../network_data/subpopulations_in_progress/FA3_CD28_Tcells/FA3_CD28_Tcells_4366_nodelist.csv,../network_data/subpopulations_in_progress/FA3_CD28_Tcells/FA3_CD28_Tcells_4366_edgelist.csv
FA3_CD28_Tcells,2996,1077,55939,94069.028278360449,2.2219581604003906,../network_data/subpopulations_in_progress/FA3_CD28_Tcells/FA3_CD28_Tcells_2996_nodelist.csv,../network_data/subpopulations_in_progress/FA3_CD28_Tcells/FA3_CD28_Tcells_2996_edgelist.csv
FA3_CD28_Tcells,200,1862,138035,261826.05981166975,7.052457094192505,../network_data/subpopulations_in_progress/FA3_CD28_Tcells/FA3_CD28_Tcells_200_nodelist.csv,../network_data/subpopulations_in_progress/FA3_CD28_Tcells/FA3_CD28_Tcells_200_edgelist.csv
FA3_CD28_Tcells,2741,1089,54545,96545.172507487339,2.2351441383361816,../network_data/subpopulations_in_progress/FA3_CD28_Tcells/FA3_CD28_Tcells_2741_nodelist.csv,../network_data/subpopulations_in_progress/FA3_CD28_Tcells/FA3_CD28_Tcells_2741_edgelist.csv
FA3_CD28_Tcells,5862,1089,55268,91879.71570703917,2.4496841430664062,../network_data/subpopulations_in_progress/FA3_CD28_Tcells/FA3_CD28_Tcells_5862_nodelist.csv,../network_data/subpopulations_in_progress/FA3_CD28_Tcells/FA3_CD28_Tcells_5862_edgelist.csv
FA3_CD28_Tcells,6665,1198,60106,114521.23715262421,2.69691801071167,../network_data/subpopulations_in_progress/FA3_CD28_Tcells/FA3_CD28_Tcells_6665_nodelist.csv,../network_data/subpopulations_in_progress/FA3_CD28_Tcells/FA3_CD28_Tcells_6665_edgelist.csv
FA3_CD28_Tcells,2503,1525,98227,181055.75382112697,4.608824014663696,../network_data/subpopulations_in_progress/FA3_CD28_Tcells/FA3_CD28_Tcells_2503_nodelist.csv,../network_data/subpopulations_in_progress/FA3_CD28_Tcells/FA3_CD28_Tcells_2503_edgelist.csv
FA3_CD28_Tcells,2345,1392,85975,166203.58517511713,3.859874963760376,../network_data/subpopulations_in_progress/FA3_CD28_Tcells/FA3_CD28_Tcells_2345_nodelist.csv,../network_data/subpopulations_in_progress/FA3_CD28_Tcells/FA3_CD28_Tcells_2345_edgelist.csv
FA3_CD28_Tcells,7559,1125,59998,101341.66950493109,2.6609480381011963,../network_data/subpopulations_in_progress/FA3_CD28_Tcells/FA3_CD28_Tcells_7559_nodelist.csv,../network_data/subpopulations_in_progress/FA3_CD28_Tcells/FA3_CD28_Tcells_7559_edgelist.csv
FA3_CD28_Tcells,7245,1217,63625,108961.27617170208,2.8575971126556396,../network_data/subpopulations_in_progress/FA3_CD28_Tcells/FA3_CD28_Tcells_7245_nodelist.csv,../network_data/subpopulations_in_progress/FA3_CD28_Tcells/FA3_CD28_Tcells_7245_edgelist.csv
FA3_CD28_Tcells,3725,1283,76962,129167.43199112124,3.2997589111328125,../network_data/subpopulations_in_progress/FA3_CD28_Tcells/FA3_CD28_Tcells_3725_nodelist.csv,../network_data/subpopulations_in_progress/FA3_CD28_Tcells/FA3_CD28_Tcells_3725_edgelist.csv
FA3_CD28_Tcells,1338,978,43348,82335.2878472952,1.7775428295135498,../network_data/subpopulations_in_progress/FA3_CD28_Tcells/FA3_CD28_Tcells_1338_nodelist.csv,../network_data/subpopulations_in_progress/FA3_CD28_Tcells/FA3_CD28_Tcells_1338_edgelist.csv
FA3_CD28_Tcells,5304,1314,75570,133467.96526570502,3.6783928871154785,../network_data/subpopulations_in_progress/FA3_CD28_Tcells/FA3_CD28_Tcells_5304_nodelist.csv,../network_data/subpopulations_in_progress/FA3_CD28_Tcells/FA3_CD28_Tcells_5304_edgelist.csv
FA3_CD28_Tcells,3723,1068,54638,93508.139839508891,2.169111967086792,../network_data/subpopulations_in_progress/FA3_CD28_Tcells/FA3_CD28_Tcells_3723_nodelist.csv,../network_data/subpopulations_in_progress/FA3_CD28_Tcells/FA3_CD28_Tcells_3723_edgelist.csv
FA3_CD28_Tcells,6886,932,40203,69942.994046329521,1.6523160934448242,../network_data/subpopulations_in_progress/FA3_CD28_Tcells/FA3_CD28_Tcells_6886_nodelist.csv,../network_data/subpopulations_in_progress/FA3_CD28_Tcells/FA3_CD28_Tcells_6886_edgelist.csv
FA3_CD28_Tcells,5410,1402,87199,147077.16182578116,4.141083002090454,../network_data/subpopulations_in_progress/FA3_CD28_Tcells/FA3_CD28_Tcells_5410_nodelist.csv,../network_data/subpopulations_in_progress/FA3_CD28_Tcells/FA3_CD28_Tcells_5410_edgelist.csv
FA3_CD28_Tcells,2649,1722,114400,218931.74667796661,5.940993070602417,../network_data/subpopulations_in_progress/FA3_CD28_Tcells/FA3_CD28_Tcells_2649_nodelist.csv,../network_data/subpopulations_in_progress/FA3_CD28_Tcells/FA3_CD28_Tcells_2649_edgelist.csv
FA3_CD28_Tcells,2181,1155,57506,106546.96076716699,2.6740097999572754,../network_data/subpopulations_in_progress/FA3_CD28_Tcells/FA3_CD28_Tcells_2181_nodelist.csv,../network_data/subpopulations_in_progress/FA3_CD28_Tcells/FA3_CD28_Tcells_2181_edgelist.csv
FA3_CD28_Tcells,6079,1167,61275,104724.61992614147,2.570559024810791,../network_data/subpopulations_in_progress/FA3_CD28_Tcells/FA3_CD28_Tcells_6079_nodelist.csv,../network_data/subpopulations_in_progress/FA3_CD28_Tcells/FA3_CD28_Tcells_6079_edgelist.csv
FA3_CD28_Tcells,1033,1355,75557,135330.15092085328,3.6270477771759033,../network_data/subpopulations_in_progress/FA3_CD28_Tcells/FA3_CD28_Tcells_1033_nodelist.csv,../network_data/subpopulations_in_progress/FA3_CD28_Tcells/FA3_CD28_Tcells_1033_edgelist.csv
FA3_CD28_Tcells,3297,1555,99159,175712.37861920928,4.84110689163208,../network_data/subpopulations_in_progress/FA3_CD28_Tcells/FA3_CD28_Tcells_3297_nodelist.csv,../network_data/subpopulations_in_progress/FA3_CD28_Tcells/FA3_CD28_Tcells_3297_edgelist.csv
FA3_CD28_Tcells,2859,2677,253994,514530.3214511429,14.025453805923462,../network_data/subpopulations_in_progress/FA3_CD28_Tcells/FA3_CD28_Tcells_2859_nodelist.csv,../network_data/subpopulations_in_progress/FA3_CD28_Tcells/FA3_CD28_Tcells_2859_edgelist.csv
FA3_CD28_Tcells,3293,849,35143,59369.201375749995,1.3484570980072021,../network_data/subpopulations_in_progress/FA3_CD28_Tcells/FA3_CD28_Tcells_3293_nodelist.csv,../network_data/subpopulations_in_progress/FA3_CD28_Tcells/FA3_CD28_Tcells_3293_edgelist.csv
FA3_CD28_Tcells,7487,1361,77518,147875.15208739281,3.594028949737549,../network_data/subpopulations_in_progress/FA3_CD28_Tcells/FA3_CD28_Tcells_7487_nodelist.csv,../network_data/subpopulations_in_progress/FA3_CD28_Tcells/FA3_CD28_Tcells_7487_edgelist.csv
FA3_CD28_Tcells,5381,1614,109902,206650.98685861187,5.309118032455444,../network_data/subpopulations_in_progress/FA3_CD28_Tcells/FA3_CD28_Tcells_5381_nodelist.csv,../network_data/subpopulations_in_progress/FA3_CD28_Tcells/FA3_CD28_Tcells_5381_edgelist.csv
FA3_CD28_Tcells,1405,1582,105385,193888.03025510581,5.026414155960083,../network_data/subpopulations_in_progress/FA3_CD28_Tcells/FA3_CD28_Tcells_1405_nodelist.csv,../network_data/subpopulations_in_progress/FA3_CD28_Tcells/FA3_CD28_Tcells_1405_edgelist.csv
FA3_CD28_Tcells,1411,1654,114681,206594.67588183351,5.6019909381866455,../network_data/subpopulations_in_progress/FA3_CD28_Tcells/FA3_CD28_Tcells_1411_nodelist.csv,../network_data/subpopulations_in_progress/FA3_CD28_Tcells/FA3_CD28_Tcells_1411_edgelist.csv
FA3_CD28_Tcells,3663,1904,143871,264549.54120060022,7.426087856292725,../network_data/subpopulations_in_progress/FA3_CD28_Tcells/FA3_CD28_Tcells_3663_nodelist.csv,../network_data/subpopulations_in_progress/FA3_CD28_Tcells/FA3_CD28_Tcells_3663_edgelist.csv
FA3_CD28_Tcells,4926,6127,1042822,2763947.3552885107,83.79821991920471,../network_data/subpopulations_in_progress/FA3_CD28_Tcells/FA3_CD28_Tcells_4926_nodelist.csv,../network_data/subpopulations_in_progress/FA3_CD28_Tcells/FA3_CD28_Tcells_4926_edgelist.csv
FA3_CD28_Tcells,7304,1067,50613,92704.052751303549,2.2488560676574707,../network_data/subpopulations_in_progress/FA3_CD28_Tcells/FA3_CD28_Tcells_7304_nodelist.csv,../network_data/subpopulations_in_progress/FA3_CD28_Tcells/FA3_CD28_Tcells_7304_edgelist.csv
FA3_CD28_Tcells,935,1560,106468,198025.76706736797,5.110385179519653,../network_data/subpopulations_in_progress/FA3_CD28_Tcells/FA3_CD28_Tcells_935_nodelist.csv,../network_data/subpopulations_in_progress/FA3_CD28_Tcells/FA3_CD28_Tcells_935_edgelist.csv
FA3_CD28_Tcells,4176,1309,91166,149973.30973808866,3.4969451427459717,../network_data/subpopulations_in_progress/FA3_CD28_Tcells/FA3_CD28_Tcells_4176_nodelist.csv,../network_data/subpopulations_in_progress/FA3_CD28_Tcells/FA3_CD28_Tcells_4176_edgelist.csv
FA3_CD28_Tcells,6713,1921,152404,277962.46334633918,7.634883880615234,../network_data/subpopulations_in_progress/FA3_CD28_Tcells/FA3_CD28_Tcells_6713_nodelist.csv,../network_data/subpopulations_in_progress/FA3_CD28_Tcells/FA3_CD28_Tcells_6713_edgelist.csv
FA3_CD28_Tcells,7015,1403,79726,141942.29840036895,3.790699005126953,../network_data/subpopulations_in_progress/FA3_CD28_Tcells/FA3_CD28_Tcells_7015_nodelist.csv,../network_data/subpopulations_in_progress/FA3_CD28_Tcells/FA3_CD28_Tcells_7015_edgelist.csv
FA3_CD28_Tcells,1808,1158,59025,105583.63756532382,2.598886013031006,../network_data/subpopulations_in_progress/FA3_CD28_Tcells/FA3_CD28_Tcells_1808_nodelist.csv,../network_data/subpopulations_in_progress/FA3_CD28_Tcells/FA3_CD28_Tcells_1808_edgelist.csv
FA3_CD28_Tcells,7167,1321,80014,140416.47093424594,3.4972050189971924,../network_data/subpopulations_in_progress/FA3_CD28_Tcells/FA3_CD28_Tcells_7167_nodelist.csv,../network_data/subpopulations_in_progress/FA3_CD28_Tcells/FA3_CD28_Tcells_7167_edgelist.csv
FA3_CD28_Tcells,6279,1408,85285,147335.77493672815,3.9407899379730225,../network_data/subpopulations_in_progress/FA3_CD28_Tcells/FA3_CD28_Tcells_6279_nodelist.csv,../network_data/subpopulations_in_progress/FA3_CD28_Tcells/FA3_CD28_Tcells_6279_edgelist.csv
FA3_CD28_Tcells,3113,960,49331,83945.295915541705,1.8171920776367188,../network_data/subpopulations_in_progress/FA3_CD28_Tcells/FA3_CD28_Tcells_3113_nodelist.csv,../network_data/subpopulations_in_progress/FA3_CD28_Tcells/FA3_CD28_Tcells_3113_edgelist.csv
FA3_CD28_Tcells,1659,1024,55193,92285.286580792119,2.1427571773529053,../network_data/subpopulations_in_progress/FA3_CD28_Tcells/FA3_CD28_Tcells_1659_nodelist.csv,../network_data/subpopulations_in_progress/FA3_CD28_Tcells/FA3_CD28_Tcells_1659_edgelist.csv
FA3_CD28_Tcells,6925,1778,135188,257513.2602711067,6.61556601524353,../network_data/subpopulations_in_progress/FA3_CD28_Tcells/FA3_CD28_Tcells_6925_nodelist.csv,../network_data/subpopulations_in_progress/FA3_CD28_Tcells/FA3_CD28_Tcells_6925_edgelist.csv
FA3_CD28_Tcells,804,2748,263727,570746.33725901169,14.971628904342651,../network_data/subpopulations_in_progress/FA3_CD28_Tcells/FA3_CD28_Tcells_804_nodelist.csv,../network_data/subpopulations_in_progress/FA3_CD28_Tcells/FA3_CD28_Tcells_804_edgelist.csv
FA3_CD28_Tcells,277,714,27721,46939.725141645351,0.9643731117248535,../network_data/subpopulations_in_progress/FA3_CD28_Tcells/FA3_CD28_Tcells_277_nodelist.csv,../network_data/subpopulations_in_progress/FA3_CD28_Tcells/FA3_CD28_Tcells_277_edgelist.csv
FA3_CD28_Tcells,4875,1158,59160,109139.22141562121,2.610726833343506,../network_data/subpopulations_in_progress/FA3_CD28_Tcells/FA3_CD28_Tcells_4875_nodelist.csv,../network_data/subpopulations_in_progress/FA3_CD28_Tcells/FA3_CD28_Tcells_4875_edgelist.csv
FA3_CD28_Tcells,2192,1595,110062,193449.50473941898,5.110631942749023,../network_data/subpopulations_in_progress/FA3_CD28_Tcells/FA3_CD28_Tcells_2192_nodelist.csv,../network_data/subpopulations_in_progress/FA3_CD28_Tcells/FA3_CD28_Tcells_2192_edgelist.csv
FA3_CD28_Tcells,4970,1213,66753,117781.40669017201,2.8386590480804443,../network_data/subpopulations_in_progress/FA3_CD28_Tcells/FA3_CD28_Tcells_4970_nodelist.csv,../network_data/subpopulations_in_progress/FA3_CD28_Tcells/FA3_CD28_Tcells_4970_edgelist.csv
FA3_CD28_Tcells,1556,1682,112585,207690.86421666454,5.7891740798950195,../network_data/subpopulations_in_progress/FA3_CD28_Tcells/FA3_CD28_Tcells_1556_nodelist.csv,../network_data/subpopulations_in_progress/FA3_CD28_Tcells/FA3_CD28_Tcells_1556_edgelist.csv
FA3_CD28_Tcells,2203,1284,79050,132900.99859847041,3.234938144683838,../network_data/subpopulations_in_progress/FA3_CD28_Tcells/FA3_CD28_Tcells_2203_nodelist.csv,../network_data/subpopulations_in_progress/FA3_CD28_Tcells/FA3_CD28_Tcells_2203_edgelist.csv
FA3_CD28_Tcells,6001,4175,533954,1213569.2322900996,35.926918029785156,../network_data/subpopulations_in_progress/FA3_CD28_Tcells/FA3_CD28_Tcells_6001_nodelist.csv,../network_data/subpopulations_in_progress/FA3_CD28_Tcells/FA3_CD28_Tcells_6001_edgelist.csv
FA3_CD28_Tcells,1467,1417,89419,160619.99356902024,4.183849096298218,../network_data/subpopulations_in_progress/FA3_CD28_Tcells/FA3_CD28_Tcells_1467_nodelist.csv,../network_data/subpopulations_in_progress/FA3_CD28_Tcells/FA3_CD28_Tcells_1467_edgelist.csv
FA3_CD28_Tcells,1781,1213,64938,114986.74594819674,2.8260250091552734,../network_data/subpopulations_in_progress/FA3_CD28_Tcells/FA3_CD28_Tcells_1781_nodelist.csv,../network_data/subpopulations_in_progress/FA3_CD28_Tcells/FA3_CD28_Tcells_1781_edgelist.csv
FA3_CD28_Tcells,7475,1458,88219,163102.05349338977,4.419677019119263,../network_data/subpopulations_in_progress/FA3_CD28_Tcells/FA3_CD28_Tcells_7475_nodelist.csv,../network_data/subpopulations_in_progress/FA3_CD28_Tcells/FA3_CD28_Tcells_7475_edgelist.csv
FA3_CD28_Tcells,4993,1045,48301,81828.090574819245,2.0723650455474854,../network_data/subpopulations_in_progress/FA3_CD28_Tcells/FA3_CD28_Tcells_4993_nodelist.csv,../network_data/subpopulations_in_progress/FA3_CD28_Tcells/FA3_CD28_Tcells_4993_edgelist.csv
FA3_CD28_Tcells,6319,3275,329430,747047.56146036519,23.195983171463013,../network_data/subpopulations_in_progress/FA3_CD28_Tcells/FA3_CD28_Tcells_6319_nodelist.csv,../network_data/subpopulations_in_progress/FA3_CD28_Tcells/FA3_CD28_Tcells_6319_edgelist.csv
FA3_CD28_Tcells,141,1480,99484,172483.7906008641,4.42519998550415,../network_data/subpopulations_in_progress/FA3_CD28_Tcells/FA3_CD28_Tcells_141_nodelist.csv,../network_data/subpopulations_in_progress/FA3_CD28_Tcells/FA3_CD28_Tcells_141_edgelist.csv
FA3_CD28_Tcells,2361,5035,749374,1908330.8358521035,53.71096706390381,../network_data/subpopulations_in_progress/FA3_CD28_Tcells/FA3_CD28_Tcells_2361_nodelist.csv,../network_data/subpopulations_in_progress/FA3_CD28_Tcells/FA3_CD28_Tcells_2361_edgelist.csv
FA3_CD28_Tcells,7026,238,2943,6375.5540835139127,0.1193549633026123,../network_data/subpopulations_in_progress/FA3_CD28_Tcells/FA3_CD28_Tcells_7026_nodelist.csv,../network_data/subpopulations_in_progress/FA3_CD28_Tcells/FA3_CD28_Tcells_7026_edgelist.csv
FA3_CD28_Tcells,5447,1965,161524,283656.70145672682,8.049734115600586,../network_data/subpopulations_in_progress/FA3_CD28_Tcells/FA3_CD28_Tcells_5447_nodelist.csv,../network_data/subpopulations_in_progress/FA3_CD28_Tcells/FA3_CD28_Tcells_5447_edgelist.csv
FA3_CD28_Tcells,7426,1287,78366,136842.38615754756,3.3711562156677246,../network_data/subpopulations_in_progress/FA3_CD28_Tcells/FA3_CD28_Tcells_7426_nodelist.csv,../network_data/subpopulations_in_progress/FA3_CD28_Tcells/FA3_CD28_Tcells_7426_edgelist.csv
FA3_CD28_Tcells,693,1471,96270,166642.8315278865,4.287731885910034,../network_data/subpopulations_in_progress/FA3_CD28_Tcells/FA3_CD28_Tcells_693_nodelist.csv,../network_data/subpopulations_in_progress/FA3_CD28_Tcells/FA3_CD28_Tcells_693_edgelist.csv
FA3_CD28_Tcells,7429,1269,72575,130076.88867049089,3.3529388904571533,../network_data/subpopulations_in_progress/FA3_CD28_Tcells/FA3_CD28_Tcells_7429_nodelist.csv,../network_data/subpopulations_in_progress/FA3_CD28_Tcells/FA3_CD28_Tcells_7429_edgelist.csv
FA3_CD28_Tcells,5165,1343,82164,136552.18945654493,3.5887320041656494,../network_data/subpopulations_in_progress/FA3_CD28_Tcells/FA3_CD28_Tcells_5165_nodelist.csv,../network_data/subpopulations_in_progress/FA3_CD28_Tcells/FA3_CD28_Tcells_5165_edgelist.csv
FA3_CD28_Tcells,6940,1989,151386,326555.22165692551,7.596527099609375,../network_data/subpopulations_in_progress/FA3_CD28_Tcells/FA3_CD28_Tcells_6940_nodelist.csv,../network_data/subpopulations_in_progress/FA3_CD28_Tcells/FA3_CD28_Tcells_6940_edgelist.csv
FA3_CD28_Tcells,5290,2228,177019,391806.35556461557,9.65570592880249,../network_data/subpopulations_in_progress/FA3_CD28_Tcells/FA3_CD28_Tcells_5290_nodelist.csv,../network_data/subpopulations_in_progress/FA3_CD28_Tcells/FA3_CD28_Tcells_5290_edgelist.csv
FA3_CD28_Tcells,6231,1348,87077,149567.76575783821,3.607131004333496,../network_data/subpopulations_in_progress/FA3_CD28_Tcells/FA3_CD28_Tcells_6231_nodelist.csv,../network_data/subpopulations_in_progress/FA3_CD28_Tcells/FA3_CD28_Tcells_6231_edgelist.csv
FA3_CD28_Tcells,1014,1257,70173,129793.00781866383,3.129460096359253,../network_data/subpopulations_in_progress/FA3_CD28_Tcells/FA3_CD28_Tcells_1014_nodelist.csv,../network_data/subpopulations_in_progress/FA3_CD28_Tcells/FA3_CD28_Tcells_1014_edgelist.csv
FA3_CD28_Tcells,1473,1106,62810,107724.01262541288,2.5368030071258545,../network_data/subpopulations_in_progress/FA3_CD28_Tcells/FA3_CD28_Tcells_1473_nodelist.csv,../network_data/subpopulations_in_progress/FA3_CD28_Tcells/FA3_CD28_Tcells_1473_edgelist.csv
FA3_CD28_Tcells,3089,1076,54009,98607.515349190828,2.3510639667510986,../network_data/subpopulations_in_progress/FA3_CD28_Tcells/FA3_CD28_Tcells_3089_nodelist.csv,../network_data/subpopulations_in_progress/FA3_CD28_Tcells/FA3_CD28_Tcells_3089_edgelist.csv
FA3_CD28_Tcells,1471,1132,62195,114845.77567398183,2.5359668731689453,../network_data/subpopulations_in_progress/FA3_CD28_Tcells/FA3_CD28_Tcells_1471_nodelist.csv,../network_data/subpopulations_in_progress/FA3_CD28_Tcells/FA3_CD28_Tcells_1471_edgelist.csv
FA3_CD28_Tcells,4290,1258,70826,125123.93389333664,3.1149652004241943,../network_data/subpopulations_in_progress/FA3_CD28_Tcells/FA3_CD28_Tcells_4290_nodelist.csv,../network_data/subpopulations_in_progress/FA3_CD28_Tcells/FA3_CD28_Tcells_4290_edgelist.csv
FA3_CD28_Tcells,1863,1819,130061,249513.89660352765,6.879179000854492,../network_data/subpopulations_in_progress/FA3_CD28_Tcells/FA3_CD28_Tcells_1863_nodelist.csv,../network_data/subpopulations_in_progress/FA3_CD28_Tcells/FA3_CD28_Tcells_1863_edgelist.csv
FA3_CD28_Tcells,5882,1452,96753,166404.11483061907,4.191704988479614,../network_data/subpopulations_in_progress/FA3_CD28_Tcells/FA3_CD28_Tcells_5882_nodelist.csv,../network_data/subpopulations_in_progress/FA3_CD28_Tcells/FA3_CD28_Tcells_5882_edgelist.csv
FA3_CD28_Tcells,1868,1095,55080,91458.325102057599,2.328226089477539,../network_data/subpopulations_in_progress/FA3_CD28_Tcells/FA3_CD28_Tcells_1868_nodelist.csv,../network_data/subpopulations_in_progress/FA3_CD28_Tcells/FA3_CD28_Tcells_1868_edgelist.csv
FA3_CD28_Tcells,6639,1559,97530,171320.50688286085,4.759282827377319,../network_data/subpopulations_in_progress/FA3_CD28_Tcells/FA3_CD28_Tcells_6639_nodelist.csv,../network_data/subpopulations_in_progress/FA3_CD28_Tcells/FA3_CD28_Tcells_6639_edgelist.csv
FA3_CD28_Tcells,5619,1050,52453,89788.820639816375,2.126328945159912,../network_data/subpopulations_in_progress/FA3_CD28_Tcells/FA3_CD28_Tcells_5619_nodelist.csv,../network_data/subpopulations_in_progress/FA3_CD28_Tcells/FA3_CD28_Tcells_5619_edgelist.csv
FA3_CD28_Tcells,4600,1011,47544,85302.585474926149,1.9770359992980957,../network_data/subpopulations_in_progress/FA3_CD28_Tcells/FA3_CD28_Tcells_4600_nodelist.csv,../network_data/subpopulations_in_progress/FA3_CD28_Tcells/FA3_CD28_Tcells_4600_edgelist.csv
FA3_CD28_Tcells,7527,1176,63391,108661.72115853523,2.697650909423828,../network_data/subpopulations_in_progress/FA3_CD28_Tcells/FA3_CD28_Tcells_7527_nodelist.csv,../network_data/subpopulations_in_progress/FA3_CD28_Tcells/FA3_CD28_Tcells_7527_edgelist.csv
FA3_CD28_Tcells,5186,1028,52467,86408.330995502372,2.08847713470459,../network_data/subpopulations_in_progress/FA3_CD28_Tcells/FA3_CD28_Tcells_5186_nodelist.csv,../network_data/subpopulations_in_progress/FA3_CD28_Tcells/FA3_CD28_Tcells_5186_edgelist.csv
FA3_CD28_Tcells,1774,2183,179753,403002.75106252875,9.968060970306396,../network_data/subpopulations_in_progress/FA3_CD28_Tcells/FA3_CD28_Tcells_1774_nodelist.csv,../network_data/subpopulations_in_progress/FA3_CD28_Tcells/FA3_CD28_Tcells_1774_edgelist.csv
FA3_CD28_Tcells,3247,1259,69498,126920.86556689285,3.108074188232422,../network_data/subpopulations_in_progress/FA3_CD28_Tcells/FA3_CD28_Tcells_3247_nodelist.csv,../network_data/subpopulations_in_progress/FA3_CD28_Tcells/FA3_CD28_Tcells_3247_edgelist.csv
FA3_CD28_Tcells,40,1380,84888,154457.64626363444,3.830821990966797,../network_data/subpopulations_in_progress/FA3_CD28_Tcells/FA3_CD28_Tcells_40_nodelist.csv,../network_data/subpopulations_in_progress/FA3_CD28_Tcells/FA3_CD28_Tcells_40_edgelist.csv
FA3_CD28_Tcells,3071,991,52094,89167.035227786459,1.934885025024414,../network_data/subpopulations_in_progress/FA3_CD28_Tcells/FA3_CD28_Tcells_3071_nodelist.csv,../network_data/subpopulations_in_progress/FA3_CD28_Tcells/FA3_CD28_Tcells_3071_edgelist.csv
FA3_CD28_Tcells,6529,836,34328,61766.858885912872,1.3509151935577393,../network_data/subpopulations_in_progress/FA3_CD28_Tcells/FA3_CD28_Tcells_6529_nodelist.csv,../network_data/subpopulations_in_progress/FA3_CD28_Tcells/FA3_CD28_Tcells_6529_edgelist.csv
FA3_CD28_Tcells,5083,1066,50215,89078.394660386926,2.2877049446105957,../network_data/subpopulations_in_progress/FA3_CD28_Tcells/FA3_CD28_Tcells_5083_nodelist.csv,../network_data/subpopulations_in_progress/FA3_CD28_Tcells/FA3_CD28_Tcells_5083_edgelist.csv
FA3_CD28_Tcells,4916,1315,81864,140742.99217606796,3.3897619247436523,../network_data/subpopulations_in_progress/FA3_CD28_Tcells/FA3_CD28_Tcells_4916_nodelist.csv,../network_data/subpopulations_in_progress/FA3_CD28_Tcells/FA3_CD28_Tcells_4916_edgelist.csv
FA3_CD28_Tcells,3230,1014,46689,79223.362694709736,1.9696030616760254,../network_data/subpopulations_in_progress/FA3_CD28_Tcells/FA3_CD28_Tcells_3230_nodelist.csv,../network_data/subpopulations_in_progress/FA3_CD28_Tcells/FA3_CD28_Tcells_3230_edgelist.csv
FA3_CD28_Tcells,1894,2564,252869,516202.06731435721,13.072808027267456,../network_data/subpopulations_in_progress/FA3_CD28_Tcells/FA3_CD28_Tcells_1894_nodelist.csv,../network_data/subpopulations_in_progress/FA3_CD28_Tcells/FA3_CD28_Tcells_1894_edgelist.csv
FA3_CD28_Tcells,1063,1303,74187,128118.14298033236,3.3807191848754883,../network_data/subpopulations_in_progress/FA3_CD28_Tcells/FA3_CD28_Tcells_1063_nodelist.csv,../network_data/subpopulations_in_progress/FA3_CD28_Tcells/FA3_CD28_Tcells_1063_edgelist.csv
FA3_CD28_Tcells,4693,326,7177,13633.915904382802,0.22326302528381348,../network_data/subpopulations_in_progress/FA3_CD28_Tcells/FA3_CD28_Tcells_4693_nodelist.csv,../network_data/subpopulations_in_progress/FA3_CD28_Tcells/FA3_CD28_Tcells_4693_edgelist.csv
FA3_CD28_Tcells,4698,1174,61074,105148.89470469377,2.6737849712371826,../network_data/subpopulations_in_progress/FA3_CD28_Tcells/FA3_CD28_Tcells_4698_nodelist.csv,../network_data/subpopulations_in_progress/FA3_CD28_Tcells/FA3_CD28_Tcells_4698_edgelist.csv
FA3_CD28_Tcells,2652,1173,60782,111323.5865412495,2.681882858276367,../network_data/subpopulations_in_progress/FA3_CD28_Tcells/FA3_CD28_Tcells_2652_nodelist.csv,../network_data/subpopulations_in_progress/FA3_CD28_Tcells/FA3_CD28_Tcells_2652_edgelist.csv
