subpopulation,cell_num,num_nodes,num_edges,giulia_spatial_entropy,runtime,nodelist,edgelist
FA2_ActivatedMuSC_P+M+,2980,1771,139687,247785.59120874107,6.4262919425964355,../network_data/subpopulations_in_progress/FA2_ActivatedMuSC_P+M+/FA2_ActivatedMuSC_P+M+_2980_nodelist.csv,../network_data/subpopulations_in_progress/FA2_ActivatedMuSC_P+M+/FA2_ActivatedMuSC_P+M+_2980_edgelist.csv
FA2_ActivatedMuSC_P+M+,883,3625,496191,1139566.1769777385,27.07077717781067,../network_data/subpopulations_in_progress/FA2_ActivatedMuSC_P+M+/FA2_ActivatedMuSC_P+M+_883_nodelist.csv,../network_data/subpopulations_in_progress/FA2_ActivatedMuSC_P+M+/FA2_ActivatedMuSC_P+M+_883_edgelist.csv
FA2_ActivatedMuSC_P+M+,3977,5483,904458,2219027.1137538305,61.68704390525818,../network_data/subpopulations_in_progress/FA2_ActivatedMuSC_P+M+/FA2_ActivatedMuSC_P+M+_3977_nodelist.csv,../network_data/subpopulations_in_progress/FA2_ActivatedMuSC_P+M+/FA2_ActivatedMuSC_P+M+_3977_edgelist.csv
FA2_ActivatedMuSC_P+M+,989,2070,163187,332553.4699791074,7.651571989059448,../network_data/subpopulations_in_progress/FA2_ActivatedMuSC_P+M+/FA2_ActivatedMuSC_P+M+_989_nodelist.csv,../network_data/subpopulations_in_progress/FA2_ActivatedMuSC_P+M+/FA2_ActivatedMuSC_P+M+_989_edgelist.csv
