subpopulation,cell_num,num_nodes,num_edges,giulia_spatial_entropy,runtime,nodelist,edgelist
FA1_CD19_Bcells,254,722,28987,44940.6423776346,0.9180750846862793,../network_data/subpopulations_in_progress/FA1_CD19_Bcells/FA1_CD19_Bcells_254_nodelist.csv,../network_data/subpopulations_in_progress/FA1_CD19_Bcells/FA1_CD19_Bcells_254_edgelist.csv
FA1_CD19_Bcells,2066,420,12481,20717.519968385488,0.31418800354003906,../network_data/subpopulations_in_progress/FA1_CD19_Bcells/FA1_CD19_Bcells_2066_nodelist.csv,../network_data/subpopulations_in_progress/FA1_CD19_Bcells/FA1_CD19_Bcells_2066_edgelist.csv
FA1_CD19_Bcells,4867,398,7271,15772.172939918544,0.2608048915863037,../network_data/subpopulations_in_progress/FA1_CD19_Bcells/FA1_CD19_Bcells_4867_nodelist.csv,../network_data/subpopulations_in_progress/FA1_CD19_Bcells/FA1_CD19_Bcells_4867_edgelist.csv
FA1_CD19_Bcells,1695,999,48774,85345.15220768645,1.8263130187988281,../network_data/subpopulations_in_progress/FA1_CD19_Bcells/FA1_CD19_Bcells_1695_nodelist.csv,../network_data/subpopulations_in_progress/FA1_CD19_Bcells/FA1_CD19_Bcells_1695_edgelist.csv
FA1_CD19_Bcells,4947,1095,53505,97458.66461594161,2.1870360374450684,../network_data/subpopulations_in_progress/FA1_CD19_Bcells/FA1_CD19_Bcells_4947_nodelist.csv,../network_data/subpopulations_in_progress/FA1_CD19_Bcells/FA1_CD19_Bcells_4947_edgelist.csv
FA1_CD19_Bcells,4069,397,8508,16229.855268169837,0.2761960029602051,../network_data/subpopulations_in_progress/FA1_CD19_Bcells/FA1_CD19_Bcells_4069_nodelist.csv,../network_data/subpopulations_in_progress/FA1_CD19_Bcells/FA1_CD19_Bcells_4069_edgelist.csv
FA1_CD19_Bcells,2560,773,34425,57942.822803351126,1.1019291877746582,../network_data/subpopulations_in_progress/FA1_CD19_Bcells/FA1_CD19_Bcells_2560_nodelist.csv,../network_data/subpopulations_in_progress/FA1_CD19_Bcells/FA1_CD19_Bcells_2560_edgelist.csv
FA1_CD19_Bcells,1685,1319,73926,131347.48852317318,3.202955961227417,../network_data/subpopulations_in_progress/FA1_CD19_Bcells/FA1_CD19_Bcells_1685_nodelist.csv,../network_data/subpopulations_in_progress/FA1_CD19_Bcells/FA1_CD19_Bcells_1685_edgelist.csv
FA1_CD19_Bcells,3670,1798,140169,252368.23279462737,6.232379913330078,../network_data/subpopulations_in_progress/FA1_CD19_Bcells/FA1_CD19_Bcells_3670_nodelist.csv,../network_data/subpopulations_in_progress/FA1_CD19_Bcells/FA1_CD19_Bcells_3670_edgelist.csv
FA1_CD19_Bcells,1688,1182,67707,113597.19134060574,2.7480809688568115,../network_data/subpopulations_in_progress/FA1_CD19_Bcells/FA1_CD19_Bcells_1688_nodelist.csv,../network_data/subpopulations_in_progress/FA1_CD19_Bcells/FA1_CD19_Bcells_1688_edgelist.csv
FA1_CD19_Bcells,4591,1449,113783,183663.79537340187,4.117559194564819,../network_data/subpopulations_in_progress/FA1_CD19_Bcells/FA1_CD19_Bcells_4591_nodelist.csv,../network_data/subpopulations_in_progress/FA1_CD19_Bcells/FA1_CD19_Bcells_4591_edgelist.csv
FA1_CD19_Bcells,3068,1166,67612,119823.49821714273,2.5434131622314453,../network_data/subpopulations_in_progress/FA1_CD19_Bcells/FA1_CD19_Bcells_3068_nodelist.csv,../network_data/subpopulations_in_progress/FA1_CD19_Bcells/FA1_CD19_Bcells_3068_edgelist.csv
FA1_CD19_Bcells,2202,900,39131,69259.54446635272,1.4462599754333496,../network_data/subpopulations_in_progress/FA1_CD19_Bcells/FA1_CD19_Bcells_2202_nodelist.csv,../network_data/subpopulations_in_progress/FA1_CD19_Bcells/FA1_CD19_Bcells_2202_edgelist.csv
FA1_CD19_Bcells,3462,1285,75178,129066.54494876468,3.055408000946045,../network_data/subpopulations_in_progress/FA1_CD19_Bcells/FA1_CD19_Bcells_3462_nodelist.csv,../network_data/subpopulations_in_progress/FA1_CD19_Bcells/FA1_CD19_Bcells_3462_edgelist.csv
FA1_CD19_Bcells,4451,794,35266,55887.076132911134,1.1349499225616455,../network_data/subpopulations_in_progress/FA1_CD19_Bcells/FA1_CD19_Bcells_4451_nodelist.csv,../network_data/subpopulations_in_progress/FA1_CD19_Bcells/FA1_CD19_Bcells_4451_edgelist.csv
FA1_CD19_Bcells,1395,974,46642,77896.79038764325,1.8176968097686768,../network_data/subpopulations_in_progress/FA1_CD19_Bcells/FA1_CD19_Bcells_1395_nodelist.csv,../network_data/subpopulations_in_progress/FA1_CD19_Bcells/FA1_CD19_Bcells_1395_edgelist.csv
FA1_CD19_Bcells,646,808,30372,56114.93830874555,1.2926139831542969,../network_data/subpopulations_in_progress/FA1_CD19_Bcells/FA1_CD19_Bcells_646_nodelist.csv,../network_data/subpopulations_in_progress/FA1_CD19_Bcells/FA1_CD19_Bcells_646_edgelist.csv
FA1_CD19_Bcells,142,2024,159545,287910.8839878179,8.475547075271606,../network_data/subpopulations_in_progress/FA1_CD19_Bcells/FA1_CD19_Bcells_142_nodelist.csv,../network_data/subpopulations_in_progress/FA1_CD19_Bcells/FA1_CD19_Bcells_142_edgelist.csv
FA1_CD19_Bcells,2164,920,46330,74181.44081963836,1.5536231994628906,../network_data/subpopulations_in_progress/FA1_CD19_Bcells/FA1_CD19_Bcells_2164_nodelist.csv,../network_data/subpopulations_in_progress/FA1_CD19_Bcells/FA1_CD19_Bcells_2164_edgelist.csv
FA1_CD19_Bcells,144,1340,77217,137997.3954779107,3.2599120140075684,../network_data/subpopulations_in_progress/FA1_CD19_Bcells/FA1_CD19_Bcells_144_nodelist.csv,../network_data/subpopulations_in_progress/FA1_CD19_Bcells/FA1_CD19_Bcells_144_edgelist.csv
FA1_CD19_Bcells,3275,1331,77029,138498.80025155435,3.681889057159424,../network_data/subpopulations_in_progress/FA1_CD19_Bcells/FA1_CD19_Bcells_3275_nodelist.csv,../network_data/subpopulations_in_progress/FA1_CD19_Bcells/FA1_CD19_Bcells_3275_edgelist.csv
FA1_CD19_Bcells,513,1076,60693,98343.56701580709,2.1385319232940674,../network_data/subpopulations_in_progress/FA1_CD19_Bcells/FA1_CD19_Bcells_513_nodelist.csv,../network_data/subpopulations_in_progress/FA1_CD19_Bcells/FA1_CD19_Bcells_513_edgelist.csv
FA1_CD19_Bcells,1608,1102,51981,91075.98528036452,2.228557825088501,../network_data/subpopulations_in_progress/FA1_CD19_Bcells/FA1_CD19_Bcells_1608_nodelist.csv,../network_data/subpopulations_in_progress/FA1_CD19_Bcells/FA1_CD19_Bcells_1608_edgelist.csv
FA1_CD19_Bcells,2451,1258,67794,119440.4074328076,2.9358861446380615,../network_data/subpopulations_in_progress/FA1_CD19_Bcells/FA1_CD19_Bcells_2451_nodelist.csv,../network_data/subpopulations_in_progress/FA1_CD19_Bcells/FA1_CD19_Bcells_2451_edgelist.csv
FA1_CD19_Bcells,3580,4774,742928,1817843.3026589765,55.31940984725952,../network_data/subpopulations_in_progress/FA1_CD19_Bcells/FA1_CD19_Bcells_3580_nodelist.csv,../network_data/subpopulations_in_progress/FA1_CD19_Bcells/FA1_CD19_Bcells_3580_edgelist.csv
FA1_CD19_Bcells,2456,860,36962,67369.06127239611,1.2895100116729736,../network_data/subpopulations_in_progress/FA1_CD19_Bcells/FA1_CD19_Bcells_2456_nodelist.csv,../network_data/subpopulations_in_progress/FA1_CD19_Bcells/FA1_CD19_Bcells_2456_edgelist.csv
FA1_CD19_Bcells,2591,973,48254,83724.38605829068,1.6763341426849365,../network_data/subpopulations_in_progress/FA1_CD19_Bcells/FA1_CD19_Bcells_2591_nodelist.csv,../network_data/subpopulations_in_progress/FA1_CD19_Bcells/FA1_CD19_Bcells_2591_edgelist.csv
FA1_CD19_Bcells,2459,822,33942,58192.10211461254,1.1813490390777588,../network_data/subpopulations_in_progress/FA1_CD19_Bcells/FA1_CD19_Bcells_2459_nodelist.csv,../network_data/subpopulations_in_progress/FA1_CD19_Bcells/FA1_CD19_Bcells_2459_edgelist.csv
FA1_CD19_Bcells,3102,936,49672,79178.7558514032,1.6239759922027588,../network_data/subpopulations_in_progress/FA1_CD19_Bcells/FA1_CD19_Bcells_3102_nodelist.csv,../network_data/subpopulations_in_progress/FA1_CD19_Bcells/FA1_CD19_Bcells_3102_edgelist.csv
FA1_CD19_Bcells,4272,1009,48522,85926.1102460215,1.8405990600585938,../network_data/subpopulations_in_progress/FA1_CD19_Bcells/FA1_CD19_Bcells_4272_nodelist.csv,../network_data/subpopulations_in_progress/FA1_CD19_Bcells/FA1_CD19_Bcells_4272_edgelist.csv
FA1_CD19_Bcells,1305,696,29168,44149.24275207029,0.9593188762664795,../network_data/subpopulations_in_progress/FA1_CD19_Bcells/FA1_CD19_Bcells_1305_nodelist.csv,../network_data/subpopulations_in_progress/FA1_CD19_Bcells/FA1_CD19_Bcells_1305_edgelist.csv
FA1_CD19_Bcells,3835,1303,82677,143434.31737929644,3.2353389263153076,../network_data/subpopulations_in_progress/FA1_CD19_Bcells/FA1_CD19_Bcells_3835_nodelist.csv,../network_data/subpopulations_in_progress/FA1_CD19_Bcells/FA1_CD19_Bcells_3835_edgelist.csv
FA1_CD19_Bcells,4697,1048,54180,99025.9470529845,2.1433420181274414,../network_data/subpopulations_in_progress/FA1_CD19_Bcells/FA1_CD19_Bcells_4697_nodelist.csv,../network_data/subpopulations_in_progress/FA1_CD19_Bcells/FA1_CD19_Bcells_4697_edgelist.csv
FA1_CD19_Bcells,3839,1268,81997,136594.6047700902,3.052821159362793,../network_data/subpopulations_in_progress/FA1_CD19_Bcells/FA1_CD19_Bcells_3839_nodelist.csv,../network_data/subpopulations_in_progress/FA1_CD19_Bcells/FA1_CD19_Bcells_3839_edgelist.csv
FA1_CD19_Bcells,170,1095,55518,97917.56197228533,2.1820781230926514,../network_data/subpopulations_in_progress/FA1_CD19_Bcells/FA1_CD19_Bcells_170_nodelist.csv,../network_data/subpopulations_in_progress/FA1_CD19_Bcells/FA1_CD19_Bcells_170_edgelist.csv
FA1_CD19_Bcells,1190,405,9680,20566.200503589353,0.2847321033477783,../network_data/subpopulations_in_progress/FA1_CD19_Bcells/FA1_CD19_Bcells_1190_nodelist.csv,../network_data/subpopulations_in_progress/FA1_CD19_Bcells/FA1_CD19_Bcells_1190_edgelist.csv
FA1_CD19_Bcells,715,1494,101636,171511.2991441744,4.45426607131958,../network_data/subpopulations_in_progress/FA1_CD19_Bcells/FA1_CD19_Bcells_715_nodelist.csv,../network_data/subpopulations_in_progress/FA1_CD19_Bcells/FA1_CD19_Bcells_715_edgelist.csv
FA1_CD19_Bcells,452,1168,60710,109082.61442763988,2.454719066619873,../network_data/subpopulations_in_progress/FA1_CD19_Bcells/FA1_CD19_Bcells_452_nodelist.csv,../network_data/subpopulations_in_progress/FA1_CD19_Bcells/FA1_CD19_Bcells_452_edgelist.csv
FA1_CD19_Bcells,2802,920,38398,69772.42894789079,1.520157814025879,../network_data/subpopulations_in_progress/FA1_CD19_Bcells/FA1_CD19_Bcells_2802_nodelist.csv,../network_data/subpopulations_in_progress/FA1_CD19_Bcells/FA1_CD19_Bcells_2802_edgelist.csv
FA1_CD19_Bcells,1862,1347,83581,147036.35416070037,3.3618571758270264,../network_data/subpopulations_in_progress/FA1_CD19_Bcells/FA1_CD19_Bcells_1862_nodelist.csv,../network_data/subpopulations_in_progress/FA1_CD19_Bcells/FA1_CD19_Bcells_1862_edgelist.csv
FA1_CD19_Bcells,3080,1064,53347,97569.47392451527,2.189289093017578,../network_data/subpopulations_in_progress/FA1_CD19_Bcells/FA1_CD19_Bcells_3080_nodelist.csv,../network_data/subpopulations_in_progress/FA1_CD19_Bcells/FA1_CD19_Bcells_3080_edgelist.csv
FA1_CD19_Bcells,4357,1293,85865,139379.40031541296,3.175977945327759,../network_data/subpopulations_in_progress/FA1_CD19_Bcells/FA1_CD19_Bcells_4357_nodelist.csv,../network_data/subpopulations_in_progress/FA1_CD19_Bcells/FA1_CD19_Bcells_4357_edgelist.csv
FA1_CD19_Bcells,1812,1581,111832,195107.75186058154,4.745868921279907,../network_data/subpopulations_in_progress/FA1_CD19_Bcells/FA1_CD19_Bcells_1812_nodelist.csv,../network_data/subpopulations_in_progress/FA1_CD19_Bcells/FA1_CD19_Bcells_1812_edgelist.csv
FA1_CD19_Bcells,392,1207,67749,117749.25700151919,2.6879160404205322,../network_data/subpopulations_in_progress/FA1_CD19_Bcells/FA1_CD19_Bcells_392_nodelist.csv,../network_data/subpopulations_in_progress/FA1_CD19_Bcells/FA1_CD19_Bcells_392_edgelist.csv
FA1_CD19_Bcells,3365,1236,70038,123864.36517144073,2.831489086151123,../network_data/subpopulations_in_progress/FA1_CD19_Bcells/FA1_CD19_Bcells_3365_nodelist.csv,../network_data/subpopulations_in_progress/FA1_CD19_Bcells/FA1_CD19_Bcells_3365_edgelist.csv
FA1_CD19_Bcells,3176,722,25955,48747.97733715865,0.9023981094360352,../network_data/subpopulations_in_progress/FA1_CD19_Bcells/FA1_CD19_Bcells_3176_nodelist.csv,../network_data/subpopulations_in_progress/FA1_CD19_Bcells/FA1_CD19_Bcells_3176_edgelist.csv
FA1_CD19_Bcells,1381,940,43351,70896.97674284772,1.5746209621429443,../network_data/subpopulations_in_progress/FA1_CD19_Bcells/FA1_CD19_Bcells_1381_nodelist.csv,../network_data/subpopulations_in_progress/FA1_CD19_Bcells/FA1_CD19_Bcells_1381_edgelist.csv
FA1_CD19_Bcells,3360,1682,133296,224371.57762310057,5.559813022613525,../network_data/subpopulations_in_progress/FA1_CD19_Bcells/FA1_CD19_Bcells_3360_nodelist.csv,../network_data/subpopulations_in_progress/FA1_CD19_Bcells/FA1_CD19_Bcells_3360_edgelist.csv
FA1_CD19_Bcells,3173,406,7151,15761.375992381121,0.26196789741516113,../network_data/subpopulations_in_progress/FA1_CD19_Bcells/FA1_CD19_Bcells_3173_nodelist.csv,../network_data/subpopulations_in_progress/FA1_CD19_Bcells/FA1_CD19_Bcells_3173_edgelist.csv
FA1_CD19_Bcells,2443,1285,78605,141572.0901246404,3.0861470699310303,../network_data/subpopulations_in_progress/FA1_CD19_Bcells/FA1_CD19_Bcells_2443_nodelist.csv,../network_data/subpopulations_in_progress/FA1_CD19_Bcells/FA1_CD19_Bcells_2443_edgelist.csv
FA1_CD19_Bcells,2441,877,39443,67081.44868522671,1.3795068264007568,../network_data/subpopulations_in_progress/FA1_CD19_Bcells/FA1_CD19_Bcells_2441_nodelist.csv,../network_data/subpopulations_in_progress/FA1_CD19_Bcells/FA1_CD19_Bcells_2441_edgelist.csv
FA1_CD19_Bcells,2680,1030,53390,91538.12437886045,1.9459950923919678,../network_data/subpopulations_in_progress/FA1_CD19_Bcells/FA1_CD19_Bcells_2680_nodelist.csv,../network_data/subpopulations_in_progress/FA1_CD19_Bcells/FA1_CD19_Bcells_2680_edgelist.csv
FA1_CD19_Bcells,4756,1203,70108,118077.09197455991,2.7029812335968018,../network_data/subpopulations_in_progress/FA1_CD19_Bcells/FA1_CD19_Bcells_4756_nodelist.csv,../network_data/subpopulations_in_progress/FA1_CD19_Bcells/FA1_CD19_Bcells_4756_edgelist.csv
FA1_CD19_Bcells,817,917,41159,68973.08731037586,1.504715919494629,../network_data/subpopulations_in_progress/FA1_CD19_Bcells/FA1_CD19_Bcells_817_nodelist.csv,../network_data/subpopulations_in_progress/FA1_CD19_Bcells/FA1_CD19_Bcells_817_edgelist.csv
FA1_CD19_Bcells,2200,673,25229,44353.05427807257,0.8001899719238281,../network_data/subpopulations_in_progress/FA1_CD19_Bcells/FA1_CD19_Bcells_2200_nodelist.csv,../network_data/subpopulations_in_progress/FA1_CD19_Bcells/FA1_CD19_Bcells_2200_edgelist.csv
FA1_CD19_Bcells,3933,1247,72395,125912.66746813884,2.918492078781128,../network_data/subpopulations_in_progress/FA1_CD19_Bcells/FA1_CD19_Bcells_3933_nodelist.csv,../network_data/subpopulations_in_progress/FA1_CD19_Bcells/FA1_CD19_Bcells_3933_edgelist.csv
FA1_CD19_Bcells,2887,1112,61939,116356.56628426054,2.286269187927246,../network_data/subpopulations_in_progress/FA1_CD19_Bcells/FA1_CD19_Bcells_2887_nodelist.csv,../network_data/subpopulations_in_progress/FA1_CD19_Bcells/FA1_CD19_Bcells_2887_edgelist.csv
FA1_CD19_Bcells,3367,1021,49319,88600.45500531227,1.8838720321655273,../network_data/subpopulations_in_progress/FA1_CD19_Bcells/FA1_CD19_Bcells_3367_nodelist.csv,../network_data/subpopulations_in_progress/FA1_CD19_Bcells/FA1_CD19_Bcells_3367_edgelist.csv
FA1_CD19_Bcells,2207,1234,83769,149232.5983837764,3.0986440181732178,../network_data/subpopulations_in_progress/FA1_CD19_Bcells/FA1_CD19_Bcells_2207_nodelist.csv,../network_data/subpopulations_in_progress/FA1_CD19_Bcells/FA1_CD19_Bcells_2207_edgelist.csv
FA1_CD19_Bcells,4686,1088,59007,106963.69298429287,2.1802611351013184,../network_data/subpopulations_in_progress/FA1_CD19_Bcells/FA1_CD19_Bcells_4686_nodelist.csv,../network_data/subpopulations_in_progress/FA1_CD19_Bcells/FA1_CD19_Bcells_4686_edgelist.csv
FA1_CD19_Bcells,2936,1169,67122,113665.18801735059,2.7023959159851074,../network_data/subpopulations_in_progress/FA1_CD19_Bcells/FA1_CD19_Bcells_2936_nodelist.csv,../network_data/subpopulations_in_progress/FA1_CD19_Bcells/FA1_CD19_Bcells_2936_edgelist.csv
FA1_CD19_Bcells,4846,1285,73478,126441.90286552008,3.0439069271087646,../network_data/subpopulations_in_progress/FA1_CD19_Bcells/FA1_CD19_Bcells_4846_nodelist.csv,../network_data/subpopulations_in_progress/FA1_CD19_Bcells/FA1_CD19_Bcells_4846_edgelist.csv
FA1_CD19_Bcells,1877,1766,140288,240106.45924038286,6.483353853225708,../network_data/subpopulations_in_progress/FA1_CD19_Bcells/FA1_CD19_Bcells_1877_nodelist.csv,../network_data/subpopulations_in_progress/FA1_CD19_Bcells/FA1_CD19_Bcells_1877_edgelist.csv
FA1_CD19_Bcells,2707,1159,64479,114620.99467546406,2.47232985496521,../network_data/subpopulations_in_progress/FA1_CD19_Bcells/FA1_CD19_Bcells_2707_nodelist.csv,../network_data/subpopulations_in_progress/FA1_CD19_Bcells/FA1_CD19_Bcells_2707_edgelist.csv
FA1_CD19_Bcells,1504,1208,66838,111008.40792499301,2.688380002975464,../network_data/subpopulations_in_progress/FA1_CD19_Bcells/FA1_CD19_Bcells_1504_nodelist.csv,../network_data/subpopulations_in_progress/FA1_CD19_Bcells/FA1_CD19_Bcells_1504_edgelist.csv
FA1_CD19_Bcells,3093,437,15202,19790.824487014364,0.34574389457702637,../network_data/subpopulations_in_progress/FA1_CD19_Bcells/FA1_CD19_Bcells_3093_nodelist.csv,../network_data/subpopulations_in_progress/FA1_CD19_Bcells/FA1_CD19_Bcells_3093_edgelist.csv
FA1_CD19_Bcells,647,1095,61762,105679.47435945208,2.275240182876587,../network_data/subpopulations_in_progress/FA1_CD19_Bcells/FA1_CD19_Bcells_647_nodelist.csv,../network_data/subpopulations_in_progress/FA1_CD19_Bcells/FA1_CD19_Bcells_647_edgelist.csv
FA1_CD19_Bcells,643,1413,83725,151966.47948292876,3.715878963470459,../network_data/subpopulations_in_progress/FA1_CD19_Bcells/FA1_CD19_Bcells_643_nodelist.csv,../network_data/subpopulations_in_progress/FA1_CD19_Bcells/FA1_CD19_Bcells_643_edgelist.csv
FA1_CD19_Bcells,1634,428,9815,21634.422455099942,0.31160998344421387,../network_data/subpopulations_in_progress/FA1_CD19_Bcells/FA1_CD19_Bcells_1634_nodelist.csv,../network_data/subpopulations_in_progress/FA1_CD19_Bcells/FA1_CD19_Bcells_1634_edgelist.csv
FA1_CD19_Bcells,2770,1465,92275,171295.03717685834,4.043798208236694,../network_data/subpopulations_in_progress/FA1_CD19_Bcells/FA1_CD19_Bcells_2770_nodelist.csv,../network_data/subpopulations_in_progress/FA1_CD19_Bcells/FA1_CD19_Bcells_2770_edgelist.csv
FA1_CD19_Bcells,4608,495,10016,21794.706248106835,0.3944849967956543,../network_data/subpopulations_in_progress/FA1_CD19_Bcells/FA1_CD19_Bcells_4608_nodelist.csv,../network_data/subpopulations_in_progress/FA1_CD19_Bcells/FA1_CD19_Bcells_4608_edgelist.csv
FA1_CD19_Bcells,2775,4968,754227,1903979.383100061,53.791481018066406,../network_data/subpopulations_in_progress/FA1_CD19_Bcells/FA1_CD19_Bcells_2775_nodelist.csv,../network_data/subpopulations_in_progress/FA1_CD19_Bcells/FA1_CD19_Bcells_2775_edgelist.csv
FA1_CD19_Bcells,3169,1069,59480,99667.26585741677,2.175602912902832,../network_data/subpopulations_in_progress/FA1_CD19_Bcells/FA1_CD19_Bcells_3169_nodelist.csv,../network_data/subpopulations_in_progress/FA1_CD19_Bcells/FA1_CD19_Bcells_3169_edgelist.csv
FA1_CD19_Bcells,2067,405,8138,17646.782588536855,0.2659280300140381,../network_data/subpopulations_in_progress/FA1_CD19_Bcells/FA1_CD19_Bcells_2067_nodelist.csv,../network_data/subpopulations_in_progress/FA1_CD19_Bcells/FA1_CD19_Bcells_2067_edgelist.csv
FA1_CD19_Bcells,3164,1064,54383,99553.30745236782,2.0131330490112305,../network_data/subpopulations_in_progress/FA1_CD19_Bcells/FA1_CD19_Bcells_3164_nodelist.csv,../network_data/subpopulations_in_progress/FA1_CD19_Bcells/FA1_CD19_Bcells_3164_edgelist.csv
FA1_CD19_Bcells,2961,1034,49684,90200.63875690418,1.9398000240325928,../network_data/subpopulations_in_progress/FA1_CD19_Bcells/FA1_CD19_Bcells_2961_nodelist.csv,../network_data/subpopulations_in_progress/FA1_CD19_Bcells/FA1_CD19_Bcells_2961_edgelist.csv
FA1_CD19_Bcells,4192,773,34167,55733.74084812886,1.0856029987335205,../network_data/subpopulations_in_progress/FA1_CD19_Bcells/FA1_CD19_Bcells_4192_nodelist.csv,../network_data/subpopulations_in_progress/FA1_CD19_Bcells/FA1_CD19_Bcells_4192_edgelist.csv
FA1_CD19_Bcells,3482,1043,52882,92129.6228420192,1.9909889698028564,../network_data/subpopulations_in_progress/FA1_CD19_Bcells/FA1_CD19_Bcells_3482_nodelist.csv,../network_data/subpopulations_in_progress/FA1_CD19_Bcells/FA1_CD19_Bcells_3482_edgelist.csv
FA1_CD19_Bcells,1586,545,17438,29880.08117293522,0.5158121585845947,../network_data/subpopulations_in_progress/FA1_CD19_Bcells/FA1_CD19_Bcells_1586_nodelist.csv,../network_data/subpopulations_in_progress/FA1_CD19_Bcells/FA1_CD19_Bcells_1586_edgelist.csv
FA1_CD19_Bcells,4516,1000,47795,88059.21950713532,1.82771897315979,../network_data/subpopulations_in_progress/FA1_CD19_Bcells/FA1_CD19_Bcells_4516_nodelist.csv,../network_data/subpopulations_in_progress/FA1_CD19_Bcells/FA1_CD19_Bcells_4516_edgelist.csv
FA1_CD19_Bcells,2478,1114,58390,99550.00899006799,2.2758171558380127,../network_data/subpopulations_in_progress/FA1_CD19_Bcells/FA1_CD19_Bcells_2478_nodelist.csv,../network_data/subpopulations_in_progress/FA1_CD19_Bcells/FA1_CD19_Bcells_2478_edgelist.csv
FA1_CD19_Bcells,1745,627,21706,36953.048180888174,0.6903419494628906,../network_data/subpopulations_in_progress/FA1_CD19_Bcells/FA1_CD19_Bcells_1745_nodelist.csv,../network_data/subpopulations_in_progress/FA1_CD19_Bcells/FA1_CD19_Bcells_1745_edgelist.csv
FA1_CD19_Bcells,806,1314,87332,156436.24080553142,3.2916789054870605,../network_data/subpopulations_in_progress/FA1_CD19_Bcells/FA1_CD19_Bcells_806_nodelist.csv,../network_data/subpopulations_in_progress/FA1_CD19_Bcells/FA1_CD19_Bcells_806_edgelist.csv
FA1_CD19_Bcells,3920,1221,64876,113313.44843135947,2.8726279735565186,../network_data/subpopulations_in_progress/FA1_CD19_Bcells/FA1_CD19_Bcells_3920_nodelist.csv,../network_data/subpopulations_in_progress/FA1_CD19_Bcells/FA1_CD19_Bcells_3920_edgelist.csv
FA1_CD19_Bcells,3926,1074,54952,98838.47211661718,2.0866777896881104,../network_data/subpopulations_in_progress/FA1_CD19_Bcells/FA1_CD19_Bcells_3926_nodelist.csv,../network_data/subpopulations_in_progress/FA1_CD19_Bcells/FA1_CD19_Bcells_3926_edgelist.csv
FA1_CD19_Bcells,1362,593,23100,33584.19191659876,0.6382999420166016,../network_data/subpopulations_in_progress/FA1_CD19_Bcells/FA1_CD19_Bcells_1362_nodelist.csv,../network_data/subpopulations_in_progress/FA1_CD19_Bcells/FA1_CD19_Bcells_1362_edgelist.csv
FA1_CD19_Bcells,1367,955,44433,75679.8080020942,1.6627709865570068,../network_data/subpopulations_in_progress/FA1_CD19_Bcells/FA1_CD19_Bcells_1367_nodelist.csv,../network_data/subpopulations_in_progress/FA1_CD19_Bcells/FA1_CD19_Bcells_1367_edgelist.csv
FA1_CD19_Bcells,4425,642,27065,46220.28959026969,0.7882440090179443,../network_data/subpopulations_in_progress/FA1_CD19_Bcells/FA1_CD19_Bcells_4425_nodelist.csv,../network_data/subpopulations_in_progress/FA1_CD19_Bcells/FA1_CD19_Bcells_4425_edgelist.csv
FA1_CD19_Bcells,1365,1157,67325,110010.1825469966,2.517948865890503,../network_data/subpopulations_in_progress/FA1_CD19_Bcells/FA1_CD19_Bcells_1365_nodelist.csv,../network_data/subpopulations_in_progress/FA1_CD19_Bcells/FA1_CD19_Bcells_1365_edgelist.csv
FA1_CD19_Bcells,836,1295,76377,134829.54462010766,3.1120870113372803,../network_data/subpopulations_in_progress/FA1_CD19_Bcells/FA1_CD19_Bcells_836_nodelist.csv,../network_data/subpopulations_in_progress/FA1_CD19_Bcells/FA1_CD19_Bcells_836_edgelist.csv
FA1_CD19_Bcells,632,1208,70991,118257.51569507398,2.6953930854797363,../network_data/subpopulations_in_progress/FA1_CD19_Bcells/FA1_CD19_Bcells_632_nodelist.csv,../network_data/subpopulations_in_progress/FA1_CD19_Bcells/FA1_CD19_Bcells_632_edgelist.csv
FA1_CD19_Bcells,3241,1472,93588,159355.84181774955,4.092653036117554,../network_data/subpopulations_in_progress/FA1_CD19_Bcells/FA1_CD19_Bcells_3241_nodelist.csv,../network_data/subpopulations_in_progress/FA1_CD19_Bcells/FA1_CD19_Bcells_3241_edgelist.csv
FA1_CD19_Bcells,4938,1301,71300,138668.97992249645,3.1366989612579346,../network_data/subpopulations_in_progress/FA1_CD19_Bcells/FA1_CD19_Bcells_4938_nodelist.csv,../network_data/subpopulations_in_progress/FA1_CD19_Bcells/FA1_CD19_Bcells_4938_edgelist.csv
FA1_CD19_Bcells,3918,1054,54585,96726.93154523087,2.179365873336792,../network_data/subpopulations_in_progress/FA1_CD19_Bcells/FA1_CD19_Bcells_3918_nodelist.csv,../network_data/subpopulations_in_progress/FA1_CD19_Bcells/FA1_CD19_Bcells_3918_edgelist.csv
FA1_CD19_Bcells,3629,1169,65611,117505.79690430961,2.6800408363342285,../network_data/subpopulations_in_progress/FA1_CD19_Bcells/FA1_CD19_Bcells_3629_nodelist.csv,../network_data/subpopulations_in_progress/FA1_CD19_Bcells/FA1_CD19_Bcells_3629_edgelist.csv
FA1_CD19_Bcells,1890,998,46589,80433.99339933347,1.8928909301757812,../network_data/subpopulations_in_progress/FA1_CD19_Bcells/FA1_CD19_Bcells_1890_nodelist.csv,../network_data/subpopulations_in_progress/FA1_CD19_Bcells/FA1_CD19_Bcells_1890_edgelist.csv
FA1_CD19_Bcells,2043,1046,55783,96938.36294921376,2.0069680213928223,../network_data/subpopulations_in_progress/FA1_CD19_Bcells/FA1_CD19_Bcells_2043_nodelist.csv,../network_data/subpopulations_in_progress/FA1_CD19_Bcells/FA1_CD19_Bcells_2043_edgelist.csv
FA1_CD19_Bcells,4337,1051,51884,93697.10741530042,2.002800941467285,../network_data/subpopulations_in_progress/FA1_CD19_Bcells/FA1_CD19_Bcells_4337_nodelist.csv,../network_data/subpopulations_in_progress/FA1_CD19_Bcells/FA1_CD19_Bcells_4337_edgelist.csv
FA1_CD19_Bcells,4334,911,40296,86649.76903069337,1.4953539371490479,../network_data/subpopulations_in_progress/FA1_CD19_Bcells/FA1_CD19_Bcells_4334_nodelist.csv,../network_data/subpopulations_in_progress/FA1_CD19_Bcells/FA1_CD19_Bcells_4334_edgelist.csv
FA1_CD19_Bcells,69,1529,100642,174316.80967641386,4.4113218784332275,../network_data/subpopulations_in_progress/FA1_CD19_Bcells/FA1_CD19_Bcells_69_nodelist.csv,../network_data/subpopulations_in_progress/FA1_CD19_Bcells/FA1_CD19_Bcells_69_edgelist.csv
FA1_CD19_Bcells,3159,1610,112255,200837.78781470878,5.224934101104736,../network_data/subpopulations_in_progress/FA1_CD19_Bcells/FA1_CD19_Bcells_3159_nodelist.csv,../network_data/subpopulations_in_progress/FA1_CD19_Bcells/FA1_CD19_Bcells_3159_edgelist.csv
FA1_CD19_Bcells,2786,1184,72679,119612.67870521567,2.6265339851379395,../network_data/subpopulations_in_progress/FA1_CD19_Bcells/FA1_CD19_Bcells_2786_nodelist.csv,../network_data/subpopulations_in_progress/FA1_CD19_Bcells/FA1_CD19_Bcells_2786_edgelist.csv
FA1_CD19_Bcells,67,1211,67100,125337.37027464238,2.855525016784668,../network_data/subpopulations_in_progress/FA1_CD19_Bcells/FA1_CD19_Bcells_67_nodelist.csv,../network_data/subpopulations_in_progress/FA1_CD19_Bcells/FA1_CD19_Bcells_67_edgelist.csv
FA1_CD19_Bcells,66,1254,71897,120159.3689150237,2.9705770015716553,../network_data/subpopulations_in_progress/FA1_CD19_Bcells/FA1_CD19_Bcells_66_nodelist.csv,../network_data/subpopulations_in_progress/FA1_CD19_Bcells/FA1_CD19_Bcells_66_edgelist.csv
FA1_CD19_Bcells,3013,1033,50962,90469.53443694743,1.9381210803985596,../network_data/subpopulations_in_progress/FA1_CD19_Bcells/FA1_CD19_Bcells_3013_nodelist.csv,../network_data/subpopulations_in_progress/FA1_CD19_Bcells/FA1_CD19_Bcells_3013_edgelist.csv
FA1_CD19_Bcells,3856,999,49443,87246.38126845338,1.8354108333587646,../network_data/subpopulations_in_progress/FA1_CD19_Bcells/FA1_CD19_Bcells_3856_nodelist.csv,../network_data/subpopulations_in_progress/FA1_CD19_Bcells/FA1_CD19_Bcells_3856_edgelist.csv
FA1_CD19_Bcells,180,653,23019,42732.06171308687,0.7521228790283203,../network_data/subpopulations_in_progress/FA1_CD19_Bcells/FA1_CD19_Bcells_180_nodelist.csv,../network_data/subpopulations_in_progress/FA1_CD19_Bcells/FA1_CD19_Bcells_180_edgelist.csv
FA1_CD19_Bcells,1136,1217,73194,140182.5433851828,2.7735328674316406,../network_data/subpopulations_in_progress/FA1_CD19_Bcells/FA1_CD19_Bcells_1136_nodelist.csv,../network_data/subpopulations_in_progress/FA1_CD19_Bcells/FA1_CD19_Bcells_1136_edgelist.csv
FA1_CD19_Bcells,4631,973,44423,76060.40296122203,1.7107360363006592,../network_data/subpopulations_in_progress/FA1_CD19_Bcells/FA1_CD19_Bcells_4631_nodelist.csv,../network_data/subpopulations_in_progress/FA1_CD19_Bcells/FA1_CD19_Bcells_4631_edgelist.csv
FA1_CD19_Bcells,4523,915,46995,83294.86012750941,1.5524399280548096,../network_data/subpopulations_in_progress/FA1_CD19_Bcells/FA1_CD19_Bcells_4523_nodelist.csv,../network_data/subpopulations_in_progress/FA1_CD19_Bcells/FA1_CD19_Bcells_4523_edgelist.csv
FA1_CD19_Bcells,581,650,26646,39274.667458145705,0.7871870994567871,../network_data/subpopulations_in_progress/FA1_CD19_Bcells/FA1_CD19_Bcells_581_nodelist.csv,../network_data/subpopulations_in_progress/FA1_CD19_Bcells/FA1_CD19_Bcells_581_edgelist.csv
FA1_CD19_Bcells,988,1131,61409,102693.32760704255,2.370661973953247,../network_data/subpopulations_in_progress/FA1_CD19_Bcells/FA1_CD19_Bcells_988_nodelist.csv,../network_data/subpopulations_in_progress/FA1_CD19_Bcells/FA1_CD19_Bcells_988_edgelist.csv
FA1_CD19_Bcells,356,804,36432,63261.37001593074,1.1730139255523682,../network_data/subpopulations_in_progress/FA1_CD19_Bcells/FA1_CD19_Bcells_356_nodelist.csv,../network_data/subpopulations_in_progress/FA1_CD19_Bcells/FA1_CD19_Bcells_356_edgelist.csv
FA1_CD19_Bcells,357,1286,76750,130065.52789336085,3.06551194190979,../network_data/subpopulations_in_progress/FA1_CD19_Bcells/FA1_CD19_Bcells_357_nodelist.csv,../network_data/subpopulations_in_progress/FA1_CD19_Bcells/FA1_CD19_Bcells_357_edgelist.csv
FA1_CD19_Bcells,3909,1039,52662,90836.91121670055,1.9756979942321777,../network_data/subpopulations_in_progress/FA1_CD19_Bcells/FA1_CD19_Bcells_3909_nodelist.csv,../network_data/subpopulations_in_progress/FA1_CD19_Bcells/FA1_CD19_Bcells_3909_edgelist.csv
FA1_CD19_Bcells,622,938,45369,78695.41129613729,1.5818660259246826,../network_data/subpopulations_in_progress/FA1_CD19_Bcells/FA1_CD19_Bcells_622_nodelist.csv,../network_data/subpopulations_in_progress/FA1_CD19_Bcells/FA1_CD19_Bcells_622_edgelist.csv
FA1_CD19_Bcells,980,633,20781,34929.032944308274,0.7264499664306641,../network_data/subpopulations_in_progress/FA1_CD19_Bcells/FA1_CD19_Bcells_980_nodelist.csv,../network_data/subpopulations_in_progress/FA1_CD19_Bcells/FA1_CD19_Bcells_980_edgelist.csv
FA1_CD19_Bcells,509,1161,65358,113011.23150575261,2.5440142154693604,../network_data/subpopulations_in_progress/FA1_CD19_Bcells/FA1_CD19_Bcells_509_nodelist.csv,../network_data/subpopulations_in_progress/FA1_CD19_Bcells/FA1_CD19_Bcells_509_edgelist.csv
FA1_CD19_Bcells,1030,3275,384973,833613.4124930404,21.56926202774048,../network_data/subpopulations_in_progress/FA1_CD19_Bcells/FA1_CD19_Bcells_1030_nodelist.csv,../network_data/subpopulations_in_progress/FA1_CD19_Bcells/FA1_CD19_Bcells_1030_edgelist.csv
FA1_CD19_Bcells,3561,1477,95606,169225.00852969897,5.064897060394287,../network_data/subpopulations_in_progress/FA1_CD19_Bcells/FA1_CD19_Bcells_3561_nodelist.csv,../network_data/subpopulations_in_progress/FA1_CD19_Bcells/FA1_CD19_Bcells_3561_edgelist.csv
FA1_CD19_Bcells,389,759,29492,49982.95629206919,1.0179169178009033,../network_data/subpopulations_in_progress/FA1_CD19_Bcells/FA1_CD19_Bcells_389_nodelist.csv,../network_data/subpopulations_in_progress/FA1_CD19_Bcells/FA1_CD19_Bcells_389_edgelist.csv
FA1_CD19_Bcells,4261,1127,62073,108405.91296040046,2.3349449634552,../network_data/subpopulations_in_progress/FA1_CD19_Bcells/FA1_CD19_Bcells_4261_nodelist.csv,../network_data/subpopulations_in_progress/FA1_CD19_Bcells/FA1_CD19_Bcells_4261_edgelist.csv
FA1_CD19_Bcells,502,962,42939,72255.74806112393,1.6748080253601074,../network_data/subpopulations_in_progress/FA1_CD19_Bcells/FA1_CD19_Bcells_502_nodelist.csv,../network_data/subpopulations_in_progress/FA1_CD19_Bcells/FA1_CD19_Bcells_502_edgelist.csv
FA1_CD19_Bcells,1852,1730,132580,224710.07853200668,5.884468078613281,../network_data/subpopulations_in_progress/FA1_CD19_Bcells/FA1_CD19_Bcells_1852_nodelist.csv,../network_data/subpopulations_in_progress/FA1_CD19_Bcells/FA1_CD19_Bcells_1852_edgelist.csv
FA1_CD19_Bcells,3231,871,37769,66519.41567846714,1.3669469356536865,../network_data/subpopulations_in_progress/FA1_CD19_Bcells/FA1_CD19_Bcells_3231_nodelist.csv,../network_data/subpopulations_in_progress/FA1_CD19_Bcells/FA1_CD19_Bcells_3231_edgelist.csv
FA1_CD19_Bcells,101,754,31693,57741.886107580285,1.0573999881744385,../network_data/subpopulations_in_progress/FA1_CD19_Bcells/FA1_CD19_Bcells_101_nodelist.csv,../network_data/subpopulations_in_progress/FA1_CD19_Bcells/FA1_CD19_Bcells_101_edgelist.csv
FA1_CD19_Bcells,2417,826,33105,65202.47636402484,1.2248971462249756,../network_data/subpopulations_in_progress/FA1_CD19_Bcells/FA1_CD19_Bcells_2417_nodelist.csv,../network_data/subpopulations_in_progress/FA1_CD19_Bcells/FA1_CD19_Bcells_2417_edgelist.csv
FA1_CD19_Bcells,2791,1041,54522,85688.06996799858,2.1429970264434814,../network_data/subpopulations_in_progress/FA1_CD19_Bcells/FA1_CD19_Bcells_2791_nodelist.csv,../network_data/subpopulations_in_progress/FA1_CD19_Bcells/FA1_CD19_Bcells_2791_edgelist.csv
FA1_CD19_Bcells,4181,2619,238893,472187.06087475986,14.3024160861969,../network_data/subpopulations_in_progress/FA1_CD19_Bcells/FA1_CD19_Bcells_4181_nodelist.csv,../network_data/subpopulations_in_progress/FA1_CD19_Bcells/FA1_CD19_Bcells_4181_edgelist.csv
FA1_CD19_Bcells,4539,1306,79280,127774.88055945138,3.188175916671753,../network_data/subpopulations_in_progress/FA1_CD19_Bcells/FA1_CD19_Bcells_4539_nodelist.csv,../network_data/subpopulations_in_progress/FA1_CD19_Bcells/FA1_CD19_Bcells_4539_edgelist.csv
FA1_CD19_Bcells,904,937,42079,77537.49638750123,1.5880780220031738,../network_data/subpopulations_in_progress/FA1_CD19_Bcells/FA1_CD19_Bcells_904_nodelist.csv,../network_data/subpopulations_in_progress/FA1_CD19_Bcells/FA1_CD19_Bcells_904_edgelist.csv
FA1_CD19_Bcells,4433,1401,92484,161862.63797532325,3.809950828552246,../network_data/subpopulations_in_progress/FA1_CD19_Bcells/FA1_CD19_Bcells_4433_nodelist.csv,../network_data/subpopulations_in_progress/FA1_CD19_Bcells/FA1_CD19_Bcells_4433_edgelist.csv
FA1_CD19_Bcells,3332,1491,100211,178339.672309371,4.247858047485352,../network_data/subpopulations_in_progress/FA1_CD19_Bcells/FA1_CD19_Bcells_3332_nodelist.csv,../network_data/subpopulations_in_progress/FA1_CD19_Bcells/FA1_CD19_Bcells_3332_edgelist.csv
FA1_CD19_Bcells,3864,1204,73034,123508.6778326914,2.7311630249023438,../network_data/subpopulations_in_progress/FA1_CD19_Bcells/FA1_CD19_Bcells_3864_nodelist.csv,../network_data/subpopulations_in_progress/FA1_CD19_Bcells/FA1_CD19_Bcells_3864_edgelist.csv
FA1_CD19_Bcells,4437,921,41569,73540.59180298397,1.5525319576263428,../network_data/subpopulations_in_progress/FA1_CD19_Bcells/FA1_CD19_Bcells_4437_nodelist.csv,../network_data/subpopulations_in_progress/FA1_CD19_Bcells/FA1_CD19_Bcells_4437_edgelist.csv
FA1_CD19_Bcells,1217,1101,61557,108827.02806530701,2.4198050498962402,../network_data/subpopulations_in_progress/FA1_CD19_Bcells/FA1_CD19_Bcells_1217_nodelist.csv,../network_data/subpopulations_in_progress/FA1_CD19_Bcells/FA1_CD19_Bcells_1217_edgelist.csv
FA1_CD19_Bcells,4783,1181,61916,107820.34432963279,2.5646910667419434,../network_data/subpopulations_in_progress/FA1_CD19_Bcells/FA1_CD19_Bcells_4783_nodelist.csv,../network_data/subpopulations_in_progress/FA1_CD19_Bcells/FA1_CD19_Bcells_4783_edgelist.csv
FA1_CD19_Bcells,2319,4462,648984,1578292.842253272,42.85104298591614,../network_data/subpopulations_in_progress/FA1_CD19_Bcells/FA1_CD19_Bcells_2319_nodelist.csv,../network_data/subpopulations_in_progress/FA1_CD19_Bcells/FA1_CD19_Bcells_2319_edgelist.csv
FA1_CD19_Bcells,4132,1035,53157,94565.88061802987,1.917388916015625,../network_data/subpopulations_in_progress/FA1_CD19_Bcells/FA1_CD19_Bcells_4132_nodelist.csv,../network_data/subpopulations_in_progress/FA1_CD19_Bcells/FA1_CD19_Bcells_4132_edgelist.csv
FA1_CD19_Bcells,3020,720,25300,43831.27538669936,0.8841907978057861,../network_data/subpopulations_in_progress/FA1_CD19_Bcells/FA1_CD19_Bcells_3020_nodelist.csv,../network_data/subpopulations_in_progress/FA1_CD19_Bcells/FA1_CD19_Bcells_3020_edgelist.csv
FA1_CD19_Bcells,593,1142,56372,97075.34811079434,2.378329038619995,../network_data/subpopulations_in_progress/FA1_CD19_Bcells/FA1_CD19_Bcells_593_nodelist.csv,../network_data/subpopulations_in_progress/FA1_CD19_Bcells/FA1_CD19_Bcells_593_edgelist.csv
FA1_CD19_Bcells,4793,664,28280,41737.77885942923,0.7958970069885254,../network_data/subpopulations_in_progress/FA1_CD19_Bcells/FA1_CD19_Bcells_4793_nodelist.csv,../network_data/subpopulations_in_progress/FA1_CD19_Bcells/FA1_CD19_Bcells_4793_edgelist.csv
FA1_CD19_Bcells,1028,980,51314,81422.73224278342,1.7861099243164062,../network_data/subpopulations_in_progress/FA1_CD19_Bcells/FA1_CD19_Bcells_1028_nodelist.csv,../network_data/subpopulations_in_progress/FA1_CD19_Bcells/FA1_CD19_Bcells_1028_edgelist.csv
FA1_CD19_Bcells,2846,1164,69501,114272.7816166102,2.567099094390869,../network_data/subpopulations_in_progress/FA1_CD19_Bcells/FA1_CD19_Bcells_2846_nodelist.csv,../network_data/subpopulations_in_progress/FA1_CD19_Bcells/FA1_CD19_Bcells_2846_edgelist.csv
FA1_CD19_Bcells,1550,889,39357,66534.75141200733,1.4139330387115479,../network_data/subpopulations_in_progress/FA1_CD19_Bcells/FA1_CD19_Bcells_1550_nodelist.csv,../network_data/subpopulations_in_progress/FA1_CD19_Bcells/FA1_CD19_Bcells_1550_edgelist.csv
FA1_CD19_Bcells,992,1115,61576,99917.5803111802,2.2976250648498535,../network_data/subpopulations_in_progress/FA1_CD19_Bcells/FA1_CD19_Bcells_992_nodelist.csv,../network_data/subpopulations_in_progress/FA1_CD19_Bcells/FA1_CD19_Bcells_992_edgelist.csv
FA1_CD19_Bcells,1723,982,46889,79467.98084504971,1.7649660110473633,../network_data/subpopulations_in_progress/FA1_CD19_Bcells/FA1_CD19_Bcells_1723_nodelist.csv,../network_data/subpopulations_in_progress/FA1_CD19_Bcells/FA1_CD19_Bcells_1723_edgelist.csv
FA1_CD19_Bcells,2964,1219,70266,117507.18854123256,2.912853956222534,../network_data/subpopulations_in_progress/FA1_CD19_Bcells/FA1_CD19_Bcells_2964_nodelist.csv,../network_data/subpopulations_in_progress/FA1_CD19_Bcells/FA1_CD19_Bcells_2964_edgelist.csv
FA1_CD19_Bcells,1982,1128,59357,109833.3413766016,2.3371498584747314,../network_data/subpopulations_in_progress/FA1_CD19_Bcells/FA1_CD19_Bcells_1982_nodelist.csv,../network_data/subpopulations_in_progress/FA1_CD19_Bcells/FA1_CD19_Bcells_1982_edgelist.csv
FA1_CD19_Bcells,518,1731,122459,226699.55633671777,6.1457679271698,../network_data/subpopulations_in_progress/FA1_CD19_Bcells/FA1_CD19_Bcells_518_nodelist.csv,../network_data/subpopulations_in_progress/FA1_CD19_Bcells/FA1_CD19_Bcells_518_edgelist.csv
FA1_CD19_Bcells,517,877,40641,63215.348465769486,1.378939151763916,../network_data/subpopulations_in_progress/FA1_CD19_Bcells/FA1_CD19_Bcells_517_nodelist.csv,../network_data/subpopulations_in_progress/FA1_CD19_Bcells/FA1_CD19_Bcells_517_edgelist.csv
FA1_CD19_Bcells,4157,1203,70115,126877.12774756254,2.6833019256591797,../network_data/subpopulations_in_progress/FA1_CD19_Bcells/FA1_CD19_Bcells_4157_nodelist.csv,../network_data/subpopulations_in_progress/FA1_CD19_Bcells/FA1_CD19_Bcells_4157_edgelist.csv
FA1_CD19_Bcells,2536,847,35244,56052.5256997397,1.2918660640716553,../network_data/subpopulations_in_progress/FA1_CD19_Bcells/FA1_CD19_Bcells_2536_nodelist.csv,../network_data/subpopulations_in_progress/FA1_CD19_Bcells/FA1_CD19_Bcells_2536_edgelist.csv
FA1_CD19_Bcells,4305,1113,53737,99659.48552025718,2.223651885986328,../network_data/subpopulations_in_progress/FA1_CD19_Bcells/FA1_CD19_Bcells_4305_nodelist.csv,../network_data/subpopulations_in_progress/FA1_CD19_Bcells/FA1_CD19_Bcells_4305_edgelist.csv
FA1_CD19_Bcells,3320,1182,65279,120307.93433544088,2.5975451469421387,../network_data/subpopulations_in_progress/FA1_CD19_Bcells/FA1_CD19_Bcells_3320_nodelist.csv,../network_data/subpopulations_in_progress/FA1_CD19_Bcells/FA1_CD19_Bcells_3320_edgelist.csv
FA1_CD19_Bcells,3134,960,42102,79331.11973351268,1.666107177734375,../network_data/subpopulations_in_progress/FA1_CD19_Bcells/FA1_CD19_Bcells_3134_nodelist.csv,../network_data/subpopulations_in_progress/FA1_CD19_Bcells/FA1_CD19_Bcells_3134_edgelist.csv
FA1_CD19_Bcells,856,636,27098,43744.679675835745,0.7481188774108887,../network_data/subpopulations_in_progress/FA1_CD19_Bcells/FA1_CD19_Bcells_856_nodelist.csv,../network_data/subpopulations_in_progress/FA1_CD19_Bcells/FA1_CD19_Bcells_856_edgelist.csv
FA1_CD19_Bcells,4223,1100,53218,102519.35256542763,2.17722487449646,../network_data/subpopulations_in_progress/FA1_CD19_Bcells/FA1_CD19_Bcells_4223_nodelist.csv,../network_data/subpopulations_in_progress/FA1_CD19_Bcells/FA1_CD19_Bcells_4223_edgelist.csv
FA1_CD19_Bcells,3138,853,42968,68559.0500728452,1.3490309715270996,../network_data/subpopulations_in_progress/FA1_CD19_Bcells/FA1_CD19_Bcells_3138_nodelist.csv,../network_data/subpopulations_in_progress/FA1_CD19_Bcells/FA1_CD19_Bcells_3138_edgelist.csv
FA1_CD19_Bcells,3283,787,34744,60934.62203479561,1.1513171195983887,../network_data/subpopulations_in_progress/FA1_CD19_Bcells/FA1_CD19_Bcells_3283_nodelist.csv,../network_data/subpopulations_in_progress/FA1_CD19_Bcells/FA1_CD19_Bcells_3283_edgelist.csv
FA1_CD19_Bcells,1154,1072,53220,93807.66400834323,2.0916428565979004,../network_data/subpopulations_in_progress/FA1_CD19_Bcells/FA1_CD19_Bcells_1154_nodelist.csv,../network_data/subpopulations_in_progress/FA1_CD19_Bcells/FA1_CD19_Bcells_1154_edgelist.csv
FA1_CD19_Bcells,2323,965,49649,85266.4219665654,1.8549678325653076,../network_data/subpopulations_in_progress/FA1_CD19_Bcells/FA1_CD19_Bcells_2323_nodelist.csv,../network_data/subpopulations_in_progress/FA1_CD19_Bcells/FA1_CD19_Bcells_2323_edgelist.csv
FA1_CD19_Bcells,3284,1184,68609,110097.6291951117,2.600235939025879,../network_data/subpopulations_in_progress/FA1_CD19_Bcells/FA1_CD19_Bcells_3284_nodelist.csv,../network_data/subpopulations_in_progress/FA1_CD19_Bcells/FA1_CD19_Bcells_3284_edgelist.csv
FA1_CD19_Bcells,1658,1254,68574,116697.95080297312,2.8730900287628174,../network_data/subpopulations_in_progress/FA1_CD19_Bcells/FA1_CD19_Bcells_1658_nodelist.csv,../network_data/subpopulations_in_progress/FA1_CD19_Bcells/FA1_CD19_Bcells_1658_edgelist.csv
FA1_CD19_Bcells,569,1087,52543,102909.16029446948,2.133070945739746,../network_data/subpopulations_in_progress/FA1_CD19_Bcells/FA1_CD19_Bcells_569_nodelist.csv,../network_data/subpopulations_in_progress/FA1_CD19_Bcells/FA1_CD19_Bcells_569_edgelist.csv
FA1_CD19_Bcells,2879,1024,48910,91855.05841008121,1.9032299518585205,../network_data/subpopulations_in_progress/FA1_CD19_Bcells/FA1_CD19_Bcells_2879_nodelist.csv,../network_data/subpopulations_in_progress/FA1_CD19_Bcells/FA1_CD19_Bcells_2879_edgelist.csv
FA1_CD19_Bcells,1230,1039,50209,88145.62866707107,2.1108689308166504,../network_data/subpopulations_in_progress/FA1_CD19_Bcells/FA1_CD19_Bcells_1230_nodelist.csv,../network_data/subpopulations_in_progress/FA1_CD19_Bcells/FA1_CD19_Bcells_1230_edgelist.csv
FA1_CD19_Bcells,1856,3901,539773,1274271.8270645803,32.04867100715637,../network_data/subpopulations_in_progress/FA1_CD19_Bcells/FA1_CD19_Bcells_1856_nodelist.csv,../network_data/subpopulations_in_progress/FA1_CD19_Bcells/FA1_CD19_Bcells_1856_edgelist.csv
FA1_CD19_Bcells,1546,1165,69967,119150.72662466628,2.5010499954223633,../network_data/subpopulations_in_progress/FA1_CD19_Bcells/FA1_CD19_Bcells_1546_nodelist.csv,../network_data/subpopulations_in_progress/FA1_CD19_Bcells/FA1_CD19_Bcells_1546_edgelist.csv
FA1_CD19_Bcells,279,1202,64743,126509.15210161857,2.6596970558166504,../network_data/subpopulations_in_progress/FA1_CD19_Bcells/FA1_CD19_Bcells_279_nodelist.csv,../network_data/subpopulations_in_progress/FA1_CD19_Bcells/FA1_CD19_Bcells_279_edgelist.csv
FA1_CD19_Bcells,278,3868,539899,1239201.1919920747,31.619372844696045,../network_data/subpopulations_in_progress/FA1_CD19_Bcells/FA1_CD19_Bcells_278_nodelist.csv,../network_data/subpopulations_in_progress/FA1_CD19_Bcells/FA1_CD19_Bcells_278_edgelist.csv
FA1_CD19_Bcells,2874,1056,53250,93189.395651764,1.969480037689209,../network_data/subpopulations_in_progress/FA1_CD19_Bcells/FA1_CD19_Bcells_2874_nodelist.csv,../network_data/subpopulations_in_progress/FA1_CD19_Bcells/FA1_CD19_Bcells_2874_edgelist.csv
FA1_CD19_Bcells,3881,1634,103941,188747.3114636973,5.041400909423828,../network_data/subpopulations_in_progress/FA1_CD19_Bcells/FA1_CD19_Bcells_3881_nodelist.csv,../network_data/subpopulations_in_progress/FA1_CD19_Bcells/FA1_CD19_Bcells_3881_edgelist.csv
FA1_CD19_Bcells,2113,525,16047,28159.05601307028,0.48251795768737793,../network_data/subpopulations_in_progress/FA1_CD19_Bcells/FA1_CD19_Bcells_2113_nodelist.csv,../network_data/subpopulations_in_progress/FA1_CD19_Bcells/FA1_CD19_Bcells_2113_edgelist.csv
FA1_CD19_Bcells,476,962,44107,77791.56134084382,1.6953999996185303,../network_data/subpopulations_in_progress/FA1_CD19_Bcells/FA1_CD19_Bcells_476_nodelist.csv,../network_data/subpopulations_in_progress/FA1_CD19_Bcells/FA1_CD19_Bcells_476_edgelist.csv
FA1_CD19_Bcells,1468,1232,71765,125981.2235886911,2.8463149070739746,../network_data/subpopulations_in_progress/FA1_CD19_Bcells/FA1_CD19_Bcells_1468_nodelist.csv,../network_data/subpopulations_in_progress/FA1_CD19_Bcells/FA1_CD19_Bcells_1468_edgelist.csv
FA1_CD19_Bcells,1025,1077,58226,95586.43799131192,2.1181540489196777,../network_data/subpopulations_in_progress/FA1_CD19_Bcells/FA1_CD19_Bcells_1025_nodelist.csv,../network_data/subpopulations_in_progress/FA1_CD19_Bcells/FA1_CD19_Bcells_1025_edgelist.csv
FA1_CD19_Bcells,4315,1210,68315,124058.80429866495,2.730226993560791,../network_data/subpopulations_in_progress/FA1_CD19_Bcells/FA1_CD19_Bcells_4315_nodelist.csv,../network_data/subpopulations_in_progress/FA1_CD19_Bcells/FA1_CD19_Bcells_4315_edgelist.csv
FA1_CD19_Bcells,4314,3156,342832,726670.6286357532,20.1616849899292,../network_data/subpopulations_in_progress/FA1_CD19_Bcells/FA1_CD19_Bcells_4314_nodelist.csv,../network_data/subpopulations_in_progress/FA1_CD19_Bcells/FA1_CD19_Bcells_4314_edgelist.csv
FA1_CD19_Bcells,4092,1130,59282,100315.43280206143,2.4374630451202393,../network_data/subpopulations_in_progress/FA1_CD19_Bcells/FA1_CD19_Bcells_4092_nodelist.csv,../network_data/subpopulations_in_progress/FA1_CD19_Bcells/FA1_CD19_Bcells_4092_edgelist.csv
FA1_CD19_Bcells,4789,1131,59396,105171.75422178775,2.3841559886932373,../network_data/subpopulations_in_progress/FA1_CD19_Bcells/FA1_CD19_Bcells_4789_nodelist.csv,../network_data/subpopulations_in_progress/FA1_CD19_Bcells/FA1_CD19_Bcells_4789_edgelist.csv
FA1_CD19_Bcells,4554,1580,97619,187846.64740292652,4.573154926300049,../network_data/subpopulations_in_progress/FA1_CD19_Bcells/FA1_CD19_Bcells_4554_nodelist.csv,../network_data/subpopulations_in_progress/FA1_CD19_Bcells/FA1_CD19_Bcells_4554_edgelist.csv
FA1_CD19_Bcells,36,965,43428,78707.99313413327,1.6596510410308838,../network_data/subpopulations_in_progress/FA1_CD19_Bcells/FA1_CD19_Bcells_36_nodelist.csv,../network_data/subpopulations_in_progress/FA1_CD19_Bcells/FA1_CD19_Bcells_36_edgelist.csv
FA1_CD19_Bcells,1661,1047,53342,90485.32962009497,1.9951860904693604,../network_data/subpopulations_in_progress/FA1_CD19_Bcells/FA1_CD19_Bcells_1661_nodelist.csv,../network_data/subpopulations_in_progress/FA1_CD19_Bcells/FA1_CD19_Bcells_1661_edgelist.csv
FA1_CD19_Bcells,4254,994,46074,79939.00758543218,1.7807819843292236,../network_data/subpopulations_in_progress/FA1_CD19_Bcells/FA1_CD19_Bcells_4254_nodelist.csv,../network_data/subpopulations_in_progress/FA1_CD19_Bcells/FA1_CD19_Bcells_4254_edgelist.csv
FA1_CD19_Bcells,3136,590,20586,34652.00026110014,0.6505210399627686,../network_data/subpopulations_in_progress/FA1_CD19_Bcells/FA1_CD19_Bcells_3136_nodelist.csv,../network_data/subpopulations_in_progress/FA1_CD19_Bcells/FA1_CD19_Bcells_3136_edgelist.csv
FA1_CD19_Bcells,30,1020,52116,86755.97847267761,1.887511968612671,../network_data/subpopulations_in_progress/FA1_CD19_Bcells/FA1_CD19_Bcells_30_nodelist.csv,../network_data/subpopulations_in_progress/FA1_CD19_Bcells/FA1_CD19_Bcells_30_edgelist.csv
FA1_CD19_Bcells,3722,3558,444924,995757.7467900425,26.59219002723694,../network_data/subpopulations_in_progress/FA1_CD19_Bcells/FA1_CD19_Bcells_3722_nodelist.csv,../network_data/subpopulations_in_progress/FA1_CD19_Bcells/FA1_CD19_Bcells_3722_edgelist.csv
FA1_CD19_Bcells,848,748,33503,50388.033321842835,1.0006470680236816,../network_data/subpopulations_in_progress/FA1_CD19_Bcells/FA1_CD19_Bcells_848_nodelist.csv,../network_data/subpopulations_in_progress/FA1_CD19_Bcells/FA1_CD19_Bcells_848_edgelist.csv
FA1_CD19_Bcells,1335,1298,73904,129245.84921104465,3.1143431663513184,../network_data/subpopulations_in_progress/FA1_CD19_Bcells/FA1_CD19_Bcells_1335_nodelist.csv,../network_data/subpopulations_in_progress/FA1_CD19_Bcells/FA1_CD19_Bcells_1335_edgelist.csv
FA1_CD19_Bcells,4978,677,24457,39169.967831302536,0.823883056640625,../network_data/subpopulations_in_progress/FA1_CD19_Bcells/FA1_CD19_Bcells_4978_nodelist.csv,../network_data/subpopulations_in_progress/FA1_CD19_Bcells/FA1_CD19_Bcells_4978_edgelist.csv
FA1_CD19_Bcells,4725,879,37169,63691.2012190897,1.4606778621673584,../network_data/subpopulations_in_progress/FA1_CD19_Bcells/FA1_CD19_Bcells_4725_nodelist.csv,../network_data/subpopulations_in_progress/FA1_CD19_Bcells/FA1_CD19_Bcells_4725_edgelist.csv
FA1_CD19_Bcells,302,983,46258,81561.65684515571,1.7981770038604736,../network_data/subpopulations_in_progress/FA1_CD19_Bcells/FA1_CD19_Bcells_302_nodelist.csv,../network_data/subpopulations_in_progress/FA1_CD19_Bcells/FA1_CD19_Bcells_302_edgelist.csv
FA1_CD19_Bcells,4853,680,28690,46306.80756585612,0.84397292137146,../network_data/subpopulations_in_progress/FA1_CD19_Bcells/FA1_CD19_Bcells_4853_nodelist.csv,../network_data/subpopulations_in_progress/FA1_CD19_Bcells/FA1_CD19_Bcells_4853_edgelist.csv
FA1_CD19_Bcells,1473,1043,51729,88955.75529795095,2.0017919540405273,../network_data/subpopulations_in_progress/FA1_CD19_Bcells/FA1_CD19_Bcells_1473_nodelist.csv,../network_data/subpopulations_in_progress/FA1_CD19_Bcells/FA1_CD19_Bcells_1473_edgelist.csv
FA1_CD19_Bcells,934,1118,63574,105133.89596284575,2.4757800102233887,../network_data/subpopulations_in_progress/FA1_CD19_Bcells/FA1_CD19_Bcells_934_nodelist.csv,../network_data/subpopulations_in_progress/FA1_CD19_Bcells/FA1_CD19_Bcells_934_edgelist.csv
FA1_CD19_Bcells,2949,1544,103268,179747.68076046376,4.50449800491333,../network_data/subpopulations_in_progress/FA1_CD19_Bcells/FA1_CD19_Bcells_2949_nodelist.csv,../network_data/subpopulations_in_progress/FA1_CD19_Bcells/FA1_CD19_Bcells_2949_edgelist.csv
FA1_CD19_Bcells,3899,525,12078,28325.78871889693,0.447721004486084,../network_data/subpopulations_in_progress/FA1_CD19_Bcells/FA1_CD19_Bcells_3899_nodelist.csv,../network_data/subpopulations_in_progress/FA1_CD19_Bcells/FA1_CD19_Bcells_3899_edgelist.csv
FA1_CD19_Bcells,2945,782,29922,56476.960401944336,1.0874838829040527,../network_data/subpopulations_in_progress/FA1_CD19_Bcells/FA1_CD19_Bcells_2945_nodelist.csv,../network_data/subpopulations_in_progress/FA1_CD19_Bcells/FA1_CD19_Bcells_2945_edgelist.csv
FA1_CD19_Bcells,4075,1379,84097,152772.55065571825,3.553291082382202,../network_data/subpopulations_in_progress/FA1_CD19_Bcells/FA1_CD19_Bcells_4075_nodelist.csv,../network_data/subpopulations_in_progress/FA1_CD19_Bcells/FA1_CD19_Bcells_4075_edgelist.csv
FA1_CD19_Bcells,398,540,16041,32516.991762312697,0.49744200706481934,../network_data/subpopulations_in_progress/FA1_CD19_Bcells/FA1_CD19_Bcells_398_nodelist.csv,../network_data/subpopulations_in_progress/FA1_CD19_Bcells/FA1_CD19_Bcells_398_edgelist.csv
FA1_CD19_Bcells,4568,1579,110094,191230.83663397635,4.699167013168335,../network_data/subpopulations_in_progress/FA1_CD19_Bcells/FA1_CD19_Bcells_4568_nodelist.csv,../network_data/subpopulations_in_progress/FA1_CD19_Bcells/FA1_CD19_Bcells_4568_edgelist.csv
FA1_CD19_Bcells,1939,1280,76784,129941.27101770807,3.2240850925445557,../network_data/subpopulations_in_progress/FA1_CD19_Bcells/FA1_CD19_Bcells_1939_nodelist.csv,../network_data/subpopulations_in_progress/FA1_CD19_Bcells/FA1_CD19_Bcells_1939_edgelist.csv
FA1_CD19_Bcells,3343,1187,64554,113284.11213112224,2.7688100337982178,../network_data/subpopulations_in_progress/FA1_CD19_Bcells/FA1_CD19_Bcells_3343_nodelist.csv,../network_data/subpopulations_in_progress/FA1_CD19_Bcells/FA1_CD19_Bcells_3343_edgelist.csv
FA1_CD19_Bcells,2503,1151,64694,111328.27846239049,2.429698944091797,../network_data/subpopulations_in_progress/FA1_CD19_Bcells/FA1_CD19_Bcells_2503_nodelist.csv,../network_data/subpopulations_in_progress/FA1_CD19_Bcells/FA1_CD19_Bcells_2503_edgelist.csv
FA1_CD19_Bcells,2053,892,44643,81650.79193611223,1.4669301509857178,../network_data/subpopulations_in_progress/FA1_CD19_Bcells/FA1_CD19_Bcells_2053_nodelist.csv,../network_data/subpopulations_in_progress/FA1_CD19_Bcells/FA1_CD19_Bcells_2053_edgelist.csv
FA1_CD19_Bcells,2111,1167,57461,100739.84676534122,2.4786250591278076,../network_data/subpopulations_in_progress/FA1_CD19_Bcells/FA1_CD19_Bcells_2111_nodelist.csv,../network_data/subpopulations_in_progress/FA1_CD19_Bcells/FA1_CD19_Bcells_2111_edgelist.csv
FA1_CD19_Bcells,3594,1467,97845,170643.38381900714,4.327277898788452,../network_data/subpopulations_in_progress/FA1_CD19_Bcells/FA1_CD19_Bcells_3594_nodelist.csv,../network_data/subpopulations_in_progress/FA1_CD19_Bcells/FA1_CD19_Bcells_3594_edgelist.csv
FA1_CD19_Bcells,2425,1001,53083,87793.14834583073,1.8732340335845947,../network_data/subpopulations_in_progress/FA1_CD19_Bcells/FA1_CD19_Bcells_2425_nodelist.csv,../network_data/subpopulations_in_progress/FA1_CD19_Bcells/FA1_CD19_Bcells_2425_edgelist.csv
FA1_CD19_Bcells,2225,1202,61699,108976.40451109159,2.6406760215759277,../network_data/subpopulations_in_progress/FA1_CD19_Bcells/FA1_CD19_Bcells_2225_nodelist.csv,../network_data/subpopulations_in_progress/FA1_CD19_Bcells/FA1_CD19_Bcells_2225_edgelist.csv
FA1_CD19_Bcells,3690,1344,85332,145802.13130582284,3.3933820724487305,../network_data/subpopulations_in_progress/FA1_CD19_Bcells/FA1_CD19_Bcells_3690_nodelist.csv,../network_data/subpopulations_in_progress/FA1_CD19_Bcells/FA1_CD19_Bcells_3690_edgelist.csv
FA1_CD19_Bcells,4407,390,8806,17608.157876194025,0.2527298927307129,../network_data/subpopulations_in_progress/FA1_CD19_Bcells/FA1_CD19_Bcells_4407_nodelist.csv,../network_data/subpopulations_in_progress/FA1_CD19_Bcells/FA1_CD19_Bcells_4407_edgelist.csv
FA1_CD19_Bcells,3111,1199,73561,122079.34064887333,2.702842950820923,../network_data/subpopulations_in_progress/FA1_CD19_Bcells/FA1_CD19_Bcells_3111_nodelist.csv,../network_data/subpopulations_in_progress/FA1_CD19_Bcells/FA1_CD19_Bcells_3111_edgelist.csv
