subpopulation,cell_num,num_nodes,num_edges,giulia_spatial_entropy,runtime,nodelist,edgelist
FA1_MYL9_smoothmuscle,984,3808,488542,1036917.4797841257,27.154120922088623,../network_data/subpopulations_in_progress/FA1_MYL9_smoothmuscle/FA1_MYL9_smoothmuscle_984_nodelist.csv,../network_data/subpopulations_in_progress/FA1_MYL9_smoothmuscle/FA1_MYL9_smoothmuscle_984_edgelist.csv
FA1_MYL9_smoothmuscle,2699,3441,388834,866764.2634557321,24.371850967407227,../network_data/subpopulations_in_progress/FA1_MYL9_smoothmuscle/FA1_MYL9_smoothmuscle_2699_nodelist.csv,../network_data/subpopulations_in_progress/FA1_MYL9_smoothmuscle/FA1_MYL9_smoothmuscle_2699_edgelist.csv
FA1_MYL9_smoothmuscle,4607,4328,601874,1430522.359027771,39.67275786399841,../network_data/subpopulations_in_progress/FA1_MYL9_smoothmuscle/FA1_MYL9_smoothmuscle_4607_nodelist.csv,../network_data/subpopulations_in_progress/FA1_MYL9_smoothmuscle/FA1_MYL9_smoothmuscle_4607_edgelist.csv
FA1_MYL9_smoothmuscle,319,2286,193511,381140.55447017634,10.273581981658936,../network_data/subpopulations_in_progress/FA1_MYL9_smoothmuscle/FA1_MYL9_smoothmuscle_319_nodelist.csv,../network_data/subpopulations_in_progress/FA1_MYL9_smoothmuscle/FA1_MYL9_smoothmuscle_319_edgelist.csv
FA1_MYL9_smoothmuscle,4194,2733,244768,501611.3718984082,15.36572813987732,../network_data/subpopulations_in_progress/FA1_MYL9_smoothmuscle/FA1_MYL9_smoothmuscle_4194_nodelist.csv,../network_data/subpopulations_in_progress/FA1_MYL9_smoothmuscle/FA1_MYL9_smoothmuscle_4194_edgelist.csv
FA1_MYL9_smoothmuscle,3088,1450,83626,156700.7600440014,4.045654058456421,../network_data/subpopulations_in_progress/FA1_MYL9_smoothmuscle/FA1_MYL9_smoothmuscle_3088_nodelist.csv,../network_data/subpopulations_in_progress/FA1_MYL9_smoothmuscle/FA1_MYL9_smoothmuscle_3088_edgelist.csv
FA1_MYL9_smoothmuscle,1871,1309,62760,114665.23139231949,2.9999938011169434,../network_data/subpopulations_in_progress/FA1_MYL9_smoothmuscle/FA1_MYL9_smoothmuscle_1871_nodelist.csv,../network_data/subpopulations_in_progress/FA1_MYL9_smoothmuscle/FA1_MYL9_smoothmuscle_1871_edgelist.csv
FA1_MYL9_smoothmuscle,3152,1913,163214,291163.4908262543,7.053419828414917,../network_data/subpopulations_in_progress/FA1_MYL9_smoothmuscle/FA1_MYL9_smoothmuscle_3152_nodelist.csv,../network_data/subpopulations_in_progress/FA1_MYL9_smoothmuscle/FA1_MYL9_smoothmuscle_3152_edgelist.csv
FA1_MYL9_smoothmuscle,2142,3132,359178,778139.0670745907,18.96414589881897,../network_data/subpopulations_in_progress/FA1_MYL9_smoothmuscle/FA1_MYL9_smoothmuscle_2142_nodelist.csv,../network_data/subpopulations_in_progress/FA1_MYL9_smoothmuscle/FA1_MYL9_smoothmuscle_2142_edgelist.csv
FA1_MYL9_smoothmuscle,3081,3151,346386,742334.7765597753,19.304965019226074,../network_data/subpopulations_in_progress/FA1_MYL9_smoothmuscle/FA1_MYL9_smoothmuscle_3081_nodelist.csv,../network_data/subpopulations_in_progress/FA1_MYL9_smoothmuscle/FA1_MYL9_smoothmuscle_3081_edgelist.csv
FA1_MYL9_smoothmuscle,868,3679,493353,1053934.19760781,24.960832118988037,../network_data/subpopulations_in_progress/FA1_MYL9_smoothmuscle/FA1_MYL9_smoothmuscle_868_nodelist.csv,../network_data/subpopulations_in_progress/FA1_MYL9_smoothmuscle/FA1_MYL9_smoothmuscle_868_edgelist.csv
FA1_MYL9_smoothmuscle,2439,2037,146775,286146.95009000757,7.816230058670044,../network_data/subpopulations_in_progress/FA1_MYL9_smoothmuscle/FA1_MYL9_smoothmuscle_2439_nodelist.csv,../network_data/subpopulations_in_progress/FA1_MYL9_smoothmuscle/FA1_MYL9_smoothmuscle_2439_edgelist.csv
FA1_MYL9_smoothmuscle,2845,3066,310407,670503.2291485675,17.915065050125122,../network_data/subpopulations_in_progress/FA1_MYL9_smoothmuscle/FA1_MYL9_smoothmuscle_2845_nodelist.csv,../network_data/subpopulations_in_progress/FA1_MYL9_smoothmuscle/FA1_MYL9_smoothmuscle_2845_edgelist.csv
FA1_MYL9_smoothmuscle,296,2326,190664,374298.31559728325,10.609937906265259,../network_data/subpopulations_in_progress/FA1_MYL9_smoothmuscle/FA1_MYL9_smoothmuscle_296_nodelist.csv,../network_data/subpopulations_in_progress/FA1_MYL9_smoothmuscle/FA1_MYL9_smoothmuscle_296_edgelist.csv
FA1_MYL9_smoothmuscle,1678,3589,417630,974427.8752331734,25.64880394935608,../network_data/subpopulations_in_progress/FA1_MYL9_smoothmuscle/FA1_MYL9_smoothmuscle_1678_nodelist.csv,../network_data/subpopulations_in_progress/FA1_MYL9_smoothmuscle/FA1_MYL9_smoothmuscle_1678_edgelist.csv
FA1_MYL9_smoothmuscle,3034,2677,263583,565906.6571600455,13.501065969467163,../network_data/subpopulations_in_progress/FA1_MYL9_smoothmuscle/FA1_MYL9_smoothmuscle_3034_nodelist.csv,../network_data/subpopulations_in_progress/FA1_MYL9_smoothmuscle/FA1_MYL9_smoothmuscle_3034_edgelist.csv
FA1_MYL9_smoothmuscle,1928,1867,129060,248182.76449296888,5.5728089809417725,../network_data/subpopulations_in_progress/FA1_MYL9_smoothmuscle/FA1_MYL9_smoothmuscle_1928_nodelist.csv,../network_data/subpopulations_in_progress/FA1_MYL9_smoothmuscle/FA1_MYL9_smoothmuscle_1928_edgelist.csv
FA1_MYL9_smoothmuscle,4801,2474,206842,413849.9050065425,12.06056809425354,../network_data/subpopulations_in_progress/FA1_MYL9_smoothmuscle/FA1_MYL9_smoothmuscle_4801_nodelist.csv,../network_data/subpopulations_in_progress/FA1_MYL9_smoothmuscle/FA1_MYL9_smoothmuscle_4801_edgelist.csv
FA1_MYL9_smoothmuscle,1983,2248,189933,365022.0761073069,9.909607172012329,../network_data/subpopulations_in_progress/FA1_MYL9_smoothmuscle/FA1_MYL9_smoothmuscle_1983_nodelist.csv,../network_data/subpopulations_in_progress/FA1_MYL9_smoothmuscle/FA1_MYL9_smoothmuscle_1983_edgelist.csv
FA1_MYL9_smoothmuscle,4807,3316,416277,882023.2897684402,19.916159868240356,../network_data/subpopulations_in_progress/FA1_MYL9_smoothmuscle/FA1_MYL9_smoothmuscle_4807_nodelist.csv,../network_data/subpopulations_in_progress/FA1_MYL9_smoothmuscle/FA1_MYL9_smoothmuscle_4807_edgelist.csv
FA1_MYL9_smoothmuscle,4294,2802,299517,619361.7882602842,16.442495107650757,../network_data/subpopulations_in_progress/FA1_MYL9_smoothmuscle/FA1_MYL9_smoothmuscle_4294_nodelist.csv,../network_data/subpopulations_in_progress/FA1_MYL9_smoothmuscle/FA1_MYL9_smoothmuscle_4294_edgelist.csv
FA1_MYL9_smoothmuscle,1516,1998,175414,336471.0109536237,7.746095895767212,../network_data/subpopulations_in_progress/FA1_MYL9_smoothmuscle/FA1_MYL9_smoothmuscle_1516_nodelist.csv,../network_data/subpopulations_in_progress/FA1_MYL9_smoothmuscle/FA1_MYL9_smoothmuscle_1516_edgelist.csv
FA1_MYL9_smoothmuscle,3808,3812,494717,1151872.1432552033,32.37755513191223,../network_data/subpopulations_in_progress/FA1_MYL9_smoothmuscle/FA1_MYL9_smoothmuscle_3808_nodelist.csv,../network_data/subpopulations_in_progress/FA1_MYL9_smoothmuscle/FA1_MYL9_smoothmuscle_3808_edgelist.csv
FA1_MYL9_smoothmuscle,4772,2237,218665,414776.11578951275,9.258423089981079,../network_data/subpopulations_in_progress/FA1_MYL9_smoothmuscle/FA1_MYL9_smoothmuscle_4772_nodelist.csv,../network_data/subpopulations_in_progress/FA1_MYL9_smoothmuscle/FA1_MYL9_smoothmuscle_4772_edgelist.csv
FA1_MYL9_smoothmuscle,200,2251,190662,407825.59937563987,9.271482944488525,../network_data/subpopulations_in_progress/FA1_MYL9_smoothmuscle/FA1_MYL9_smoothmuscle_200_nodelist.csv,../network_data/subpopulations_in_progress/FA1_MYL9_smoothmuscle/FA1_MYL9_smoothmuscle_200_edgelist.csv
FA1_MYL9_smoothmuscle,1467,1232,59992,106018.21639391023,2.651028871536255,../network_data/subpopulations_in_progress/FA1_MYL9_smoothmuscle/FA1_MYL9_smoothmuscle_1467_nodelist.csv,../network_data/subpopulations_in_progress/FA1_MYL9_smoothmuscle/FA1_MYL9_smoothmuscle_1467_edgelist.csv
FA1_MYL9_smoothmuscle,1886,1472,85268,147101.06258624734,4.117335081100464,../network_data/subpopulations_in_progress/FA1_MYL9_smoothmuscle/FA1_MYL9_smoothmuscle_1886_nodelist.csv,../network_data/subpopulations_in_progress/FA1_MYL9_smoothmuscle/FA1_MYL9_smoothmuscle_1886_edgelist.csv
FA1_MYL9_smoothmuscle,4477,2870,276520,576076.5817469051,15.972355127334595,../network_data/subpopulations_in_progress/FA1_MYL9_smoothmuscle/FA1_MYL9_smoothmuscle_4477_nodelist.csv,../network_data/subpopulations_in_progress/FA1_MYL9_smoothmuscle/FA1_MYL9_smoothmuscle_4477_edgelist.csv
FA1_MYL9_smoothmuscle,1749,4346,576013,1337125.0447049479,43.068482875823975,../network_data/subpopulations_in_progress/FA1_MYL9_smoothmuscle/FA1_MYL9_smoothmuscle_1749_nodelist.csv,../network_data/subpopulations_in_progress/FA1_MYL9_smoothmuscle/FA1_MYL9_smoothmuscle_1749_edgelist.csv
FA1_MYL9_smoothmuscle,4366,2015,181242,338880.8563814831,7.851063966751099,../network_data/subpopulations_in_progress/FA1_MYL9_smoothmuscle/FA1_MYL9_smoothmuscle_4366_nodelist.csv,../network_data/subpopulations_in_progress/FA1_MYL9_smoothmuscle/FA1_MYL9_smoothmuscle_4366_edgelist.csv
FA1_MYL9_smoothmuscle,2930,2181,167824,346380.1411078306,8.550877094268799,../network_data/subpopulations_in_progress/FA1_MYL9_smoothmuscle/FA1_MYL9_smoothmuscle_2930_nodelist.csv,../network_data/subpopulations_in_progress/FA1_MYL9_smoothmuscle/FA1_MYL9_smoothmuscle_2930_edgelist.csv
FA1_MYL9_smoothmuscle,2834,1813,133565,237957.45858067388,6.127874135971069,../network_data/subpopulations_in_progress/FA1_MYL9_smoothmuscle/FA1_MYL9_smoothmuscle_2834_nodelist.csv,../network_data/subpopulations_in_progress/FA1_MYL9_smoothmuscle/FA1_MYL9_smoothmuscle_2834_edgelist.csv
FA1_MYL9_smoothmuscle,1580,4168,595651,1435145.9650608709,36.13706588745117,../network_data/subpopulations_in_progress/FA1_MYL9_smoothmuscle/FA1_MYL9_smoothmuscle_1580_nodelist.csv,../network_data/subpopulations_in_progress/FA1_MYL9_smoothmuscle/FA1_MYL9_smoothmuscle_1580_edgelist.csv
FA1_MYL9_smoothmuscle,2787,1330,77592,138638.86893000183,3.38525390625,../network_data/subpopulations_in_progress/FA1_MYL9_smoothmuscle/FA1_MYL9_smoothmuscle_2787_nodelist.csv,../network_data/subpopulations_in_progress/FA1_MYL9_smoothmuscle/FA1_MYL9_smoothmuscle_2787_edgelist.csv
FA1_MYL9_smoothmuscle,3000,1631,108421,184555.2750698849,4.871228933334351,../network_data/subpopulations_in_progress/FA1_MYL9_smoothmuscle/FA1_MYL9_smoothmuscle_3000_nodelist.csv,../network_data/subpopulations_in_progress/FA1_MYL9_smoothmuscle/FA1_MYL9_smoothmuscle_3000_edgelist.csv
FA1_MYL9_smoothmuscle,4729,2712,282678,590515.814471951,14.085870027542114,../network_data/subpopulations_in_progress/FA1_MYL9_smoothmuscle/FA1_MYL9_smoothmuscle_4729_nodelist.csv,../network_data/subpopulations_in_progress/FA1_MYL9_smoothmuscle/FA1_MYL9_smoothmuscle_4729_edgelist.csv
FA1_MYL9_smoothmuscle,4569,2579,236347,499878.633695555,12.3781259059906,../network_data/subpopulations_in_progress/FA1_MYL9_smoothmuscle/FA1_MYL9_smoothmuscle_4569_nodelist.csv,../network_data/subpopulations_in_progress/FA1_MYL9_smoothmuscle/FA1_MYL9_smoothmuscle_4569_edgelist.csv
FA1_MYL9_smoothmuscle,3242,3788,435911,1005264.5241776357,28.80162000656128,../network_data/subpopulations_in_progress/FA1_MYL9_smoothmuscle/FA1_MYL9_smoothmuscle_3242_nodelist.csv,../network_data/subpopulations_in_progress/FA1_MYL9_smoothmuscle/FA1_MYL9_smoothmuscle_3242_edgelist.csv
FA1_MYL9_smoothmuscle,4560,2737,252078,543681.9089828632,14.33721399307251,../network_data/subpopulations_in_progress/FA1_MYL9_smoothmuscle/FA1_MYL9_smoothmuscle_4560_nodelist.csv,../network_data/subpopulations_in_progress/FA1_MYL9_smoothmuscle/FA1_MYL9_smoothmuscle_4560_edgelist.csv
FA1_MYL9_smoothmuscle,96,4489,653279,1594513.5163235464,42.67804002761841,../network_data/subpopulations_in_progress/FA1_MYL9_smoothmuscle/FA1_MYL9_smoothmuscle_96_nodelist.csv,../network_data/subpopulations_in_progress/FA1_MYL9_smoothmuscle/FA1_MYL9_smoothmuscle_96_edgelist.csv
FA1_MYL9_smoothmuscle,675,2985,338016,713706.7128405008,17.38436985015869,../network_data/subpopulations_in_progress/FA1_MYL9_smoothmuscle/FA1_MYL9_smoothmuscle_675_nodelist.csv,../network_data/subpopulations_in_progress/FA1_MYL9_smoothmuscle/FA1_MYL9_smoothmuscle_675_edgelist.csv
FA1_MYL9_smoothmuscle,92,2780,272927,566312.3632374319,16.268696069717407,../network_data/subpopulations_in_progress/FA1_MYL9_smoothmuscle/FA1_MYL9_smoothmuscle_92_nodelist.csv,../network_data/subpopulations_in_progress/FA1_MYL9_smoothmuscle/FA1_MYL9_smoothmuscle_92_edgelist.csv
FA1_MYL9_smoothmuscle,454,2878,301494,622020.4175248626,17.461483001708984,../network_data/subpopulations_in_progress/FA1_MYL9_smoothmuscle/FA1_MYL9_smoothmuscle_454_nodelist.csv,../network_data/subpopulations_in_progress/FA1_MYL9_smoothmuscle/FA1_MYL9_smoothmuscle_454_edgelist.csv
FA1_MYL9_smoothmuscle,4170,4581,616279,1509756.904442054,44.894519090652466,../network_data/subpopulations_in_progress/FA1_MYL9_smoothmuscle/FA1_MYL9_smoothmuscle_4170_nodelist.csv,../network_data/subpopulations_in_progress/FA1_MYL9_smoothmuscle/FA1_MYL9_smoothmuscle_4170_edgelist.csv
FA1_MYL9_smoothmuscle,1177,1615,99765,195781.79537624033,4.743641138076782,../network_data/subpopulations_in_progress/FA1_MYL9_smoothmuscle/FA1_MYL9_smoothmuscle_1177_nodelist.csv,../network_data/subpopulations_in_progress/FA1_MYL9_smoothmuscle/FA1_MYL9_smoothmuscle_1177_edgelist.csv
FA1_MYL9_smoothmuscle,4179,3073,374402,806287.4824071431,18.64836311340332,../network_data/subpopulations_in_progress/FA1_MYL9_smoothmuscle/FA1_MYL9_smoothmuscle_4179_nodelist.csv,../network_data/subpopulations_in_progress/FA1_MYL9_smoothmuscle/FA1_MYL9_smoothmuscle_4179_edgelist.csv
FA1_MYL9_smoothmuscle,4822,4728,688228,1703323.4279347174,47.518296003341675,../network_data/subpopulations_in_progress/FA1_MYL9_smoothmuscle/FA1_MYL9_smoothmuscle_4822_nodelist.csv,../network_data/subpopulations_in_progress/FA1_MYL9_smoothmuscle/FA1_MYL9_smoothmuscle_4822_edgelist.csv
FA1_MYL9_smoothmuscle,239,1930,148783,266831.23123155476,6.986774921417236,../network_data/subpopulations_in_progress/FA1_MYL9_smoothmuscle/FA1_MYL9_smoothmuscle_239_nodelist.csv,../network_data/subpopulations_in_progress/FA1_MYL9_smoothmuscle/FA1_MYL9_smoothmuscle_239_edgelist.csv
FA1_MYL9_smoothmuscle,1179,1574,113654,212342.36898363475,4.60863184928894,../network_data/subpopulations_in_progress/FA1_MYL9_smoothmuscle/FA1_MYL9_smoothmuscle_1179_nodelist.csv,../network_data/subpopulations_in_progress/FA1_MYL9_smoothmuscle/FA1_MYL9_smoothmuscle_1179_edgelist.csv
FA1_MYL9_smoothmuscle,3672,2006,165224,321669.9651002565,7.693737030029297,../network_data/subpopulations_in_progress/FA1_MYL9_smoothmuscle/FA1_MYL9_smoothmuscle_3672_nodelist.csv,../network_data/subpopulations_in_progress/FA1_MYL9_smoothmuscle/FA1_MYL9_smoothmuscle_3672_edgelist.csv
FA1_MYL9_smoothmuscle,648,3321,417417,883468.5534994479,20.006226062774658,../network_data/subpopulations_in_progress/FA1_MYL9_smoothmuscle/FA1_MYL9_smoothmuscle_648_nodelist.csv,../network_data/subpopulations_in_progress/FA1_MYL9_smoothmuscle/FA1_MYL9_smoothmuscle_648_edgelist.csv
FA1_MYL9_smoothmuscle,4371,2572,266578,522757.1505117279,11.289931058883667,../network_data/subpopulations_in_progress/FA1_MYL9_smoothmuscle/FA1_MYL9_smoothmuscle_4371_nodelist.csv,../network_data/subpopulations_in_progress/FA1_MYL9_smoothmuscle/FA1_MYL9_smoothmuscle_4371_edgelist.csv
FA1_MYL9_smoothmuscle,4370,4990,768076,1963695.6397904994,53.39257884025574,../network_data/subpopulations_in_progress/FA1_MYL9_smoothmuscle/FA1_MYL9_smoothmuscle_4370_nodelist.csv,../network_data/subpopulations_in_progress/FA1_MYL9_smoothmuscle/FA1_MYL9_smoothmuscle_4370_edgelist.csv
FA1_MYL9_smoothmuscle,2955,851,30058,55175.842574462804,1.2127749919891357,../network_data/subpopulations_in_progress/FA1_MYL9_smoothmuscle/FA1_MYL9_smoothmuscle_2955_nodelist.csv,../network_data/subpopulations_in_progress/FA1_MYL9_smoothmuscle/FA1_MYL9_smoothmuscle_2955_edgelist.csv
FA1_MYL9_smoothmuscle,3954,2740,257466,524342.8607626094,15.20916199684143,../network_data/subpopulations_in_progress/FA1_MYL9_smoothmuscle/FA1_MYL9_smoothmuscle_3954_nodelist.csv,../network_data/subpopulations_in_progress/FA1_MYL9_smoothmuscle/FA1_MYL9_smoothmuscle_3954_edgelist.csv
FA1_MYL9_smoothmuscle,4225,3723,483543,1106188.1950594229,28.153116941452026,../network_data/subpopulations_in_progress/FA1_MYL9_smoothmuscle/FA1_MYL9_smoothmuscle_4225_nodelist.csv,../network_data/subpopulations_in_progress/FA1_MYL9_smoothmuscle/FA1_MYL9_smoothmuscle_4225_edgelist.csv
FA1_MYL9_smoothmuscle,1951,1450,93266,163834.25856905433,4.452939987182617,../network_data/subpopulations_in_progress/FA1_MYL9_smoothmuscle/FA1_MYL9_smoothmuscle_1951_nodelist.csv,../network_data/subpopulations_in_progress/FA1_MYL9_smoothmuscle/FA1_MYL9_smoothmuscle_1951_edgelist.csv
FA1_MYL9_smoothmuscle,3774,3946,519389,1200835.3284246,31.985862016677856,../network_data/subpopulations_in_progress/FA1_MYL9_smoothmuscle/FA1_MYL9_smoothmuscle_3774_nodelist.csv,../network_data/subpopulations_in_progress/FA1_MYL9_smoothmuscle/FA1_MYL9_smoothmuscle_3774_edgelist.csv
FA1_MYL9_smoothmuscle,1953,3434,462191,1021079.1075421931,23.95736289024353,../network_data/subpopulations_in_progress/FA1_MYL9_smoothmuscle/FA1_MYL9_smoothmuscle_1953_nodelist.csv,../network_data/subpopulations_in_progress/FA1_MYL9_smoothmuscle/FA1_MYL9_smoothmuscle_1953_edgelist.csv
FA1_MYL9_smoothmuscle,3709,412,8882,18613.51840307271,0.280195951461792,../network_data/subpopulations_in_progress/FA1_MYL9_smoothmuscle/FA1_MYL9_smoothmuscle_3709_nodelist.csv,../network_data/subpopulations_in_progress/FA1_MYL9_smoothmuscle/FA1_MYL9_smoothmuscle_3709_edgelist.csv
FA1_MYL9_smoothmuscle,2547,5390,828734,2116310.3110979814,63.57984519004822,../network_data/subpopulations_in_progress/FA1_MYL9_smoothmuscle/FA1_MYL9_smoothmuscle_2547_nodelist.csv,../network_data/subpopulations_in_progress/FA1_MYL9_smoothmuscle/FA1_MYL9_smoothmuscle_2547_edgelist.csv
FA1_MYL9_smoothmuscle,2258,3774,479536,1033606.9612696337,26.186887979507446,../network_data/subpopulations_in_progress/FA1_MYL9_smoothmuscle/FA1_MYL9_smoothmuscle_2258_nodelist.csv,../network_data/subpopulations_in_progress/FA1_MYL9_smoothmuscle/FA1_MYL9_smoothmuscle_2258_edgelist.csv
FA1_MYL9_smoothmuscle,3702,2712,285771,589080.6649555016,14.165117979049683,../network_data/subpopulations_in_progress/FA1_MYL9_smoothmuscle/FA1_MYL9_smoothmuscle_3702_nodelist.csv,../network_data/subpopulations_in_progress/FA1_MYL9_smoothmuscle/FA1_MYL9_smoothmuscle_3702_edgelist.csv
FA1_MYL9_smoothmuscle,3786,1584,99018,174872.4886439088,4.563124179840088,../network_data/subpopulations_in_progress/FA1_MYL9_smoothmuscle/FA1_MYL9_smoothmuscle_3786_nodelist.csv,../network_data/subpopulations_in_progress/FA1_MYL9_smoothmuscle/FA1_MYL9_smoothmuscle_3786_edgelist.csv
FA1_MYL9_smoothmuscle,1671,3656,420096,990169.9151927764,27.063715934753418,../network_data/subpopulations_in_progress/FA1_MYL9_smoothmuscle/FA1_MYL9_smoothmuscle_1671_nodelist.csv,../network_data/subpopulations_in_progress/FA1_MYL9_smoothmuscle/FA1_MYL9_smoothmuscle_1671_edgelist.csv
FA1_MYL9_smoothmuscle,1882,421,9765,18678.19137428687,0.29660487174987793,../network_data/subpopulations_in_progress/FA1_MYL9_smoothmuscle/FA1_MYL9_smoothmuscle_1882_nodelist.csv,../network_data/subpopulations_in_progress/FA1_MYL9_smoothmuscle/FA1_MYL9_smoothmuscle_1882_edgelist.csv
FA1_MYL9_smoothmuscle,449,2788,262490,587205.4626028901,14.726601123809814,../network_data/subpopulations_in_progress/FA1_MYL9_smoothmuscle/FA1_MYL9_smoothmuscle_449_nodelist.csv,../network_data/subpopulations_in_progress/FA1_MYL9_smoothmuscle/FA1_MYL9_smoothmuscle_449_edgelist.csv
FA1_MYL9_smoothmuscle,4021,2031,154004,312615.04431099084,7.4408509731292725,../network_data/subpopulations_in_progress/FA1_MYL9_smoothmuscle/FA1_MYL9_smoothmuscle_4021_nodelist.csv,../network_data/subpopulations_in_progress/FA1_MYL9_smoothmuscle/FA1_MYL9_smoothmuscle_4021_edgelist.csv
FA1_MYL9_smoothmuscle,711,4350,629135,1446175.6859667432,36.373920917510986,../network_data/subpopulations_in_progress/FA1_MYL9_smoothmuscle/FA1_MYL9_smoothmuscle_711_nodelist.csv,../network_data/subpopulations_in_progress/FA1_MYL9_smoothmuscle/FA1_MYL9_smoothmuscle_711_edgelist.csv
FA1_MYL9_smoothmuscle,4715,3060,338389,729665.0911767705,20.305799961090088,../network_data/subpopulations_in_progress/FA1_MYL9_smoothmuscle/FA1_MYL9_smoothmuscle_4715_nodelist.csv,../network_data/subpopulations_in_progress/FA1_MYL9_smoothmuscle/FA1_MYL9_smoothmuscle_4715_edgelist.csv
FA1_MYL9_smoothmuscle,2487,1529,82032,160392.72358892596,4.2275190353393555,../network_data/subpopulations_in_progress/FA1_MYL9_smoothmuscle/FA1_MYL9_smoothmuscle_2487_nodelist.csv,../network_data/subpopulations_in_progress/FA1_MYL9_smoothmuscle/FA1_MYL9_smoothmuscle_2487_edgelist.csv
FA1_MYL9_smoothmuscle,222,4124,526851,1205923.6392625722,32.209437131881714,../network_data/subpopulations_in_progress/FA1_MYL9_smoothmuscle/FA1_MYL9_smoothmuscle_222_nodelist.csv,../network_data/subpopulations_in_progress/FA1_MYL9_smoothmuscle/FA1_MYL9_smoothmuscle_222_edgelist.csv
FA1_MYL9_smoothmuscle,4013,2194,186276,371482.844948151,8.945696115493774,../network_data/subpopulations_in_progress/FA1_MYL9_smoothmuscle/FA1_MYL9_smoothmuscle_4013_nodelist.csv,../network_data/subpopulations_in_progress/FA1_MYL9_smoothmuscle/FA1_MYL9_smoothmuscle_4013_edgelist.csv
FA1_MYL9_smoothmuscle,4017,2256,183052,360249.67013221665,10.133378028869629,../network_data/subpopulations_in_progress/FA1_MYL9_smoothmuscle/FA1_MYL9_smoothmuscle_4017_nodelist.csv,../network_data/subpopulations_in_progress/FA1_MYL9_smoothmuscle/FA1_MYL9_smoothmuscle_4017_edgelist.csv
FA1_MYL9_smoothmuscle,4653,3072,356950,775844.4417154493,19.428227186203003,../network_data/subpopulations_in_progress/FA1_MYL9_smoothmuscle/FA1_MYL9_smoothmuscle_4653_nodelist.csv,../network_data/subpopulations_in_progress/FA1_MYL9_smoothmuscle/FA1_MYL9_smoothmuscle_4653_edgelist.csv
FA1_MYL9_smoothmuscle,3606,3509,420001,944317.3153397245,25.00521993637085,../network_data/subpopulations_in_progress/FA1_MYL9_smoothmuscle/FA1_MYL9_smoothmuscle_3606_nodelist.csv,../network_data/subpopulations_in_progress/FA1_MYL9_smoothmuscle/FA1_MYL9_smoothmuscle_3606_edgelist.csv
FA1_MYL9_smoothmuscle,2263,2388,257503,497128.9783754425,11.969835996627808,../network_data/subpopulations_in_progress/FA1_MYL9_smoothmuscle/FA1_MYL9_smoothmuscle_2263_nodelist.csv,../network_data/subpopulations_in_progress/FA1_MYL9_smoothmuscle/FA1_MYL9_smoothmuscle_2263_edgelist.csv
FA1_MYL9_smoothmuscle,31,3008,298645,634327.3687187257,17.68496084213257,../network_data/subpopulations_in_progress/FA1_MYL9_smoothmuscle/FA1_MYL9_smoothmuscle_31_nodelist.csv,../network_data/subpopulations_in_progress/FA1_MYL9_smoothmuscle/FA1_MYL9_smoothmuscle_31_edgelist.csv
FA1_MYL9_smoothmuscle,4096,3277,378940,835819.9471157853,21.77391219139099,../network_data/subpopulations_in_progress/FA1_MYL9_smoothmuscle/FA1_MYL9_smoothmuscle_4096_nodelist.csv,../network_data/subpopulations_in_progress/FA1_MYL9_smoothmuscle/FA1_MYL9_smoothmuscle_4096_edgelist.csv
FA1_MYL9_smoothmuscle,1944,436,8689,20752.98396157738,0.3029298782348633,../network_data/subpopulations_in_progress/FA1_MYL9_smoothmuscle/FA1_MYL9_smoothmuscle_1944_nodelist.csv,../network_data/subpopulations_in_progress/FA1_MYL9_smoothmuscle/FA1_MYL9_smoothmuscle_1944_edgelist.csv
FA1_MYL9_smoothmuscle,1173,3691,437620,1024035.6318309937,27.868221044540405,../network_data/subpopulations_in_progress/FA1_MYL9_smoothmuscle/FA1_MYL9_smoothmuscle_1173_nodelist.csv,../network_data/subpopulations_in_progress/FA1_MYL9_smoothmuscle/FA1_MYL9_smoothmuscle_1173_edgelist.csv
FA1_MYL9_smoothmuscle,3765,1629,98718,189686.64731531526,5.181143045425415,../network_data/subpopulations_in_progress/FA1_MYL9_smoothmuscle/FA1_MYL9_smoothmuscle_3765_nodelist.csv,../network_data/subpopulations_in_progress/FA1_MYL9_smoothmuscle/FA1_MYL9_smoothmuscle_3765_edgelist.csv
FA1_MYL9_smoothmuscle,3608,4539,639602,1563784.5663873858,44.68149495124817,../network_data/subpopulations_in_progress/FA1_MYL9_smoothmuscle/FA1_MYL9_smoothmuscle_3608_nodelist.csv,../network_data/subpopulations_in_progress/FA1_MYL9_smoothmuscle/FA1_MYL9_smoothmuscle_3608_edgelist.csv
FA1_MYL9_smoothmuscle,3575,2768,255993,573724.0017102741,14.618051052093506,../network_data/subpopulations_in_progress/FA1_MYL9_smoothmuscle/FA1_MYL9_smoothmuscle_3575_nodelist.csv,../network_data/subpopulations_in_progress/FA1_MYL9_smoothmuscle/FA1_MYL9_smoothmuscle_3575_edgelist.csv
FA1_MYL9_smoothmuscle,3308,2587,234329,517724.75176588295,12.765437126159668,../network_data/subpopulations_in_progress/FA1_MYL9_smoothmuscle/FA1_MYL9_smoothmuscle_3308_nodelist.csv,../network_data/subpopulations_in_progress/FA1_MYL9_smoothmuscle/FA1_MYL9_smoothmuscle_3308_edgelist.csv
FA1_MYL9_smoothmuscle,435,603,16330,33063.166627764935,0.5648479461669922,../network_data/subpopulations_in_progress/FA1_MYL9_smoothmuscle/FA1_MYL9_smoothmuscle_435_nodelist.csv,../network_data/subpopulations_in_progress/FA1_MYL9_smoothmuscle/FA1_MYL9_smoothmuscle_435_edgelist.csv
FA1_MYL9_smoothmuscle,2009,3484,436775,1000958.5140901235,29.8912570476532,../network_data/subpopulations_in_progress/FA1_MYL9_smoothmuscle/FA1_MYL9_smoothmuscle_2009_nodelist.csv,../network_data/subpopulations_in_progress/FA1_MYL9_smoothmuscle/FA1_MYL9_smoothmuscle_2009_edgelist.csv
FA1_MYL9_smoothmuscle,4699,4084,525501,1228487.851867816,31.592588186264038,../network_data/subpopulations_in_progress/FA1_MYL9_smoothmuscle/FA1_MYL9_smoothmuscle_4699_nodelist.csv,../network_data/subpopulations_in_progress/FA1_MYL9_smoothmuscle/FA1_MYL9_smoothmuscle_4699_edgelist.csv
FA1_MYL9_smoothmuscle,628,5341,847817,2204587.9244550867,64.47114300727844,../network_data/subpopulations_in_progress/FA1_MYL9_smoothmuscle/FA1_MYL9_smoothmuscle_628_nodelist.csv,../network_data/subpopulations_in_progress/FA1_MYL9_smoothmuscle/FA1_MYL9_smoothmuscle_628_edgelist.csv
FA1_MYL9_smoothmuscle,552,3350,378652,846397.6944382621,22.55022883415222,../network_data/subpopulations_in_progress/FA1_MYL9_smoothmuscle/FA1_MYL9_smoothmuscle_552_nodelist.csv,../network_data/subpopulations_in_progress/FA1_MYL9_smoothmuscle/FA1_MYL9_smoothmuscle_552_edgelist.csv
FA1_MYL9_smoothmuscle,385,4556,657593,1627876.165475698,49.0966010093689,../network_data/subpopulations_in_progress/FA1_MYL9_smoothmuscle/FA1_MYL9_smoothmuscle_385_nodelist.csv,../network_data/subpopulations_in_progress/FA1_MYL9_smoothmuscle/FA1_MYL9_smoothmuscle_385_edgelist.csv
FA1_MYL9_smoothmuscle,4465,3215,374342,801887.8812078018,20.82818102836609,../network_data/subpopulations_in_progress/FA1_MYL9_smoothmuscle/FA1_MYL9_smoothmuscle_4465_nodelist.csv,../network_data/subpopulations_in_progress/FA1_MYL9_smoothmuscle/FA1_MYL9_smoothmuscle_4465_edgelist.csv
FA1_MYL9_smoothmuscle,1085,2171,193336,397085.21671429725,9.011080026626587,../network_data/subpopulations_in_progress/FA1_MYL9_smoothmuscle/FA1_MYL9_smoothmuscle_1085_nodelist.csv,../network_data/subpopulations_in_progress/FA1_MYL9_smoothmuscle/FA1_MYL9_smoothmuscle_1085_edgelist.csv
FA1_MYL9_smoothmuscle,739,4542,604717,1464568.4614108715,39.60078692436218,../network_data/subpopulations_in_progress/FA1_MYL9_smoothmuscle/FA1_MYL9_smoothmuscle_739_nodelist.csv,../network_data/subpopulations_in_progress/FA1_MYL9_smoothmuscle/FA1_MYL9_smoothmuscle_739_edgelist.csv
FA1_MYL9_smoothmuscle,1644,4595,688365,1672003.5439731348,49.81196403503418,../network_data/subpopulations_in_progress/FA1_MYL9_smoothmuscle/FA1_MYL9_smoothmuscle_1644_nodelist.csv,../network_data/subpopulations_in_progress/FA1_MYL9_smoothmuscle/FA1_MYL9_smoothmuscle_1644_edgelist.csv
FA1_MYL9_smoothmuscle,4915,1533,92060,165945.81144923592,4.644256114959717,../network_data/subpopulations_in_progress/FA1_MYL9_smoothmuscle/FA1_MYL9_smoothmuscle_4915_nodelist.csv,../network_data/subpopulations_in_progress/FA1_MYL9_smoothmuscle/FA1_MYL9_smoothmuscle_4915_edgelist.csv
FA1_MYL9_smoothmuscle,1643,1979,174515,304485.70919904875,7.877108097076416,../network_data/subpopulations_in_progress/FA1_MYL9_smoothmuscle/FA1_MYL9_smoothmuscle_1643_nodelist.csv,../network_data/subpopulations_in_progress/FA1_MYL9_smoothmuscle/FA1_MYL9_smoothmuscle_1643_edgelist.csv
FA1_MYL9_smoothmuscle,1712,2949,286945,579359.1234140113,18.37548804283142,../network_data/subpopulations_in_progress/FA1_MYL9_smoothmuscle/FA1_MYL9_smoothmuscle_1712_nodelist.csv,../network_data/subpopulations_in_progress/FA1_MYL9_smoothmuscle/FA1_MYL9_smoothmuscle_1712_edgelist.csv
FA1_MYL9_smoothmuscle,4008,1437,92087,162212.7268952,4.117714166641235,../network_data/subpopulations_in_progress/FA1_MYL9_smoothmuscle/FA1_MYL9_smoothmuscle_4008_nodelist.csv,../network_data/subpopulations_in_progress/FA1_MYL9_smoothmuscle/FA1_MYL9_smoothmuscle_4008_edgelist.csv
FA1_MYL9_smoothmuscle,1497,3385,429295,941595.0130368178,27.983328819274902,../network_data/subpopulations_in_progress/FA1_MYL9_smoothmuscle/FA1_MYL9_smoothmuscle_1497_nodelist.csv,../network_data/subpopulations_in_progress/FA1_MYL9_smoothmuscle/FA1_MYL9_smoothmuscle_1497_edgelist.csv
FA1_MYL9_smoothmuscle,2963,4126,537785,1268959.2902206755,36.26029396057129,../network_data/subpopulations_in_progress/FA1_MYL9_smoothmuscle/FA1_MYL9_smoothmuscle_2963_nodelist.csv,../network_data/subpopulations_in_progress/FA1_MYL9_smoothmuscle/FA1_MYL9_smoothmuscle_2963_edgelist.csv
FA1_MYL9_smoothmuscle,4002,3003,340136,725342.4483333456,18.173078060150146,../network_data/subpopulations_in_progress/FA1_MYL9_smoothmuscle/FA1_MYL9_smoothmuscle_4002_nodelist.csv,../network_data/subpopulations_in_progress/FA1_MYL9_smoothmuscle/FA1_MYL9_smoothmuscle_4002_edgelist.csv
FA1_MYL9_smoothmuscle,2969,4182,594576,1438355.8403408953,37.16273212432861,../network_data/subpopulations_in_progress/FA1_MYL9_smoothmuscle/FA1_MYL9_smoothmuscle_2969_nodelist.csv,../network_data/subpopulations_in_progress/FA1_MYL9_smoothmuscle/FA1_MYL9_smoothmuscle_2969_edgelist.csv
FA1_MYL9_smoothmuscle,24,2775,273652,575136.345979102,16.22427010536194,../network_data/subpopulations_in_progress/FA1_MYL9_smoothmuscle/FA1_MYL9_smoothmuscle_24_nodelist.csv,../network_data/subpopulations_in_progress/FA1_MYL9_smoothmuscle/FA1_MYL9_smoothmuscle_24_edgelist.csv
FA1_MYL9_smoothmuscle,3972,2950,369201,779743.5739756224,18.934880018234253,../network_data/subpopulations_in_progress/FA1_MYL9_smoothmuscle/FA1_MYL9_smoothmuscle_3972_nodelist.csv,../network_data/subpopulations_in_progress/FA1_MYL9_smoothmuscle/FA1_MYL9_smoothmuscle_3972_edgelist.csv
FA1_MYL9_smoothmuscle,3973,3209,339694,717510.7145325211,22.2652530670166,../network_data/subpopulations_in_progress/FA1_MYL9_smoothmuscle/FA1_MYL9_smoothmuscle_3973_nodelist.csv,../network_data/subpopulations_in_progress/FA1_MYL9_smoothmuscle/FA1_MYL9_smoothmuscle_3973_edgelist.csv
FA1_MYL9_smoothmuscle,945,854,30978,55944.29727306017,1.2228319644927979,../network_data/subpopulations_in_progress/FA1_MYL9_smoothmuscle/FA1_MYL9_smoothmuscle_945_nodelist.csv,../network_data/subpopulations_in_progress/FA1_MYL9_smoothmuscle/FA1_MYL9_smoothmuscle_945_edgelist.csv
FA1_MYL9_smoothmuscle,2776,3331,435007,937361.8678714688,20.752182006835938,../network_data/subpopulations_in_progress/FA1_MYL9_smoothmuscle/FA1_MYL9_smoothmuscle_2776_nodelist.csv,../network_data/subpopulations_in_progress/FA1_MYL9_smoothmuscle/FA1_MYL9_smoothmuscle_2776_edgelist.csv
FA1_MYL9_smoothmuscle,4723,2811,312974,653414.4477224501,15.647517919540405,../network_data/subpopulations_in_progress/FA1_MYL9_smoothmuscle/FA1_MYL9_smoothmuscle_4723_nodelist.csv,../network_data/subpopulations_in_progress/FA1_MYL9_smoothmuscle/FA1_MYL9_smoothmuscle_4723_edgelist.csv
FA1_MYL9_smoothmuscle,493,1977,172370,324888.751223434,7.646336793899536,../network_data/subpopulations_in_progress/FA1_MYL9_smoothmuscle/FA1_MYL9_smoothmuscle_493_nodelist.csv,../network_data/subpopulations_in_progress/FA1_MYL9_smoothmuscle/FA1_MYL9_smoothmuscle_493_edgelist.csv
FA1_MYL9_smoothmuscle,655,3040,319399,685259.54512226,18.037643909454346,../network_data/subpopulations_in_progress/FA1_MYL9_smoothmuscle/FA1_MYL9_smoothmuscle_655_nodelist.csv,../network_data/subpopulations_in_progress/FA1_MYL9_smoothmuscle/FA1_MYL9_smoothmuscle_655_edgelist.csv
FA1_MYL9_smoothmuscle,937,3872,509697,1180614.884356056,31.131813049316406,../network_data/subpopulations_in_progress/FA1_MYL9_smoothmuscle/FA1_MYL9_smoothmuscle_937_nodelist.csv,../network_data/subpopulations_in_progress/FA1_MYL9_smoothmuscle/FA1_MYL9_smoothmuscle_937_edgelist.csv
FA1_MYL9_smoothmuscle,4795,3027,306056,668659.9796198506,18.135972023010254,../network_data/subpopulations_in_progress/FA1_MYL9_smoothmuscle/FA1_MYL9_smoothmuscle_4795_nodelist.csv,../network_data/subpopulations_in_progress/FA1_MYL9_smoothmuscle/FA1_MYL9_smoothmuscle_4795_edgelist.csv
FA1_MYL9_smoothmuscle,399,1780,123715,274855.53000459867,6.032188892364502,../network_data/subpopulations_in_progress/FA1_MYL9_smoothmuscle/FA1_MYL9_smoothmuscle_399_nodelist.csv,../network_data/subpopulations_in_progress/FA1_MYL9_smoothmuscle/FA1_MYL9_smoothmuscle_399_edgelist.csv
FA1_MYL9_smoothmuscle,1943,2774,254943,531472.9344097768,13.891174077987671,../network_data/subpopulations_in_progress/FA1_MYL9_smoothmuscle/FA1_MYL9_smoothmuscle_1943_nodelist.csv,../network_data/subpopulations_in_progress/FA1_MYL9_smoothmuscle/FA1_MYL9_smoothmuscle_1943_edgelist.csv
FA1_MYL9_smoothmuscle,1826,5747,882868,2327520.9762288122,74.6698842048645,../network_data/subpopulations_in_progress/FA1_MYL9_smoothmuscle/FA1_MYL9_smoothmuscle_1826_nodelist.csv,../network_data/subpopulations_in_progress/FA1_MYL9_smoothmuscle/FA1_MYL9_smoothmuscle_1826_edgelist.csv
FA1_MYL9_smoothmuscle,3160,3392,370386,831352.7404339737,23.207016229629517,../network_data/subpopulations_in_progress/FA1_MYL9_smoothmuscle/FA1_MYL9_smoothmuscle_3160_nodelist.csv,../network_data/subpopulations_in_progress/FA1_MYL9_smoothmuscle/FA1_MYL9_smoothmuscle_3160_edgelist.csv
FA1_MYL9_smoothmuscle,250,3296,388407,855511.1239306921,21.740575075149536,../network_data/subpopulations_in_progress/FA1_MYL9_smoothmuscle/FA1_MYL9_smoothmuscle_250_nodelist.csv,../network_data/subpopulations_in_progress/FA1_MYL9_smoothmuscle/FA1_MYL9_smoothmuscle_250_edgelist.csv
FA1_MYL9_smoothmuscle,1769,2120,186717,344992.13826073136,9.05231499671936,../network_data/subpopulations_in_progress/FA1_MYL9_smoothmuscle/FA1_MYL9_smoothmuscle_1769_nodelist.csv,../network_data/subpopulations_in_progress/FA1_MYL9_smoothmuscle/FA1_MYL9_smoothmuscle_1769_edgelist.csv
FA1_MYL9_smoothmuscle,1411,1650,114744,240153.22397527474,4.7918009757995605,../network_data/subpopulations_in_progress/FA1_MYL9_smoothmuscle/FA1_MYL9_smoothmuscle_1411_nodelist.csv,../network_data/subpopulations_in_progress/FA1_MYL9_smoothmuscle/FA1_MYL9_smoothmuscle_1411_edgelist.csv
FA1_MYL9_smoothmuscle,1790,4480,670871,1574021.7427782135,38.89531397819519,../network_data/subpopulations_in_progress/FA1_MYL9_smoothmuscle/FA1_MYL9_smoothmuscle_1790_nodelist.csv,../network_data/subpopulations_in_progress/FA1_MYL9_smoothmuscle/FA1_MYL9_smoothmuscle_1790_edgelist.csv
FA1_MYL9_smoothmuscle,4394,1729,127030,261998.6305383615,5.623633146286011,../network_data/subpopulations_in_progress/FA1_MYL9_smoothmuscle/FA1_MYL9_smoothmuscle_4394_nodelist.csv,../network_data/subpopulations_in_progress/FA1_MYL9_smoothmuscle/FA1_MYL9_smoothmuscle_4394_edgelist.csv
FA1_MYL9_smoothmuscle,4748,2208,193510,410357.181855867,9.091917991638184,../network_data/subpopulations_in_progress/FA1_MYL9_smoothmuscle/FA1_MYL9_smoothmuscle_4748_nodelist.csv,../network_data/subpopulations_in_progress/FA1_MYL9_smoothmuscle/FA1_MYL9_smoothmuscle_4748_edgelist.csv
FA1_MYL9_smoothmuscle,4879,4663,704470,1740914.4315411153,47.3514130115509,../network_data/subpopulations_in_progress/FA1_MYL9_smoothmuscle/FA1_MYL9_smoothmuscle_4879_nodelist.csv,../network_data/subpopulations_in_progress/FA1_MYL9_smoothmuscle/FA1_MYL9_smoothmuscle_4879_edgelist.csv
FA1_MYL9_smoothmuscle,2878,3615,444842,1015688.2003029065,27.03352689743042,../network_data/subpopulations_in_progress/FA1_MYL9_smoothmuscle/FA1_MYL9_smoothmuscle_2878_nodelist.csv,../network_data/subpopulations_in_progress/FA1_MYL9_smoothmuscle/FA1_MYL9_smoothmuscle_2878_edgelist.csv
FA1_MYL9_smoothmuscle,1232,4002,520598,1231020.9336729867,33.504530906677246,../network_data/subpopulations_in_progress/FA1_MYL9_smoothmuscle/FA1_MYL9_smoothmuscle_1232_nodelist.csv,../network_data/subpopulations_in_progress/FA1_MYL9_smoothmuscle/FA1_MYL9_smoothmuscle_1232_edgelist.csv
FA1_MYL9_smoothmuscle,224,5160,792639,2063544.5867341154,59.11873388290405,../network_data/subpopulations_in_progress/FA1_MYL9_smoothmuscle/FA1_MYL9_smoothmuscle_224_nodelist.csv,../network_data/subpopulations_in_progress/FA1_MYL9_smoothmuscle/FA1_MYL9_smoothmuscle_224_edgelist.csv
FA1_MYL9_smoothmuscle,1338,841,31030,62076.77327740648,1.202117919921875,../network_data/subpopulations_in_progress/FA1_MYL9_smoothmuscle/FA1_MYL9_smoothmuscle_1338_nodelist.csv,../network_data/subpopulations_in_progress/FA1_MYL9_smoothmuscle/FA1_MYL9_smoothmuscle_1338_edgelist.csv
FA1_MYL9_smoothmuscle,4245,4118,561592,1334460.766450398,36.060181856155396,../network_data/subpopulations_in_progress/FA1_MYL9_smoothmuscle/FA1_MYL9_smoothmuscle_4245_nodelist.csv,../network_data/subpopulations_in_progress/FA1_MYL9_smoothmuscle/FA1_MYL9_smoothmuscle_4245_edgelist.csv
FA1_MYL9_smoothmuscle,2292,405,8127,16926.20368410173,0.2669379711151123,../network_data/subpopulations_in_progress/FA1_MYL9_smoothmuscle/FA1_MYL9_smoothmuscle_2292_nodelist.csv,../network_data/subpopulations_in_progress/FA1_MYL9_smoothmuscle/FA1_MYL9_smoothmuscle_2292_edgelist.csv
FA1_MYL9_smoothmuscle,1029,2726,265692,523046.085525283,16.654966115951538,../network_data/subpopulations_in_progress/FA1_MYL9_smoothmuscle/FA1_MYL9_smoothmuscle_1029_nodelist.csv,../network_data/subpopulations_in_progress/FA1_MYL9_smoothmuscle/FA1_MYL9_smoothmuscle_1029_edgelist.csv
FA1_MYL9_smoothmuscle,1108,4163,571733,1360902.0794586064,36.905186891555786,../network_data/subpopulations_in_progress/FA1_MYL9_smoothmuscle/FA1_MYL9_smoothmuscle_1108_nodelist.csv,../network_data/subpopulations_in_progress/FA1_MYL9_smoothmuscle/FA1_MYL9_smoothmuscle_1108_edgelist.csv
FA1_MYL9_smoothmuscle,2976,1359,85341,146976.71273247467,3.6123979091644287,../network_data/subpopulations_in_progress/FA1_MYL9_smoothmuscle/FA1_MYL9_smoothmuscle_2976_nodelist.csv,../network_data/subpopulations_in_progress/FA1_MYL9_smoothmuscle/FA1_MYL9_smoothmuscle_2976_edgelist.csv
FA1_MYL9_smoothmuscle,3107,4090,544701,1295130.1199004783,35.25373101234436,../network_data/subpopulations_in_progress/FA1_MYL9_smoothmuscle/FA1_MYL9_smoothmuscle_3107_nodelist.csv,../network_data/subpopulations_in_progress/FA1_MYL9_smoothmuscle/FA1_MYL9_smoothmuscle_3107_edgelist.csv
FA1_MYL9_smoothmuscle,4121,5027,731228,1770592.1869545078,49.497040033340454,../network_data/subpopulations_in_progress/FA1_MYL9_smoothmuscle/FA1_MYL9_smoothmuscle_4121_nodelist.csv,../network_data/subpopulations_in_progress/FA1_MYL9_smoothmuscle/FA1_MYL9_smoothmuscle_4121_edgelist.csv
FA1_MYL9_smoothmuscle,2577,3399,423707,919155.1584896136,21.56707000732422,../network_data/subpopulations_in_progress/FA1_MYL9_smoothmuscle/FA1_MYL9_smoothmuscle_2577_nodelist.csv,../network_data/subpopulations_in_progress/FA1_MYL9_smoothmuscle/FA1_MYL9_smoothmuscle_2577_edgelist.csv
FA1_MYL9_smoothmuscle,166,2366,248377,484280.33499122655,12.42733883857727,../network_data/subpopulations_in_progress/FA1_MYL9_smoothmuscle/FA1_MYL9_smoothmuscle_166_nodelist.csv,../network_data/subpopulations_in_progress/FA1_MYL9_smoothmuscle/FA1_MYL9_smoothmuscle_166_edgelist.csv
FA1_MYL9_smoothmuscle,1839,3720,421790,974270.4053760864,28.069538831710815,../network_data/subpopulations_in_progress/FA1_MYL9_smoothmuscle/FA1_MYL9_smoothmuscle_1839_nodelist.csv,../network_data/subpopulations_in_progress/FA1_MYL9_smoothmuscle/FA1_MYL9_smoothmuscle_1839_edgelist.csv
FA1_MYL9_smoothmuscle,4376,459,9885,21647.154788631426,0.3347008228302002,../network_data/subpopulations_in_progress/FA1_MYL9_smoothmuscle/FA1_MYL9_smoothmuscle_4376_nodelist.csv,../network_data/subpopulations_in_progress/FA1_MYL9_smoothmuscle/FA1_MYL9_smoothmuscle_4376_edgelist.csv
FA1_MYL9_smoothmuscle,3597,2743,287617,624288.2832962974,14.734899044036865,../network_data/subpopulations_in_progress/FA1_MYL9_smoothmuscle/FA1_MYL9_smoothmuscle_3597_nodelist.csv,../network_data/subpopulations_in_progress/FA1_MYL9_smoothmuscle/FA1_MYL9_smoothmuscle_3597_edgelist.csv
FA1_MYL9_smoothmuscle,824,2063,159944,302582.9638366608,8.393615007400513,../network_data/subpopulations_in_progress/FA1_MYL9_smoothmuscle/FA1_MYL9_smoothmuscle_824_nodelist.csv,../network_data/subpopulations_in_progress/FA1_MYL9_smoothmuscle/FA1_MYL9_smoothmuscle_824_edgelist.csv
FA1_MYL9_smoothmuscle,3267,2584,260870,541480.5336200573,13.83607292175293,../network_data/subpopulations_in_progress/FA1_MYL9_smoothmuscle/FA1_MYL9_smoothmuscle_3267_nodelist.csv,../network_data/subpopulations_in_progress/FA1_MYL9_smoothmuscle/FA1_MYL9_smoothmuscle_3267_edgelist.csv
FA1_MYL9_smoothmuscle,1383,2298,179993,343680.4239610088,10.951138973236084,../network_data/subpopulations_in_progress/FA1_MYL9_smoothmuscle/FA1_MYL9_smoothmuscle_1383_nodelist.csv,../network_data/subpopulations_in_progress/FA1_MYL9_smoothmuscle/FA1_MYL9_smoothmuscle_1383_edgelist.csv
FA1_MYL9_smoothmuscle,2007,68,539,757.8700273734881,0.019487857818603516,../network_data/subpopulations_in_progress/FA1_MYL9_smoothmuscle/FA1_MYL9_smoothmuscle_2007_nodelist.csv,../network_data/subpopulations_in_progress/FA1_MYL9_smoothmuscle/FA1_MYL9_smoothmuscle_2007_edgelist.csv
FA1_MYL9_smoothmuscle,3454,1848,126729,248356.4416825803,6.854786157608032,../network_data/subpopulations_in_progress/FA1_MYL9_smoothmuscle/FA1_MYL9_smoothmuscle_3454_nodelist.csv,../network_data/subpopulations_in_progress/FA1_MYL9_smoothmuscle/FA1_MYL9_smoothmuscle_3454_edgelist.csv
FA1_MYL9_smoothmuscle,3565,2677,238446,488414.57666024606,12.329469919204712,../network_data/subpopulations_in_progress/FA1_MYL9_smoothmuscle/FA1_MYL9_smoothmuscle_3565_nodelist.csv,../network_data/subpopulations_in_progress/FA1_MYL9_smoothmuscle/FA1_MYL9_smoothmuscle_3565_edgelist.csv
FA1_MYL9_smoothmuscle,3695,4082,570230,1359581.7201487091,35.26859784126282,../network_data/subpopulations_in_progress/FA1_MYL9_smoothmuscle/FA1_MYL9_smoothmuscle_3695_nodelist.csv,../network_data/subpopulations_in_progress/FA1_MYL9_smoothmuscle/FA1_MYL9_smoothmuscle_3695_edgelist.csv
FA1_MYL9_smoothmuscle,3840,3655,399586,928778.2461734988,27.14728093147278,../network_data/subpopulations_in_progress/FA1_MYL9_smoothmuscle/FA1_MYL9_smoothmuscle_3840_nodelist.csv,../network_data/subpopulations_in_progress/FA1_MYL9_smoothmuscle/FA1_MYL9_smoothmuscle_3840_edgelist.csv
FA1_MYL9_smoothmuscle,1629,2801,284459,607823.0016872367,15.140326023101807,../network_data/subpopulations_in_progress/FA1_MYL9_smoothmuscle/FA1_MYL9_smoothmuscle_1629_nodelist.csv,../network_data/subpopulations_in_progress/FA1_MYL9_smoothmuscle/FA1_MYL9_smoothmuscle_1629_edgelist.csv
FA1_MYL9_smoothmuscle,43,2767,320365,668419.0978186404,16.45391607284546,../network_data/subpopulations_in_progress/FA1_MYL9_smoothmuscle/FA1_MYL9_smoothmuscle_43_nodelist.csv,../network_data/subpopulations_in_progress/FA1_MYL9_smoothmuscle/FA1_MYL9_smoothmuscle_43_edgelist.csv
FA1_MYL9_smoothmuscle,1735,3516,445822,992960.8257515802,27.71530294418335,../network_data/subpopulations_in_progress/FA1_MYL9_smoothmuscle/FA1_MYL9_smoothmuscle_1735_nodelist.csv,../network_data/subpopulations_in_progress/FA1_MYL9_smoothmuscle/FA1_MYL9_smoothmuscle_1735_edgelist.csv
FA1_MYL9_smoothmuscle,2863,3514,454558,1017289.41695002,25.25354504585266,../network_data/subpopulations_in_progress/FA1_MYL9_smoothmuscle/FA1_MYL9_smoothmuscle_2863_nodelist.csv,../network_data/subpopulations_in_progress/FA1_MYL9_smoothmuscle/FA1_MYL9_smoothmuscle_2863_edgelist.csv
FA1_MYL9_smoothmuscle,4231,2935,285681,612301.1574563003,16.657604932785034,../network_data/subpopulations_in_progress/FA1_MYL9_smoothmuscle/FA1_MYL9_smoothmuscle_4231_nodelist.csv,../network_data/subpopulations_in_progress/FA1_MYL9_smoothmuscle/FA1_MYL9_smoothmuscle_4231_edgelist.csv
FA1_MYL9_smoothmuscle,4621,1028,52595,103388.2407315568,1.8880500793457031,../network_data/subpopulations_in_progress/FA1_MYL9_smoothmuscle/FA1_MYL9_smoothmuscle_4621_nodelist.csv,../network_data/subpopulations_in_progress/FA1_MYL9_smoothmuscle/FA1_MYL9_smoothmuscle_4621_edgelist.csv
FA1_MYL9_smoothmuscle,4861,5271,826930,2103379.61428823,55.69147491455078,../network_data/subpopulations_in_progress/FA1_MYL9_smoothmuscle/FA1_MYL9_smoothmuscle_4861_nodelist.csv,../network_data/subpopulations_in_progress/FA1_MYL9_smoothmuscle/FA1_MYL9_smoothmuscle_4861_edgelist.csv
FA1_MYL9_smoothmuscle,4279,3628,412058,952283.1519862909,27.247682094573975,../network_data/subpopulations_in_progress/FA1_MYL9_smoothmuscle/FA1_MYL9_smoothmuscle_4279_nodelist.csv,../network_data/subpopulations_in_progress/FA1_MYL9_smoothmuscle/FA1_MYL9_smoothmuscle_4279_edgelist.csv
FA1_MYL9_smoothmuscle,4746,719,26417,44071.276791344215,0.9487791061401367,../network_data/subpopulations_in_progress/FA1_MYL9_smoothmuscle/FA1_MYL9_smoothmuscle_4746_nodelist.csv,../network_data/subpopulations_in_progress/FA1_MYL9_smoothmuscle/FA1_MYL9_smoothmuscle_4746_edgelist.csv
FA1_MYL9_smoothmuscle,4582,2579,239399,511495.6976271381,12.518845081329346,../network_data/subpopulations_in_progress/FA1_MYL9_smoothmuscle/FA1_MYL9_smoothmuscle_4582_nodelist.csv,../network_data/subpopulations_in_progress/FA1_MYL9_smoothmuscle/FA1_MYL9_smoothmuscle_4582_edgelist.csv
FA1_MYL9_smoothmuscle,371,2775,310807,635853.533811663,17.08449101448059,../network_data/subpopulations_in_progress/FA1_MYL9_smoothmuscle/FA1_MYL9_smoothmuscle_371_nodelist.csv,../network_data/subpopulations_in_progress/FA1_MYL9_smoothmuscle/FA1_MYL9_smoothmuscle_371_edgelist.csv
FA1_MYL9_smoothmuscle,3737,2944,289422,588437.2888851721,18.211164951324463,../network_data/subpopulations_in_progress/FA1_MYL9_smoothmuscle/FA1_MYL9_smoothmuscle_3737_nodelist.csv,../network_data/subpopulations_in_progress/FA1_MYL9_smoothmuscle/FA1_MYL9_smoothmuscle_3737_edgelist.csv
FA1_MYL9_smoothmuscle,2287,2976,316457,647456.2382470034,18.946412801742554,../network_data/subpopulations_in_progress/FA1_MYL9_smoothmuscle/FA1_MYL9_smoothmuscle_2287_nodelist.csv,../network_data/subpopulations_in_progress/FA1_MYL9_smoothmuscle/FA1_MYL9_smoothmuscle_2287_edgelist.csv
FA1_MYL9_smoothmuscle,4500,4447,647542,1598984.5747828027,42.632431983947754,../network_data/subpopulations_in_progress/FA1_MYL9_smoothmuscle/FA1_MYL9_smoothmuscle_4500_nodelist.csv,../network_data/subpopulations_in_progress/FA1_MYL9_smoothmuscle/FA1_MYL9_smoothmuscle_4500_edgelist.csv
FA1_MYL9_smoothmuscle,2046,2266,226645,461117.2967159345,10.54957103729248,../network_data/subpopulations_in_progress/FA1_MYL9_smoothmuscle/FA1_MYL9_smoothmuscle_2046_nodelist.csv,../network_data/subpopulations_in_progress/FA1_MYL9_smoothmuscle/FA1_MYL9_smoothmuscle_2046_edgelist.csv
FA1_MYL9_smoothmuscle,2601,3790,454378,1047332.5215631431,29.53510093688965,../network_data/subpopulations_in_progress/FA1_MYL9_smoothmuscle/FA1_MYL9_smoothmuscle_2601_nodelist.csv,../network_data/subpopulations_in_progress/FA1_MYL9_smoothmuscle/FA1_MYL9_smoothmuscle_2601_edgelist.csv
FA1_MYL9_smoothmuscle,4508,2462,201123,410138.1554720014,11.150289058685303,../network_data/subpopulations_in_progress/FA1_MYL9_smoothmuscle/FA1_MYL9_smoothmuscle_4508_nodelist.csv,../network_data/subpopulations_in_progress/FA1_MYL9_smoothmuscle/FA1_MYL9_smoothmuscle_4508_edgelist.csv
FA1_MYL9_smoothmuscle,1854,3368,366036,807946.4324223107,22.707677841186523,../network_data/subpopulations_in_progress/FA1_MYL9_smoothmuscle/FA1_MYL9_smoothmuscle_1854_nodelist.csv,../network_data/subpopulations_in_progress/FA1_MYL9_smoothmuscle/FA1_MYL9_smoothmuscle_1854_edgelist.csv
FA1_MYL9_smoothmuscle,969,1510,101623,196792.0643405038,4.550817966461182,../network_data/subpopulations_in_progress/FA1_MYL9_smoothmuscle/FA1_MYL9_smoothmuscle_969_nodelist.csv,../network_data/subpopulations_in_progress/FA1_MYL9_smoothmuscle/FA1_MYL9_smoothmuscle_969_edgelist.csv
FA1_MYL9_smoothmuscle,2691,3268,341367,781388.8955512624,21.210278034210205,../network_data/subpopulations_in_progress/FA1_MYL9_smoothmuscle/FA1_MYL9_smoothmuscle_2691_nodelist.csv,../network_data/subpopulations_in_progress/FA1_MYL9_smoothmuscle/FA1_MYL9_smoothmuscle_2691_edgelist.csv
FA1_MYL9_smoothmuscle,3426,2564,221739,457195.05508879933,12.256021976470947,../network_data/subpopulations_in_progress/FA1_MYL9_smoothmuscle/FA1_MYL9_smoothmuscle_3426_nodelist.csv,../network_data/subpopulations_in_progress/FA1_MYL9_smoothmuscle/FA1_MYL9_smoothmuscle_3426_edgelist.csv
FA1_MYL9_smoothmuscle,3355,4120,579041,1360894.113847497,42.82556200027466,../network_data/subpopulations_in_progress/FA1_MYL9_smoothmuscle/FA1_MYL9_smoothmuscle_3355_nodelist.csv,../network_data/subpopulations_in_progress/FA1_MYL9_smoothmuscle/FA1_MYL9_smoothmuscle_3355_edgelist.csv
FA1_MYL9_smoothmuscle,3425,2367,211398,455189.0728662734,10.839128017425537,../network_data/subpopulations_in_progress/FA1_MYL9_smoothmuscle/FA1_MYL9_smoothmuscle_3425_nodelist.csv,../network_data/subpopulations_in_progress/FA1_MYL9_smoothmuscle/FA1_MYL9_smoothmuscle_3425_edgelist.csv
FA1_MYL9_smoothmuscle,372,3684,469411,1053662.0803805783,28.305629014968872,../network_data/subpopulations_in_progress/FA1_MYL9_smoothmuscle/FA1_MYL9_smoothmuscle_372_nodelist.csv,../network_data/subpopulations_in_progress/FA1_MYL9_smoothmuscle/FA1_MYL9_smoothmuscle_372_edgelist.csv
FA1_MYL9_smoothmuscle,2466,1826,137768,269067.4662737492,6.439481973648071,../network_data/subpopulations_in_progress/FA1_MYL9_smoothmuscle/FA1_MYL9_smoothmuscle_2466_nodelist.csv,../network_data/subpopulations_in_progress/FA1_MYL9_smoothmuscle/FA1_MYL9_smoothmuscle_2466_edgelist.csv
FA1_MYL9_smoothmuscle,4940,3190,340809,734957.8891558732,20.62083411216736,../network_data/subpopulations_in_progress/FA1_MYL9_smoothmuscle/FA1_MYL9_smoothmuscle_4940_nodelist.csv,../network_data/subpopulations_in_progress/FA1_MYL9_smoothmuscle/FA1_MYL9_smoothmuscle_4940_edgelist.csv
FA1_MYL9_smoothmuscle,561,6012,1004535,2637277.6213333956,82.68156886100769,../network_data/subpopulations_in_progress/FA1_MYL9_smoothmuscle/FA1_MYL9_smoothmuscle_561_nodelist.csv,../network_data/subpopulations_in_progress/FA1_MYL9_smoothmuscle/FA1_MYL9_smoothmuscle_561_edgelist.csv
FA1_MYL9_smoothmuscle,3508,3143,365166,797120.8653394756,19.854721069335938,../network_data/subpopulations_in_progress/FA1_MYL9_smoothmuscle/FA1_MYL9_smoothmuscle_3508_nodelist.csv,../network_data/subpopulations_in_progress/FA1_MYL9_smoothmuscle/FA1_MYL9_smoothmuscle_3508_edgelist.csv
FA1_MYL9_smoothmuscle,2351,2430,225594,457900.1447776623,12.173564910888672,../network_data/subpopulations_in_progress/FA1_MYL9_smoothmuscle/FA1_MYL9_smoothmuscle_2351_nodelist.csv,../network_data/subpopulations_in_progress/FA1_MYL9_smoothmuscle/FA1_MYL9_smoothmuscle_2351_edgelist.csv
FA1_MYL9_smoothmuscle,1771,1792,127921,276769.83594073757,6.626195907592773,../network_data/subpopulations_in_progress/FA1_MYL9_smoothmuscle/FA1_MYL9_smoothmuscle_1771_nodelist.csv,../network_data/subpopulations_in_progress/FA1_MYL9_smoothmuscle/FA1_MYL9_smoothmuscle_1771_edgelist.csv
FA1_MYL9_smoothmuscle,1530,1239,63584,116566.66055715352,2.8168978691101074,../network_data/subpopulations_in_progress/FA1_MYL9_smoothmuscle/FA1_MYL9_smoothmuscle_1530_nodelist.csv,../network_data/subpopulations_in_progress/FA1_MYL9_smoothmuscle/FA1_MYL9_smoothmuscle_1530_edgelist.csv
FA1_MYL9_smoothmuscle,3500,3772,455627,1056364.3337439082,29.309923887252808,../network_data/subpopulations_in_progress/FA1_MYL9_smoothmuscle/FA1_MYL9_smoothmuscle_3500_nodelist.csv,../network_data/subpopulations_in_progress/FA1_MYL9_smoothmuscle/FA1_MYL9_smoothmuscle_3500_edgelist.csv
FA1_MYL9_smoothmuscle,2210,3347,406383,907372.5753628496,22.95185685157776,../network_data/subpopulations_in_progress/FA1_MYL9_smoothmuscle/FA1_MYL9_smoothmuscle_2210_nodelist.csv,../network_data/subpopulations_in_progress/FA1_MYL9_smoothmuscle/FA1_MYL9_smoothmuscle_2210_edgelist.csv
FA1_MYL9_smoothmuscle,4220,3362,424799,941710.9077247197,25.251237154006958,../network_data/subpopulations_in_progress/FA1_MYL9_smoothmuscle/FA1_MYL9_smoothmuscle_4220_nodelist.csv,../network_data/subpopulations_in_progress/FA1_MYL9_smoothmuscle/FA1_MYL9_smoothmuscle_4220_edgelist.csv
FA1_MYL9_smoothmuscle,4222,3683,475493,1073506.4082393907,28.043400049209595,../network_data/subpopulations_in_progress/FA1_MYL9_smoothmuscle/FA1_MYL9_smoothmuscle_4222_nodelist.csv,../network_data/subpopulations_in_progress/FA1_MYL9_smoothmuscle/FA1_MYL9_smoothmuscle_4222_edgelist.csv
FA1_MYL9_smoothmuscle,189,3265,366053,771098.2498626325,23.63090705871582,../network_data/subpopulations_in_progress/FA1_MYL9_smoothmuscle/FA1_MYL9_smoothmuscle_189_nodelist.csv,../network_data/subpopulations_in_progress/FA1_MYL9_smoothmuscle/FA1_MYL9_smoothmuscle_189_edgelist.csv
FA1_MYL9_smoothmuscle,3907,2424,209813,457245.11526819714,11.932330846786499,../network_data/subpopulations_in_progress/FA1_MYL9_smoothmuscle/FA1_MYL9_smoothmuscle_3907_nodelist.csv,../network_data/subpopulations_in_progress/FA1_MYL9_smoothmuscle/FA1_MYL9_smoothmuscle_3907_edgelist.csv
FA1_MYL9_smoothmuscle,1601,3422,433233,933082.7580408511,23.88017201423645,../network_data/subpopulations_in_progress/FA1_MYL9_smoothmuscle/FA1_MYL9_smoothmuscle_1601_nodelist.csv,../network_data/subpopulations_in_progress/FA1_MYL9_smoothmuscle/FA1_MYL9_smoothmuscle_1601_edgelist.csv
FA1_MYL9_smoothmuscle,181,1712,106615,200395.38174524056,6.065129041671753,../network_data/subpopulations_in_progress/FA1_MYL9_smoothmuscle/FA1_MYL9_smoothmuscle_181_nodelist.csv,../network_data/subpopulations_in_progress/FA1_MYL9_smoothmuscle/FA1_MYL9_smoothmuscle_181_edgelist.csv
FA1_MYL9_smoothmuscle,4058,4322,568227,1412936.5977163995,39.181254863739014,../network_data/subpopulations_in_progress/FA1_MYL9_smoothmuscle/FA1_MYL9_smoothmuscle_4058_nodelist.csv,../network_data/subpopulations_in_progress/FA1_MYL9_smoothmuscle/FA1_MYL9_smoothmuscle_4058_edgelist.csv
FA1_MYL9_smoothmuscle,2783,1011,47617,82810.86222244665,1.7786378860473633,../network_data/subpopulations_in_progress/FA1_MYL9_smoothmuscle/FA1_MYL9_smoothmuscle_2783_nodelist.csv,../network_data/subpopulations_in_progress/FA1_MYL9_smoothmuscle/FA1_MYL9_smoothmuscle_2783_edgelist.csv
FA1_MYL9_smoothmuscle,1391,4504,579050,1342535.7151315163,38.68226099014282,../network_data/subpopulations_in_progress/FA1_MYL9_smoothmuscle/FA1_MYL9_smoothmuscle_1391_nodelist.csv,../network_data/subpopulations_in_progress/FA1_MYL9_smoothmuscle/FA1_MYL9_smoothmuscle_1391_edgelist.csv
FA1_MYL9_smoothmuscle,1684,1708,120870,221549.402054127,5.523195028305054,../network_data/subpopulations_in_progress/FA1_MYL9_smoothmuscle/FA1_MYL9_smoothmuscle_1684_nodelist.csv,../network_data/subpopulations_in_progress/FA1_MYL9_smoothmuscle/FA1_MYL9_smoothmuscle_1684_edgelist.csv
FA1_MYL9_smoothmuscle,4105,2737,286463,608085.8570086763,14.716769933700562,../network_data/subpopulations_in_progress/FA1_MYL9_smoothmuscle/FA1_MYL9_smoothmuscle_4105_nodelist.csv,../network_data/subpopulations_in_progress/FA1_MYL9_smoothmuscle/FA1_MYL9_smoothmuscle_4105_edgelist.csv
FA1_MYL9_smoothmuscle,2523,3376,430826,932763.4428318999,23.567203998565674,../network_data/subpopulations_in_progress/FA1_MYL9_smoothmuscle/FA1_MYL9_smoothmuscle_2523_nodelist.csv,../network_data/subpopulations_in_progress/FA1_MYL9_smoothmuscle/FA1_MYL9_smoothmuscle_2523_edgelist.csv
FA1_MYL9_smoothmuscle,2636,1747,125468,265452.3399234922,5.831348896026611,../network_data/subpopulations_in_progress/FA1_MYL9_smoothmuscle/FA1_MYL9_smoothmuscle_2636_nodelist.csv,../network_data/subpopulations_in_progress/FA1_MYL9_smoothmuscle/FA1_MYL9_smoothmuscle_2636_edgelist.csv
FA1_MYL9_smoothmuscle,834,4710,668375,1600461.209042966,42.751567125320435,../network_data/subpopulations_in_progress/FA1_MYL9_smoothmuscle/FA1_MYL9_smoothmuscle_834_nodelist.csv,../network_data/subpopulations_in_progress/FA1_MYL9_smoothmuscle/FA1_MYL9_smoothmuscle_834_edgelist.csv
FA1_MYL9_smoothmuscle,2450,4191,546640,1285001.974424537,37.371217012405396,../network_data/subpopulations_in_progress/FA1_MYL9_smoothmuscle/FA1_MYL9_smoothmuscle_2450_nodelist.csv,../network_data/subpopulations_in_progress/FA1_MYL9_smoothmuscle/FA1_MYL9_smoothmuscle_2450_edgelist.csv
FA1_MYL9_smoothmuscle,4950,2335,203933,429458.18751588574,10.221073150634766,../network_data/subpopulations_in_progress/FA1_MYL9_smoothmuscle/FA1_MYL9_smoothmuscle_4950_nodelist.csv,../network_data/subpopulations_in_progress/FA1_MYL9_smoothmuscle/FA1_MYL9_smoothmuscle_4950_edgelist.csv
FA1_MYL9_smoothmuscle,2684,1021,39426,70244.09200293993,1.8984670639038086,../network_data/subpopulations_in_progress/FA1_MYL9_smoothmuscle/FA1_MYL9_smoothmuscle_2684_nodelist.csv,../network_data/subpopulations_in_progress/FA1_MYL9_smoothmuscle/FA1_MYL9_smoothmuscle_2684_edgelist.csv
FA1_MYL9_smoothmuscle,4421,3275,381514,850746.2803426805,22.214436054229736,../network_data/subpopulations_in_progress/FA1_MYL9_smoothmuscle/FA1_MYL9_smoothmuscle_4421_nodelist.csv,../network_data/subpopulations_in_progress/FA1_MYL9_smoothmuscle/FA1_MYL9_smoothmuscle_4421_edgelist.csv
FA1_MYL9_smoothmuscle,766,2922,284434,580992.6847975361,15.255573987960815,../network_data/subpopulations_in_progress/FA1_MYL9_smoothmuscle/FA1_MYL9_smoothmuscle_766_nodelist.csv,../network_data/subpopulations_in_progress/FA1_MYL9_smoothmuscle/FA1_MYL9_smoothmuscle_766_edgelist.csv
FA1_MYL9_smoothmuscle,1915,4422,557720,1337141.7726068464,37.48225283622742,../network_data/subpopulations_in_progress/FA1_MYL9_smoothmuscle/FA1_MYL9_smoothmuscle_1915_nodelist.csv,../network_data/subpopulations_in_progress/FA1_MYL9_smoothmuscle/FA1_MYL9_smoothmuscle_1915_edgelist.csv
FA1_MYL9_smoothmuscle,3530,1491,89603,171030.24233958375,4.303972005844116,../network_data/subpopulations_in_progress/FA1_MYL9_smoothmuscle/FA1_MYL9_smoothmuscle_3530_nodelist.csv,../network_data/subpopulations_in_progress/FA1_MYL9_smoothmuscle/FA1_MYL9_smoothmuscle_3530_edgelist.csv
FA1_MYL9_smoothmuscle,2990,3493,415727,953550.0059486077,25.32636785507202,../network_data/subpopulations_in_progress/FA1_MYL9_smoothmuscle/FA1_MYL9_smoothmuscle_2990_nodelist.csv,../network_data/subpopulations_in_progress/FA1_MYL9_smoothmuscle/FA1_MYL9_smoothmuscle_2990_edgelist.csv
FA1_MYL9_smoothmuscle,41,3645,404532,912651.4616419714,26.90608501434326,../network_data/subpopulations_in_progress/FA1_MYL9_smoothmuscle/FA1_MYL9_smoothmuscle_41_nodelist.csv,../network_data/subpopulations_in_progress/FA1_MYL9_smoothmuscle/FA1_MYL9_smoothmuscle_41_edgelist.csv
FA1_MYL9_smoothmuscle,475,1613,108089,202154.6186497043,4.906047105789185,../network_data/subpopulations_in_progress/FA1_MYL9_smoothmuscle/FA1_MYL9_smoothmuscle_475_nodelist.csv,../network_data/subpopulations_in_progress/FA1_MYL9_smoothmuscle/FA1_MYL9_smoothmuscle_475_edgelist.csv
FA1_MYL9_smoothmuscle,1892,3389,417656,932739.3965751752,23.706395864486694,../network_data/subpopulations_in_progress/FA1_MYL9_smoothmuscle/FA1_MYL9_smoothmuscle_1892_nodelist.csv,../network_data/subpopulations_in_progress/FA1_MYL9_smoothmuscle/FA1_MYL9_smoothmuscle_1892_edgelist.csv
