subpopulation,cell_num,num_nodes,num_edges,giulia_spatial_entropy,runtime,nodelist,edgelist
FA3_ProliferatingMuSC_P-M+,7107,2866,268647,587229.8666777986,21.10594606399536,../network_data/subpopulations_in_progress/FA3_ProliferatingMuSC_P-M+/FA3_ProliferatingMuSC_P-M+_7107_nodelist.csv,../network_data/subpopulations_in_progress/FA3_ProliferatingMuSC_P-M+/FA3_ProliferatingMuSC_P-M+_7107_edgelist.csv
FA3_ProliferatingMuSC_P-M+,3455,3606,499763,1104764.678538583,44.0022029876709,../network_data/subpopulations_in_progress/FA3_ProliferatingMuSC_P-M+/FA3_ProliferatingMuSC_P-M+_3455_nodelist.csv,../network_data/subpopulations_in_progress/FA3_ProliferatingMuSC_P-M+/FA3_ProliferatingMuSC_P-M+_3455_edgelist.csv
FA3_ProliferatingMuSC_P-M+,382,1949,167789,337610.28378305724,13.119336128234863,../network_data/subpopulations_in_progress/FA3_ProliferatingMuSC_P-M+/FA3_ProliferatingMuSC_P-M+_382_nodelist.csv,../network_data/subpopulations_in_progress/FA3_ProliferatingMuSC_P-M+/FA3_ProliferatingMuSC_P-M+_382_edgelist.csv
FA3_ProliferatingMuSC_P-M+,5526,2869,294499,620162.1200738196,34.88034701347351,../network_data/subpopulations_in_progress/FA3_ProliferatingMuSC_P-M+/FA3_ProliferatingMuSC_P-M+_5526_nodelist.csv,../network_data/subpopulations_in_progress/FA3_ProliferatingMuSC_P-M+/FA3_ProliferatingMuSC_P-M+_5526_edgelist.csv
FA3_ProliferatingMuSC_P-M+,5631,1177,73443,122796.29819538331,4.405117988586426,../network_data/subpopulations_in_progress/FA3_ProliferatingMuSC_P-M+/FA3_ProliferatingMuSC_P-M+_5631_nodelist.csv,../network_data/subpopulations_in_progress/FA3_ProliferatingMuSC_P-M+/FA3_ProliferatingMuSC_P-M+_5631_edgelist.csv
FA3_ProliferatingMuSC_P-M+,3714,4808,741547,1800628.4379634967,70.19608616828918,../network_data/subpopulations_in_progress/FA3_ProliferatingMuSC_P-M+/FA3_ProliferatingMuSC_P-M+_3714_nodelist.csv,../network_data/subpopulations_in_progress/FA3_ProliferatingMuSC_P-M+/FA3_ProliferatingMuSC_P-M+_3714_edgelist.csv
